X,Y,Risk
-50.00,-50.00,0.000000
-49.50,-50.00,0.000000
-48.99,-50.00,0.000000
-48.49,-50.00,0.000000
-47.99,-50.00,0.000000
-47.49,-50.00,0.000000
-46.98,-50.00,0.000000
-46.48,-50.00,0.000000
-45.98,-50.00,0.000000
-45.48,-50.00,0.000000
-44.97,-50.00,0.000000
-44.47,-50.00,0.000000
-43.97,-50.00,0.000000
-43.47,-50.00,0.000000
-42.96,-50.00,0.000000
-42.46,-50.00,0.000000
-41.96,-50.00,0.000000
-41.46,-50.00,0.000000
-40.95,-50.00,0.000000
-40.45,-50.00,0.000000
-39.95,-50.00,0.000000
-39.45,-50.00,0.000000
-38.94,-50.00,0.000000
-38.44,-50.00,0.000000
-37.94,-50.00,0.000000
-37.44,-50.00,0.000000
-36.93,-50.00,0.000000
-36.43,-50.00,0.000000
-35.93,-50.00,0.000000
-35.43,-50.00,0.000000
-34.92,-50.00,0.000000
-34.42,-50.00,0.000000
-33.92,-50.00,0.000000
-33.42,-50.00,0.000000
-32.91,-50.00,0.000000
-32.41,-50.00,0.000000
-31.91,-50.00,0.000000
-31.41,-50.00,0.000000
-30.90,-50.00,0.000000
-30.40,-50.00,0.000000
-29.90,-50.00,0.000000
-29.40,-50.00,0.000000
-28.89,-50.00,0.000000
-28.39,-50.00,0.000000
-27.89,-50.00,0.000000
-27.39,-50.00,0.000000
-26.88,-50.00,0.000000
-26.38,-50.00,0.000000
-25.88,-50.00,0.000000
-25.38,-50.00,0.000000
-24.87,-50.00,0.000000
-24.37,-50.00,0.000000
-23.87,-50.00,0.000000
-23.37,-50.00,0.000000
-22.86,-50.00,0.000000
-22.36,-50.00,0.000000
-21.86,-50.00,0.000000
-21.36,-50.00,0.000000
-20.85,-50.00,0.000000
-20.35,-50.00,0.000000
-19.85,-50.00,0.000000
-19.35,-50.00,0.000000
-18.84,-50.00,0.000000
-18.34,-50.00,0.000000
-17.84,-50.00,0.000000
-17.34,-50.00,0.000000
-16.83,-50.00,0.000000
-16.33,-50.00,0.000000
-15.83,-50.00,0.000000
-15.33,-50.00,0.000000
-14.82,-50.00,0.000000
-14.32,-50.00,0.000000
-13.82,-50.00,0.000000
-13.32,-50.00,0.000000
-12.81,-50.00,0.000000
-12.31,-50.00,0.000000
-11.81,-50.00,0.000000
-11.31,-50.00,0.000000
-10.80,-50.00,0.000000
-10.30,-50.00,0.000000
-9.80,-50.00,0.000000
-9.30,-50.00,0.000000
-8.79,-50.00,0.000000
-8.29,-50.00,0.000000
-7.79,-50.00,0.000000
-7.29,-50.00,0.000000
-6.78,-50.00,0.000000
-6.28,-50.00,0.000000
-5.78,-50.00,0.000000
-5.28,-50.00,0.000000
-4.77,-50.00,0.000000
-4.27,-50.00,0.000000
-3.77,-50.00,0.000000
-3.27,-50.00,0.000000
-2.76,-50.00,0.000000
-2.26,-50.00,0.000000
-1.76,-50.00,0.000000
-1.26,-50.00,0.000000
-0.75,-50.00,0.000000
-0.25,-50.00,0.000000
0.25,-50.00,0.001328
0.75,-50.00,0.003983
1.26,-50.00,0.006637
1.76,-50.00,0.009289
2.26,-50.00,0.011938
2.76,-50.00,0.014584
3.27,-50.00,0.017225
3.77,-50.00,0.019861
4.27,-50.00,0.022491
4.77,-50.00,0.025115
5.28,-50.00,0.027731
5.78,-50.00,0.030338
6.28,-50.00,0.032937
6.78,-50.00,0.035526
7.29,-50.00,0.038105
7.79,-50.00,0.040672
8.29,-50.00,0.043228
8.79,-50.00,0.045772
9.30,-50.00,0.048302
9.80,-50.00,0.050819
10.30,-50.00,0.053321
10.80,-50.00,0.055809
11.31,-50.00,0.058281
11.81,-50.00,0.060737
12.31,-50.00,0.063177
12.81,-50.00,0.065600
13.32,-50.00,0.068005
13.82,-50.00,0.070392
14.32,-50.00,0.072761
14.82,-50.00,0.075111
15.33,-50.00,0.077441
15.83,-50.00,0.079752
16.33,-50.00,0.082044
16.83,-50.00,0.084314
17.34,-50.00,0.086565
17.84,-50.00,0.088794
18.34,-50.00,0.091002
18.84,-50.00,0.093189
19.35,-50.00,0.095354
19.85,-50.00,0.097497
20.35,-50.00,0.099618
20.85,-50.00,0.101717
21.36,-50.00,0.103794
21.86,-50.00,0.105848
22.36,-50.00,0.107880
22.86,-50.00,0.109889
23.37,-50.00,0.111875
23.87,-50.00,0.113838
24.37,-50.00,0.115778
24.87,-50.00,0.117696
25.38,-50.00,0.119590
25.88,-50.00,0.121462
26.38,-50.00,0.123310
26.88,-50.00,0.125136
27.39,-50.00,0.126939
27.89,-50.00,0.128720
28.39,-50.00,0.130477
28.89,-50.00,0.132212
29.40,-50.00,0.133925
29.90,-50.00,0.135615
30.40,-50.00,0.137282
30.90,-50.00,0.138928
31.41,-50.00,0.140551
31.91,-50.00,0.142153
32.41,-50.00,0.143733
32.91,-50.00,0.145291
33.42,-50.00,0.146828
33.92,-50.00,0.148344
34.42,-50.00,0.149838
34.92,-50.00,0.151312
35.43,-50.00,0.152765
35.93,-50.00,0.154197
36.43,-50.00,0.155609
36.93,-50.00,0.157001
37.44,-50.00,0.158373
37.94,-50.00,0.159726
38.44,-50.00,0.161059
38.94,-50.00,0.162372
39.45,-50.00,0.163667
39.95,-50.00,0.164942
40.45,-50.00,0.166199
40.95,-50.00,0.167438
41.46,-50.00,0.168659
41.96,-50.00,0.169861
42.46,-50.00,0.171046
42.96,-50.00,0.172213
43.47,-50.00,0.173363
43.97,-50.00,0.174496
44.47,-50.00,0.175612
44.97,-50.00,0.176712
45.48,-50.00,0.177795
45.98,-50.00,0.178862
46.48,-50.00,0.179914
46.98,-50.00,0.180949
47.49,-50.00,0.181969
47.99,-50.00,0.182974
48.49,-50.00,0.183964
48.99,-50.00,0.184939
49.50,-50.00,0.185899
50.00,-50.00,0.186845
-50.00,-49.50,0.000000
-49.50,-49.50,0.000000
-48.99,-49.50,0.000000
-48.49,-49.50,0.000000
-47.99,-49.50,0.000000
-47.49,-49.50,0.000000
-46.98,-49.50,0.000000
-46.48,-49.50,0.000000
-45.98,-49.50,0.000000
-45.48,-49.50,0.000000
-44.97,-49.50,0.000000
-44.47,-49.50,0.000000
-43.97,-49.50,0.000000
-43.47,-49.50,0.000000
-42.96,-49.50,0.000000
-42.46,-49.50,0.000000
-41.96,-49.50,0.000000
-41.46,-49.50,0.000000
-40.95,-49.50,0.000000
-40.45,-49.50,0.000000
-39.95,-49.50,0.000000
-39.45,-49.50,0.000000
-38.94,-49.50,0.000000
-38.44,-49.50,0.000000
-37.94,-49.50,0.000000
-37.44,-49.50,0.000000
-36.93,-49.50,0.000000
-36.43,-49.50,0.000000
-35.93,-49.50,0.000000
-35.43,-49.50,0.000000
-34.92,-49.50,0.000000
-34.42,-49.50,0.000000
-33.92,-49.50,0.000000
-33.42,-49.50,0.000000
-32.91,-49.50,0.000000
-32.41,-49.50,0.000000
-31.91,-49.50,0.000000
-31.41,-49.50,0.000000
-30.90,-49.50,0.000000
-30.40,-49.50,0.000000
-29.90,-49.50,0.000000
-29.40,-49.50,0.000000
-28.89,-49.50,0.000000
-28.39,-49.50,0.000000
-27.89,-49.50,0.000000
-27.39,-49.50,0.000000
-26.88,-49.50,0.000000
-26.38,-49.50,0.000000
-25.88,-49.50,0.000000
-25.38,-49.50,0.000000
-24.87,-49.50,0.000000
-24.37,-49.50,0.000000
-23.87,-49.50,0.000000
-23.37,-49.50,0.000000
-22.86,-49.50,0.000000
-22.36,-49.50,0.000000
-21.86,-49.50,0.000000
-21.36,-49.50,0.000000
-20.85,-49.50,0.000000
-20.35,-49.50,0.000000
-19.85,-49.50,0.000000
-19.35,-49.50,0.000000
-18.84,-49.50,0.000000
-18.34,-49.50,0.000000
-17.84,-49.50,0.000000
-17.34,-49.50,0.000000
-16.83,-49.50,0.000000
-16.33,-49.50,0.000000
-15.83,-49.50,0.000000
-15.33,-49.50,0.000000
-14.82,-49.50,0.000000
-14.32,-49.50,0.000000
-13.82,-49.50,0.000000
-13.32,-49.50,0.000000
-12.81,-49.50,0.000000
-12.31,-49.50,0.000000
-11.81,-49.50,0.000000
-11.31,-49.50,0.000000
-10.80,-49.50,0.000000
-10.30,-49.50,0.000000
-9.80,-49.50,0.000000
-9.30,-49.50,0.000000
-8.79,-49.50,0.000000
-8.29,-49.50,0.000000
-7.79,-49.50,0.000000
-7.29,-49.50,0.000000
-6.78,-49.50,0.000000
-6.28,-49.50,0.000000
-5.78,-49.50,0.000000
-5.28,-49.50,0.000000
-4.77,-49.50,0.000000
-4.27,-49.50,0.000000
-3.77,-49.50,0.000000
-3.27,-49.50,0.000000
-2.76,-49.50,0.000000
-2.26,-49.50,0.000000
-1.76,-49.50,0.000000
-1.26,-49.50,0.000000
-0.75,-49.50,0.000000
-0.25,-49.50,0.000000
0.25,-49.50,0.001341
0.75,-49.50,0.004023
1.26,-49.50,0.006704
1.76,-49.50,0.009383
2.26,-49.50,0.012059
2.76,-49.50,0.014732
3.27,-49.50,0.017399
3.77,-49.50,0.020062
4.27,-49.50,0.022718
4.77,-49.50,0.025367
5.28,-49.50,0.028009
5.78,-49.50,0.030642
6.28,-49.50,0.033266
6.78,-49.50,0.035880
7.29,-49.50,0.038483
7.79,-49.50,0.041075
8.29,-49.50,0.043655
8.79,-49.50,0.046222
9.30,-49.50,0.048776
9.80,-49.50,0.051315
10.30,-49.50,0.053840
10.80,-49.50,0.056350
11.31,-49.50,0.058844
11.81,-49.50,0.061321
12.31,-49.50,0.063781
12.81,-49.50,0.066224
13.32,-49.50,0.068649
13.82,-49.50,0.071055
14.32,-49.50,0.073443
14.82,-49.50,0.075811
15.33,-49.50,0.078159
15.83,-49.50,0.080487
16.33,-49.50,0.082795
16.83,-49.50,0.085082
17.34,-49.50,0.087348
17.84,-49.50,0.089592
18.34,-49.50,0.091815
18.84,-49.50,0.094016
19.35,-49.50,0.096194
19.85,-49.50,0.098351
20.35,-49.50,0.100484
20.85,-49.50,0.102595
21.36,-49.50,0.104683
21.86,-49.50,0.106748
22.36,-49.50,0.108790
22.86,-49.50,0.110809
23.37,-49.50,0.112804
23.87,-49.50,0.114776
24.37,-49.50,0.116725
24.87,-49.50,0.118650
25.38,-49.50,0.120552
25.88,-49.50,0.122431
26.38,-49.50,0.124286
26.88,-49.50,0.126118
27.39,-49.50,0.127927
27.89,-49.50,0.129713
28.39,-49.50,0.131475
28.89,-49.50,0.133214
29.40,-49.50,0.134931
29.90,-49.50,0.136625
30.40,-49.50,0.138296
30.90,-49.50,0.139944
31.41,-49.50,0.141570
31.91,-49.50,0.143174
32.41,-49.50,0.144756
32.91,-49.50,0.146316
33.42,-49.50,0.147854
33.92,-49.50,0.149370
34.42,-49.50,0.150865
34.92,-49.50,0.152339
35.43,-49.50,0.153792
35.93,-49.50,0.155224
36.43,-49.50,0.156636
36.93,-49.50,0.158027
37.44,-49.50,0.159398
37.94,-49.50,0.160749
38.44,-49.50,0.162080
38.94,-49.50,0.163392
39.45,-49.50,0.164685
39.95,-49.50,0.165958
40.45,-49.50,0.167213
40.95,-49.50,0.168449
41.46,-49.50,0.169667
41.96,-49.50,0.170867
42.46,-49.50,0.172048
42.96,-49.50,0.173212
43.47,-49.50,0.174359
43.97,-49.50,0.175489
44.47,-49.50,0.176601
44.97,-49.50,0.177697
45.48,-49.50,0.178776
45.98,-49.50,0.179839
46.48,-49.50,0.180887
46.98,-49.50,0.181918
47.49,-49.50,0.182934
47.99,-49.50,0.183934
48.49,-49.50,0.184919
48.99,-49.50,0.185890
49.50,-49.50,0.186845
50.00,-49.50,0.187787
-50.00,-48.99,0.000000
-49.50,-48.99,0.000000
-48.99,-48.99,0.000000
-48.49,-48.99,0.000000
-47.99,-48.99,0.000000
-47.49,-48.99,0.000000
-46.98,-48.99,0.000000
-46.48,-48.99,0.000000
-45.98,-48.99,0.000000
-45.48,-48.99,0.000000
-44.97,-48.99,0.000000
-44.47,-48.99,0.000000
-43.97,-48.99,0.000000
-43.47,-48.99,0.000000
-42.96,-48.99,0.000000
-42.46,-48.99,0.000000
-41.96,-48.99,0.000000
-41.46,-48.99,0.000000
-40.95,-48.99,0.000000
-40.45,-48.99,0.000000
-39.95,-48.99,0.000000
-39.45,-48.99,0.000000
-38.94,-48.99,0.000000
-38.44,-48.99,0.000000
-37.94,-48.99,0.000000
-37.44,-48.99,0.000000
-36.93,-48.99,0.000000
-36.43,-48.99,0.000000
-35.93,-48.99,0.000000
-35.43,-48.99,0.000000
-34.92,-48.99,0.000000
-34.42,-48.99,0.000000
-33.92,-48.99,0.000000
-33.42,-48.99,0.000000
-32.91,-48.99,0.000000
-32.41,-48.99,0.000000
-31.91,-48.99,0.000000
-31.41,-48.99,0.000000
-30.90,-48.99,0.000000
-30.40,-48.99,0.000000
-29.90,-48.99,0.000000
-29.40,-48.99,0.000000
-28.89,-48.99,0.000000
-28.39,-48.99,0.000000
-27.89,-48.99,0.000000
-27.39,-48.99,0.000000
-26.88,-48.99,0.000000
-26.38,-48.99,0.000000
-25.88,-48.99,0.000000
-25.38,-48.99,0.000000
-24.87,-48.99,0.000000
-24.37,-48.99,0.000000
-23.87,-48.99,0.000000
-23.37,-48.99,0.000000
-22.86,-48.99,0.000000
-22.36,-48.99,0.000000
-21.86,-48.99,0.000000
-21.36,-48.99,0.000000
-20.85,-48.99,0.000000
-20.35,-48.99,0.000000
-19.85,-48.99,0.000000
-19.35,-48.99,0.000000
-18.84,-48.99,0.000000
-18.34,-48.99,0.000000
-17.84,-48.99,0.000000
-17.34,-48.99,0.000000
-16.83,-48.99,0.000000
-16.33,-48.99,0.000000
-15.83,-48.99,0.000000
-15.33,-48.99,0.000000
-14.82,-48.99,0.000000
-14.32,-48.99,0.000000
-13.82,-48.99,0.000000
-13.32,-48.99,0.000000
-12.81,-48.99,0.000000
-12.31,-48.99,0.000000
-11.81,-48.99,0.000000
-11.31,-48.99,0.000000
-10.80,-48.99,0.000000
-10.30,-48.99,0.000000
-9.80,-48.99,0.000000
-9.30,-48.99,0.000000
-8.79,-48.99,0.000000
-8.29,-48.99,0.000000
-7.79,-48.99,0.000000
-7.29,-48.99,0.000000
-6.78,-48.99,0.000000
-6.28,-48.99,0.000000
-5.78,-48.99,0.000000
-5.28,-48.99,0.000000
-4.77,-48.99,0.000000
-4.27,-48.99,0.000000
-3.77,-48.99,0.000000
-3.27,-48.99,0.000000
-2.76,-48.99,0.000000
-2.26,-48.99,0.000000
-1.76,-48.99,0.000000
-1.26,-48.99,0.000000
-0.75,-48.99,0.000000
-0.25,-48.99,0.000000
0.25,-48.99,0.001355
0.75,-48.99,0.004065
1.26,-48.99,0.006773
1.76,-48.99,0.009479
2.26,-48.99,0.012183
2.76,-48.99,0.014882
3.27,-48.99,0.017577
3.77,-48.99,0.020266
4.27,-48.99,0.022949
4.77,-48.99,0.025625
5.28,-48.99,0.028293
5.78,-48.99,0.030952
6.28,-48.99,0.033602
6.78,-48.99,0.036241
7.29,-48.99,0.038870
7.79,-48.99,0.041486
8.29,-48.99,0.044090
8.79,-48.99,0.046682
9.30,-48.99,0.049259
9.80,-48.99,0.051822
10.30,-48.99,0.054369
10.80,-48.99,0.056901
11.31,-48.99,0.059417
11.81,-48.99,0.061915
12.31,-48.99,0.064397
12.81,-48.99,0.066860
13.32,-48.99,0.069305
13.82,-48.99,0.071730
14.32,-48.99,0.074137
14.82,-48.99,0.076523
15.33,-48.99,0.078890
15.83,-48.99,0.081235
16.33,-48.99,0.083560
16.83,-48.99,0.085863
17.34,-48.99,0.088145
17.84,-48.99,0.090404
18.34,-48.99,0.092641
18.84,-48.99,0.094856
19.35,-48.99,0.097048
19.85,-48.99,0.099218
20.35,-48.99,0.101364
20.85,-48.99,0.103487
21.36,-48.99,0.105586
21.86,-48.99,0.107662
22.36,-48.99,0.109714
22.86,-48.99,0.111743
23.37,-48.99,0.113748
23.87,-48.99,0.115729
24.37,-48.99,0.117686
24.87,-48.99,0.119619
25.38,-48.99,0.121528
25.88,-48.99,0.123414
26.38,-48.99,0.125276
26.88,-48.99,0.127114
27.39,-48.99,0.128928
27.89,-48.99,0.130719
28.39,-48.99,0.132486
28.89,-48.99,0.134230
29.40,-48.99,0.135950
29.90,-48.99,0.137647
30.40,-48.99,0.139321
30.90,-48.99,0.140972
31.41,-48.99,0.142601
31.91,-48.99,0.144207
32.41,-48.99,0.145790
32.91,-48.99,0.147351
33.42,-48.99,0.148890
33.92,-48.99,0.150408
34.42,-48.99,0.151903
34.92,-48.99,0.153377
35.43,-48.99,0.154830
35.93,-48.99,0.156261
36.43,-48.99,0.157672
36.93,-48.99,0.159062
37.44,-48.99,0.160432
37.94,-48.99,0.161782
38.44,-48.99,0.163111
38.94,-48.99,0.164421
39.45,-48.99,0.165712
39.95,-48.99,0.166983
40.45,-48.99,0.168235
40.95,-48.99,0.169468
41.46,-48.99,0.170683
41.96,-48.99,0.171880
42.46,-48.99,0.173058
42.96,-48.99,0.174219
43.47,-48.99,0.175362
43.97,-48.99,0.176488
44.47,-48.99,0.177597
44.97,-48.99,0.178688
45.48,-48.99,0.179764
45.98,-48.99,0.180823
46.48,-48.99,0.181865
46.98,-48.99,0.182892
47.49,-48.99,0.183903
47.99,-48.99,0.184899
48.49,-48.99,0.185880
48.99,-48.99,0.186845
49.50,-48.99,0.187796
50.00,-48.99,0.188732
-50.00,-48.49,0.000000
-49.50,-48.49,0.000000
-48.99,-48.49,0.000000
-48.49,-48.49,0.000000
-47.99,-48.49,0.000000
-47.49,-48.49,0.000000
-46.98,-48.49,0.000000
-46.48,-48.49,0.000000
-45.98,-48.49,0.000000
-45.48,-48.49,0.000000
-44.97,-48.49,0.000000
-44.47,-48.49,0.000000
-43.97,-48.49,0.000000
-43.47,-48.49,0.000000
-42.96,-48.49,0.000000
-42.46,-48.49,0.000000
-41.96,-48.49,0.000000
-41.46,-48.49,0.000000
-40.95,-48.49,0.000000
-40.45,-48.49,0.000000
-39.95,-48.49,0.000000
-39.45,-48.49,0.000000
-38.94,-48.49,0.000000
-38.44,-48.49,0.000000
-37.94,-48.49,0.000000
-37.44,-48.49,0.000000
-36.93,-48.49,0.000000
-36.43,-48.49,0.000000
-35.93,-48.49,0.000000
-35.43,-48.49,0.000000
-34.92,-48.49,0.000000
-34.42,-48.49,0.000000
-33.92,-48.49,0.000000
-33.42,-48.49,0.000000
-32.91,-48.49,0.000000
-32.41,-48.49,0.000000
-31.91,-48.49,0.000000
-31.41,-48.49,0.000000
-30.90,-48.49,0.000000
-30.40,-48.49,0.000000
-29.90,-48.49,0.000000
-29.40,-48.49,0.000000
-28.89,-48.49,0.000000
-28.39,-48.49,0.000000
-27.89,-48.49,0.000000
-27.39,-48.49,0.000000
-26.88,-48.49,0.000000
-26.38,-48.49,0.000000
-25.88,-48.49,0.000000
-25.38,-48.49,0.000000
-24.87,-48.49,0.000000
-24.37,-48.49,0.000000
-23.87,-48.49,0.000000
-23.37,-48.49,0.000000
-22.86,-48.49,0.000000
-22.36,-48.49,0.000000
-21.86,-48.49,0.000000
-21.36,-48.49,0.000000
-20.85,-48.49,0.000000
-20.35,-48.49,0.000000
-19.85,-48.49,0.000000
-19.35,-48.49,0.000000
-18.84,-48.49,0.000000
-18.34,-48.49,0.000000
-17.84,-48.49,0.000000
-17.34,-48.49,0.000000
-16.83,-48.49,0.000000
-16.33,-48.49,0.000000
-15.83,-48.49,0.000000
-15.33,-48.49,0.000000
-14.82,-48.49,0.000000
-14.32,-48.49,0.000000
-13.82,-48.49,0.000000
-13.32,-48.49,0.000000
-12.81,-48.49,0.000000
-12.31,-48.49,0.000000
-11.81,-48.49,0.000000
-11.31,-48.49,0.000000
-10.80,-48.49,0.000000
-10.30,-48.49,0.000000
-9.80,-48.49,0.000000
-9.30,-48.49,0.000000
-8.79,-48.49,0.000000
-8.29,-48.49,0.000000
-7.79,-48.49,0.000000
-7.29,-48.49,0.000000
-6.78,-48.49,0.000000
-6.28,-48.49,0.000000
-5.78,-48.49,0.000000
-5.28,-48.49,0.000000
-4.77,-48.49,0.000000
-4.27,-48.49,0.000000
-3.77,-48.49,0.000000
-3.27,-48.49,0.000000
-2.76,-48.49,0.000000
-2.26,-48.49,0.000000
-1.76,-48.49,0.000000
-1.26,-48.49,0.000000
-0.75,-48.49,0.000000
-0.25,-48.49,0.000000
0.25,-48.49,0.001369
0.75,-48.49,0.004107
1.26,-48.49,0.006843
1.76,-48.49,0.009578
2.26,-48.49,0.012309
2.76,-48.49,0.015036
3.27,-48.49,0.017758
3.77,-48.49,0.020475
4.27,-48.49,0.023185
4.77,-48.49,0.025888
5.28,-48.49,0.028583
5.78,-48.49,0.031268
6.28,-48.49,0.033944
6.78,-48.49,0.036610
7.29,-48.49,0.039264
7.79,-48.49,0.041905
8.29,-48.49,0.044534
8.79,-48.49,0.047150
9.30,-48.49,0.049751
9.80,-48.49,0.052338
10.30,-48.49,0.054908
10.80,-48.49,0.057463
11.31,-48.49,0.060001
11.81,-48.49,0.062521
12.31,-48.49,0.065024
12.81,-48.49,0.067508
13.32,-48.49,0.069973
13.82,-48.49,0.072418
14.32,-48.49,0.074844
14.82,-48.49,0.077249
15.33,-48.49,0.079633
15.83,-48.49,0.081996
16.33,-48.49,0.084338
16.83,-48.49,0.086657
17.34,-48.49,0.088955
17.84,-48.49,0.091230
18.34,-48.49,0.093482
18.84,-48.49,0.095711
19.35,-48.49,0.097917
19.85,-48.49,0.100099
20.35,-48.49,0.102258
20.85,-48.49,0.104392
21.36,-48.49,0.106503
21.86,-48.49,0.108590
22.36,-48.49,0.110653
22.86,-48.49,0.112691
23.37,-48.49,0.114705
23.87,-48.49,0.116695
24.37,-48.49,0.118660
24.87,-48.49,0.120601
25.38,-48.49,0.122518
25.88,-48.49,0.124411
26.38,-48.49,0.126279
26.88,-48.49,0.128122
27.39,-48.49,0.129942
27.89,-48.49,0.131738
28.39,-48.49,0.133510
28.89,-48.49,0.135257
29.40,-48.49,0.136982
29.90,-48.49,0.138682
30.40,-48.49,0.140359
30.90,-48.49,0.142013
31.41,-48.49,0.143644
31.91,-48.49,0.145251
32.41,-48.49,0.146836
32.91,-48.49,0.148398
33.42,-48.49,0.149938
33.92,-48.49,0.151456
34.42,-48.49,0.152952
34.92,-48.49,0.154425
35.43,-48.49,0.155878
35.93,-48.49,0.157309
36.43,-48.49,0.158719
36.93,-48.49,0.160108
37.44,-48.49,0.161476
37.94,-48.49,0.162824
38.44,-48.49,0.164151
38.94,-48.49,0.165459
39.45,-48.49,0.166747
39.95,-48.49,0.168016
40.45,-48.49,0.169265
40.95,-48.49,0.170496
41.46,-48.49,0.171707
41.96,-48.49,0.172901
42.46,-48.49,0.174076
42.96,-48.49,0.175233
43.47,-48.49,0.176372
43.97,-48.49,0.177494
44.47,-48.49,0.178599
44.97,-48.49,0.179686
45.48,-48.49,0.180757
45.98,-48.49,0.181812
46.48,-48.49,0.182850
46.98,-48.49,0.183872
47.49,-48.49,0.184879
47.99,-48.49,0.185870
48.49,-48.49,0.186845
48.99,-48.49,0.187806
49.50,-48.49,0.188752
50.00,-48.49,0.189683
-50.00,-47.99,0.000000
-49.50,-47.99,0.000000
-48.99,-47.99,0.000000
-48.49,-47.99,0.000000
-47.99,-47.99,0.000000
-47.49,-47.99,0.000000
-46.98,-47.99,0.000000
-46.48,-47.99,0.000000
-45.98,-47.99,0.000000
-45.48,-47.99,0.000000
-44.97,-47.99,0.000000
-44.47,-47.99,0.000000
-43.97,-47.99,0.000000
-43.47,-47.99,0.000000
-42.96,-47.99,0.000000
-42.46,-47.99,0.000000
-41.96,-47.99,0.000000
-41.46,-47.99,0.000000
-40.95,-47.99,0.000000
-40.45,-47.99,0.000000
-39.95,-47.99,0.000000
-39.45,-47.99,0.000000
-38.94,-47.99,0.000000
-38.44,-47.99,0.000000
-37.94,-47.99,0.000000
-37.44,-47.99,0.000000
-36.93,-47.99,0.000000
-36.43,-47.99,0.000000
-35.93,-47.99,0.000000
-35.43,-47.99,0.000000
-34.92,-47.99,0.000000
-34.42,-47.99,0.000000
-33.92,-47.99,0.000000
-33.42,-47.99,0.000000
-32.91,-47.99,0.000000
-32.41,-47.99,0.000000
-31.91,-47.99,0.000000
-31.41,-47.99,0.000000
-30.90,-47.99,0.000000
-30.40,-47.99,0.000000
-29.90,-47.99,0.000000
-29.40,-47.99,0.000000
-28.89,-47.99,0.000000
-28.39,-47.99,0.000000
-27.89,-47.99,0.000000
-27.39,-47.99,0.000000
-26.88,-47.99,0.000000
-26.38,-47.99,0.000000
-25.88,-47.99,0.000000
-25.38,-47.99,0.000000
-24.87,-47.99,0.000000
-24.37,-47.99,0.000000
-23.87,-47.99,0.000000
-23.37,-47.99,0.000000
-22.86,-47.99,0.000000
-22.36,-47.99,0.000000
-21.86,-47.99,0.000000
-21.36,-47.99,0.000000
-20.85,-47.99,0.000000
-20.35,-47.99,0.000000
-19.85,-47.99,0.000000
-19.35,-47.99,0.000000
-18.84,-47.99,0.000000
-18.34,-47.99,0.000000
-17.84,-47.99,0.000000
-17.34,-47.99,0.000000
-16.83,-47.99,0.000000
-16.33,-47.99,0.000000
-15.83,-47.99,0.000000
-15.33,-47.99,0.000000
-14.82,-47.99,0.000000
-14.32,-47.99,0.000000
-13.82,-47.99,0.000000
-13.32,-47.99,0.000000
-12.81,-47.99,0.000000
-12.31,-47.99,0.000000
-11.81,-47.99,0.000000
-11.31,-47.99,0.000000
-10.80,-47.99,0.000000
-10.30,-47.99,0.000000
-9.80,-47.99,0.000000
-9.30,-47.99,0.000000
-8.79,-47.99,0.000000
-8.29,-47.99,0.000000
-7.79,-47.99,0.000000
-7.29,-47.99,0.000000
-6.78,-47.99,0.000000
-6.28,-47.99,0.000000
-5.78,-47.99,0.000000
-5.28,-47.99,0.000000
-4.77,-47.99,0.000000
-4.27,-47.99,0.000000
-3.77,-47.99,0.000000
-3.27,-47.99,0.000000
-2.76,-47.99,0.000000
-2.26,-47.99,0.000000
-1.76,-47.99,0.000000
-1.26,-47.99,0.000000
-0.75,-47.99,0.000000
-0.25,-47.99,0.000000
0.25,-47.99,0.001383
0.75,-47.99,0.004150
1.26,-47.99,0.006915
1.76,-47.99,0.009678
2.26,-47.99,0.012437
2.76,-47.99,0.015193
3.27,-47.99,0.017943
3.77,-47.99,0.020688
4.27,-47.99,0.023426
4.77,-47.99,0.026156
5.28,-47.99,0.028878
5.78,-47.99,0.031591
6.28,-47.99,0.034294
6.78,-47.99,0.036985
7.29,-47.99,0.039665
7.79,-47.99,0.042333
8.29,-47.99,0.044987
8.79,-47.99,0.047628
9.30,-47.99,0.050253
9.80,-47.99,0.052864
10.30,-47.99,0.055458
10.80,-47.99,0.058036
11.31,-47.99,0.060596
11.81,-47.99,0.063139
12.31,-47.99,0.065663
12.81,-47.99,0.068168
13.32,-47.99,0.070653
13.82,-47.99,0.073119
14.32,-47.99,0.075564
14.82,-47.99,0.077988
15.33,-47.99,0.080390
15.83,-47.99,0.082771
16.33,-47.99,0.085130
16.83,-47.99,0.087466
17.34,-47.99,0.089779
17.84,-47.99,0.092070
18.34,-47.99,0.094337
18.84,-47.99,0.096580
19.35,-47.99,0.098799
19.85,-47.99,0.100995
20.35,-47.99,0.103166
20.85,-47.99,0.105313
21.36,-47.99,0.107435
21.86,-47.99,0.109533
22.36,-47.99,0.111606
22.86,-47.99,0.113654
23.37,-47.99,0.115677
23.87,-47.99,0.117676
24.37,-47.99,0.119649
24.87,-47.99,0.121598
25.38,-47.99,0.123522
25.88,-47.99,0.125421
26.38,-47.99,0.127295
26.88,-47.99,0.129145
27.39,-47.99,0.130970
27.89,-47.99,0.132770
28.39,-47.99,0.134547
28.89,-47.99,0.136298
29.40,-47.99,0.138026
29.90,-47.99,0.139730
30.40,-47.99,0.141409
30.90,-47.99,0.143066
31.41,-47.99,0.144698
31.91,-47.99,0.146308
32.41,-47.99,0.147894
32.91,-47.99,0.149457
33.42,-47.99,0.150997
33.92,-47.99,0.152515
34.42,-47.99,0.154011
34.92,-47.99,0.155484
35.43,-47.99,0.156936
35.93,-47.99,0.158366
36.43,-47.99,0.159775
36.93,-47.99,0.161162
37.44,-47.99,0.162529
37.94,-47.99,0.163875
38.44,-47.99,0.165201
38.94,-47.99,0.166506
39.45,-47.99,0.167791
39.95,-47.99,0.169057
40.45,-47.99,0.170304
40.95,-47.99,0.171531
41.46,-47.99,0.172739
41.96,-47.99,0.173929
42.46,-47.99,0.175100
42.96,-47.99,0.176254
43.47,-47.99,0.177389
43.97,-47.99,0.178507
44.47,-47.99,0.179607
44.97,-47.99,0.180690
45.48,-47.99,0.181757
45.98,-47.99,0.182807
46.48,-47.99,0.183840
46.98,-47.99,0.184858
47.49,-47.99,0.185859
47.99,-47.99,0.186845
48.49,-47.99,0.187816
48.99,-47.99,0.188771
49.50,-47.99,0.189712
50.00,-47.99,0.190638
-50.00,-47.49,0.000000
-49.50,-47.49,0.000000
-48.99,-47.49,0.000000
-48.49,-47.49,0.000000
-47.99,-47.49,0.000000
-47.49,-47.49,0.000000
-46.98,-47.49,0.000000
-46.48,-47.49,0.000000
-45.98,-47.49,0.000000
-45.48,-47.49,0.000000
-44.97,-47.49,0.000000
-44.47,-47.49,0.000000
-43.97,-47.49,0.000000
-43.47,-47.49,0.000000
-42.96,-47.49,0.000000
-42.46,-47.49,0.000000
-41.96,-47.49,0.000000
-41.46,-47.49,0.000000
-40.95,-47.49,0.000000
-40.45,-47.49,0.000000
-39.95,-47.49,0.000000
-39.45,-47.49,0.000000
-38.94,-47.49,0.000000
-38.44,-47.49,0.000000
-37.94,-47.49,0.000000
-37.44,-47.49,0.000000
-36.93,-47.49,0.000000
-36.43,-47.49,0.000000
-35.93,-47.49,0.000000
-35.43,-47.49,0.000000
-34.92,-47.49,0.000000
-34.42,-47.49,0.000000
-33.92,-47.49,0.000000
-33.42,-47.49,0.000000
-32.91,-47.49,0.000000
-32.41,-47.49,0.000000
-31.91,-47.49,0.000000
-31.41,-47.49,0.000000
-30.90,-47.49,0.000000
-30.40,-47.49,0.000000
-29.90,-47.49,0.000000
-29.40,-47.49,0.000000
-28.89,-47.49,0.000000
-28.39,-47.49,0.000000
-27.89,-47.49,0.000000
-27.39,-47.49,0.000000
-26.88,-47.49,0.000000
-26.38,-47.49,0.000000
-25.88,-47.49,0.000000
-25.38,-47.49,0.000000
-24.87,-47.49,0.000000
-24.37,-47.49,0.000000
-23.87,-47.49,0.000000
-23.37,-47.49,0.000000
-22.86,-47.49,0.000000
-22.36,-47.49,0.000000
-21.86,-47.49,0.000000
-21.36,-47.49,0.000000
-20.85,-47.49,0.000000
-20.35,-47.49,0.000000
-19.85,-47.49,0.000000
-19.35,-47.49,0.000000
-18.84,-47.49,0.000000
-18.34,-47.49,0.000000
-17.84,-47.49,0.000000
-17.34,-47.49,0.000000
-16.83,-47.49,0.000000
-16.33,-47.49,0.000000
-15.83,-47.49,0.000000
-15.33,-47.49,0.000000
-14.82,-47.49,0.000000
-14.32,-47.49,0.000000
-13.82,-47.49,0.000000
-13.32,-47.49,0.000000
-12.81,-47.49,0.000000
-12.31,-47.49,0.000000
-11.81,-47.49,0.000000
-11.31,-47.49,0.000000
-10.80,-47.49,0.000000
-10.30,-47.49,0.000000
-9.80,-47.49,0.000000
-9.30,-47.49,0.000000
-8.79,-47.49,0.000000
-8.29,-47.49,0.000000
-7.79,-47.49,0.000000
-7.29,-47.49,0.000000
-6.78,-47.49,0.000000
-6.28,-47.49,0.000000
-5.78,-47.49,0.000000
-5.28,-47.49,0.000000
-4.77,-47.49,0.000000
-4.27,-47.49,0.000000
-3.77,-47.49,0.000000
-3.27,-47.49,0.000000
-2.76,-47.49,0.000000
-2.26,-47.49,0.000000
-1.76,-47.49,0.000000
-1.26,-47.49,0.000000
-0.75,-47.49,0.000000
-0.25,-47.49,0.000000
0.25,-47.49,0.001398
0.75,-47.49,0.004194
1.26,-47.49,0.006988
1.76,-47.49,0.009780
2.26,-47.49,0.012569
2.76,-47.49,0.015353
3.27,-47.49,0.018132
3.77,-47.49,0.020906
4.27,-47.49,0.023672
4.77,-47.49,0.026431
5.28,-47.49,0.029180
5.78,-47.49,0.031921
6.28,-47.49,0.034650
6.78,-47.49,0.037369
7.29,-47.49,0.040076
7.79,-47.49,0.042769
8.29,-47.49,0.045449
8.79,-47.49,0.048115
9.30,-47.49,0.050766
9.80,-47.49,0.053400
10.30,-47.49,0.056019
10.80,-47.49,0.058620
11.31,-47.49,0.061203
11.81,-47.49,0.063768
12.31,-47.49,0.066314
12.81,-47.49,0.068840
13.32,-47.49,0.071347
13.82,-47.49,0.073832
14.32,-47.49,0.076297
14.82,-47.49,0.078740
15.33,-47.49,0.081161
15.83,-47.49,0.083560
16.33,-47.49,0.085936
16.83,-47.49,0.088289
17.34,-47.49,0.090618
17.84,-47.49,0.092924
18.34,-47.49,0.095206
18.84,-47.49,0.097463
19.35,-47.49,0.099697
19.85,-47.49,0.101905
20.35,-47.49,0.104089
20.85,-47.49,0.106248
21.36,-47.49,0.108381
21.86,-47.49,0.110490
22.36,-47.49,0.112573
22.86,-47.49,0.114631
23.37,-47.49,0.116664
23.87,-47.49,0.118671
24.37,-47.49,0.120652
24.87,-47.49,0.122609
25.38,-47.49,0.124540
25.88,-47.49,0.126445
26.38,-47.49,0.128326
26.88,-47.49,0.130181
27.39,-47.49,0.132011
27.89,-47.49,0.133816
28.39,-47.49,0.135597
28.89,-47.49,0.137352
29.40,-47.49,0.139083
29.90,-47.49,0.140790
30.40,-47.49,0.142472
30.90,-47.49,0.144131
31.41,-47.49,0.145765
31.91,-47.49,0.147376
32.41,-47.49,0.148963
32.91,-47.49,0.150527
33.42,-47.49,0.152068
33.92,-47.49,0.153586
34.42,-47.49,0.155081
34.92,-47.49,0.156554
35.43,-47.49,0.158005
35.93,-47.49,0.159434
36.43,-47.49,0.160841
36.93,-47.49,0.162227
37.44,-47.49,0.163592
37.94,-47.49,0.164936
38.44,-47.49,0.166259
38.94,-47.49,0.167562
39.45,-47.49,0.168844
39.95,-47.49,0.170107
40.45,-47.49,0.171350
40.95,-47.49,0.172574
41.46,-47.49,0.173779
41.96,-47.49,0.174965
42.46,-47.49,0.176132
42.96,-47.49,0.177282
43.47,-47.49,0.178413
43.97,-47.49,0.179526
44.47,-47.49,0.180622
44.97,-47.49,0.181701
45.48,-47.49,0.182763
45.98,-47.49,0.183808
46.48,-47.49,0.184836
46.98,-47.49,0.185849
47.49,-47.49,0.186845
47.99,-47.49,0.187826
48.49,-47.49,0.188791
48.99,-47.49,0.189742
49.50,-47.49,0.190677
50.00,-47.49,0.191597
-50.00,-46.98,0.000000
-49.50,-46.98,0.000000
-48.99,-46.98,0.000000
-48.49,-46.98,0.000000
-47.99,-46.98,0.000000
-47.49,-46.98,0.000000
-46.98,-46.98,0.000000
-46.48,-46.98,0.000000
-45.98,-46.98,0.000000
-45.48,-46.98,0.000000
-44.97,-46.98,0.000000
-44.47,-46.98,0.000000
-43.97,-46.98,0.000000
-43.47,-46.98,0.000000
-42.96,-46.98,0.000000
-42.46,-46.98,0.000000
-41.96,-46.98,0.000000
-41.46,-46.98,0.000000
-40.95,-46.98,0.000000
-40.45,-46.98,0.000000
-39.95,-46.98,0.000000
-39.45,-46.98,0.000000
-38.94,-46.98,0.000000
-38.44,-46.98,0.000000
-37.94,-46.98,0.000000
-37.44,-46.98,0.000000
-36.93,-46.98,0.000000
-36.43,-46.98,0.000000
-35.93,-46.98,0.000000
-35.43,-46.98,0.000000
-34.92,-46.98,0.000000
-34.42,-46.98,0.000000
-33.92,-46.98,0.000000
-33.42,-46.98,0.000000
-32.91,-46.98,0.000000
-32.41,-46.98,0.000000
-31.91,-46.98,0.000000
-31.41,-46.98,0.000000
-30.90,-46.98,0.000000
-30.40,-46.98,0.000000
-29.90,-46.98,0.000000
-29.40,-46.98,0.000000
-28.89,-46.98,0.000000
-28.39,-46.98,0.000000
-27.89,-46.98,0.000000
-27.39,-46.98,0.000000
-26.88,-46.98,0.000000
-26.38,-46.98,0.000000
-25.88,-46.98,0.000000
-25.38,-46.98,0.000000
-24.87,-46.98,0.000000
-24.37,-46.98,0.000000
-23.87,-46.98,0.000000
-23.37,-46.98,0.000000
-22.86,-46.98,0.000000
-22.36,-46.98,0.000000
-21.86,-46.98,0.000000
-21.36,-46.98,0.000000
-20.85,-46.98,0.000000
-20.35,-46.98,0.000000
-19.85,-46.98,0.000000
-19.35,-46.98,0.000000
-18.84,-46.98,0.000000
-18.34,-46.98,0.000000
-17.84,-46.98,0.000000
-17.34,-46.98,0.000000
-16.83,-46.98,0.000000
-16.33,-46.98,0.000000
-15.83,-46.98,0.000000
-15.33,-46.98,0.000000
-14.82,-46.98,0.000000
-14.32,-46.98,0.000000
-13.82,-46.98,0.000000
-13.32,-46.98,0.000000
-12.81,-46.98,0.000000
-12.31,-46.98,0.000000
-11.81,-46.98,0.000000
-11.31,-46.98,0.000000
-10.80,-46.98,0.000000
-10.30,-46.98,0.000000
-9.80,-46.98,0.000000
-9.30,-46.98,0.000000
-8.79,-46.98,0.000000
-8.29,-46.98,0.000000
-7.79,-46.98,0.000000
-7.29,-46.98,0.000000
-6.78,-46.98,0.000000
-6.28,-46.98,0.000000
-5.78,-46.98,0.000000
-5.28,-46.98,0.000000
-4.77,-46.98,0.000000
-4.27,-46.98,0.000000
-3.77,-46.98,0.000000
-3.27,-46.98,0.000000
-2.76,-46.98,0.000000
-2.26,-46.98,0.000000
-1.76,-46.98,0.000000
-1.26,-46.98,0.000000
-0.75,-46.98,0.000000
-0.25,-46.98,0.000000
0.25,-46.98,0.001413
0.75,-46.98,0.004239
1.26,-46.98,0.007063
1.76,-46.98,0.009884
2.26,-46.98,0.012703
2.76,-46.98,0.015517
3.27,-46.98,0.018325
3.77,-46.98,0.021128
4.27,-46.98,0.023923
4.77,-46.98,0.026710
5.28,-46.98,0.029489
5.78,-46.98,0.032257
6.28,-46.98,0.035015
6.78,-46.98,0.037761
7.29,-46.98,0.040494
7.79,-46.98,0.043215
8.29,-46.98,0.045921
8.79,-46.98,0.048612
9.30,-46.98,0.051288
9.80,-46.98,0.053948
10.30,-46.98,0.056591
10.80,-46.98,0.059216
11.31,-46.98,0.061822
11.81,-46.98,0.064410
12.31,-46.98,0.066978
12.81,-46.98,0.069526
13.32,-46.98,0.072053
13.82,-46.98,0.074559
14.32,-46.98,0.077044
14.82,-46.98,0.079506
15.33,-46.98,0.081946
15.83,-46.98,0.084363
16.33,-46.98,0.086756
16.83,-46.98,0.089126
17.34,-46.98,0.091472
17.84,-46.98,0.093793
18.34,-46.98,0.096090
18.84,-46.98,0.098362
19.35,-46.98,0.100609
19.85,-46.98,0.102831
20.35,-46.98,0.105027
20.85,-46.98,0.107198
21.36,-46.98,0.109343
21.86,-46.98,0.111462
22.36,-46.98,0.113556
22.86,-46.98,0.115623
23.37,-46.98,0.117665
23.87,-46.98,0.119681
24.37,-46.98,0.121670
24.87,-46.98,0.123634
25.38,-46.98,0.125572
25.88,-46.98,0.127484
26.38,-46.98,0.129371
26.88,-46.98,0.131231
27.39,-46.98,0.133067
27.89,-46.98,0.134876
28.39,-46.98,0.136661
28.89,-46.98,0.138420
29.40,-46.98,0.140154
29.90,-46.98,0.141864
30.40,-46.98,0.143548
30.90,-46.98,0.145208
31.41,-46.98,0.146844
31.91,-46.98,0.148456
32.41,-46.98,0.150044
32.91,-46.98,0.151609
33.42,-46.98,0.153150
33.92,-46.98,0.154668
34.42,-46.98,0.156163
34.92,-46.98,0.157635
35.43,-46.98,0.159085
35.93,-46.98,0.160512
36.43,-46.98,0.161918
36.93,-46.98,0.163302
37.44,-46.98,0.164664
37.94,-46.98,0.166006
38.44,-46.98,0.167326
38.94,-46.98,0.168626
39.45,-46.98,0.169906
39.95,-46.98,0.171165
40.45,-46.98,0.172405
40.95,-46.98,0.173625
41.46,-46.98,0.174826
41.96,-46.98,0.176008
42.46,-46.98,0.177172
42.96,-46.98,0.178317
43.47,-46.98,0.179443
43.97,-46.98,0.180552
44.47,-46.98,0.181644
44.97,-46.98,0.182718
45.48,-46.98,0.183774
45.98,-46.98,0.184815
46.48,-46.98,0.185838
46.98,-46.98,0.186845
47.49,-46.98,0.187836
47.99,-46.98,0.188812
48.49,-46.98,0.189772
48.99,-46.98,0.190716
49.50,-46.98,0.191646
50.00,-46.98,0.192561
-50.00,-46.48,0.000000
-49.50,-46.48,0.000000
-48.99,-46.48,0.000000
-48.49,-46.48,0.000000
-47.99,-46.48,0.000000
-47.49,-46.48,0.000000
-46.98,-46.48,0.000000
-46.48,-46.48,0.000000
-45.98,-46.48,0.000000
-45.48,-46.48,0.000000
-44.97,-46.48,0.000000
-44.47,-46.48,0.000000
-43.97,-46.48,0.000000
-43.47,-46.48,0.000000
-42.96,-46.48,0.000000
-42.46,-46.48,0.000000
-41.96,-46.48,0.000000
-41.46,-46.48,0.000000
-40.95,-46.48,0.000000
-40.45,-46.48,0.000000
-39.95,-46.48,0.000000
-39.45,-46.48,0.000000
-38.94,-46.48,0.000000
-38.44,-46.48,0.000000
-37.94,-46.48,0.000000
-37.44,-46.48,0.000000
-36.93,-46.48,0.000000
-36.43,-46.48,0.000000
-35.93,-46.48,0.000000
-35.43,-46.48,0.000000
-34.92,-46.48,0.000000
-34.42,-46.48,0.000000
-33.92,-46.48,0.000000
-33.42,-46.48,0.000000
-32.91,-46.48,0.000000
-32.41,-46.48,0.000000
-31.91,-46.48,0.000000
-31.41,-46.48,0.000000
-30.90,-46.48,0.000000
-30.40,-46.48,0.000000
-29.90,-46.48,0.000000
-29.40,-46.48,0.000000
-28.89,-46.48,0.000000
-28.39,-46.48,0.000000
-27.89,-46.48,0.000000
-27.39,-46.48,0.000000
-26.88,-46.48,0.000000
-26.38,-46.48,0.000000
-25.88,-46.48,0.000000
-25.38,-46.48,0.000000
-24.87,-46.48,0.000000
-24.37,-46.48,0.000000
-23.87,-46.48,0.000000
-23.37,-46.48,0.000000
-22.86,-46.48,0.000000
-22.36,-46.48,0.000000
-21.86,-46.48,0.000000
-21.36,-46.48,0.000000
-20.85,-46.48,0.000000
-20.35,-46.48,0.000000
-19.85,-46.48,0.000000
-19.35,-46.48,0.000000
-18.84,-46.48,0.000000
-18.34,-46.48,0.000000
-17.84,-46.48,0.000000
-17.34,-46.48,0.000000
-16.83,-46.48,0.000000
-16.33,-46.48,0.000000
-15.83,-46.48,0.000000
-15.33,-46.48,0.000000
-14.82,-46.48,0.000000
-14.32,-46.48,0.000000
-13.82,-46.48,0.000000
-13.32,-46.48,0.000000
-12.81,-46.48,0.000000
-12.31,-46.48,0.000000
-11.81,-46.48,0.000000
-11.31,-46.48,0.000000
-10.80,-46.48,0.000000
-10.30,-46.48,0.000000
-9.80,-46.48,0.000000
-9.30,-46.48,0.000000
-8.79,-46.48,0.000000
-8.29,-46.48,0.000000
-7.79,-46.48,0.000000
-7.29,-46.48,0.000000
-6.78,-46.48,0.000000
-6.28,-46.48,0.000000
-5.78,-46.48,0.000000
-5.28,-46.48,0.000000
-4.77,-46.48,0.000000
-4.27,-46.48,0.000000
-3.77,-46.48,0.000000
-3.27,-46.48,0.000000
-2.76,-46.48,0.000000
-2.26,-46.48,0.000000
-1.76,-46.48,0.000000
-1.26,-46.48,0.000000
-0.75,-46.48,0.000000
-0.25,-46.48,0.000000
0.25,-46.48,0.001428
0.75,-46.48,0.004284
1.26,-46.48,0.007139
1.76,-46.48,0.009991
2.26,-46.48,0.012840
2.76,-46.48,0.015684
3.27,-46.48,0.018522
3.77,-46.48,0.021355
4.27,-46.48,0.024180
4.77,-46.48,0.026996
5.28,-46.48,0.029803
5.78,-46.48,0.032600
6.28,-46.48,0.035386
6.78,-46.48,0.038160
7.29,-46.48,0.040922
7.79,-46.48,0.043669
8.29,-46.48,0.046402
8.79,-46.48,0.049120
9.30,-46.48,0.051822
9.80,-46.48,0.054506
10.30,-46.48,0.057174
10.80,-46.48,0.059823
11.31,-46.48,0.062453
11.81,-46.48,0.065064
12.31,-46.48,0.067655
12.81,-46.48,0.070225
13.32,-46.48,0.072773
13.82,-46.48,0.075300
14.32,-46.48,0.077805
14.82,-46.48,0.080287
15.33,-46.48,0.082745
15.83,-46.48,0.085180
16.33,-46.48,0.087592
16.83,-46.48,0.089978
17.34,-46.48,0.092340
17.84,-46.48,0.094678
18.34,-46.48,0.096990
18.84,-46.48,0.099276
19.35,-46.48,0.101537
19.85,-46.48,0.103772
20.35,-46.48,0.105981
20.85,-46.48,0.108163
21.36,-46.48,0.110320
21.86,-46.48,0.112450
22.36,-46.48,0.114554
22.86,-46.48,0.116631
23.37,-46.48,0.118682
23.87,-46.48,0.120706
24.37,-46.48,0.122703
24.87,-46.48,0.124675
25.38,-46.48,0.126619
25.88,-46.48,0.128538
26.38,-46.48,0.130430
26.88,-46.48,0.132296
27.39,-46.48,0.134136
27.89,-46.48,0.135950
28.39,-46.48,0.137738
28.89,-46.48,0.139501
29.40,-46.48,0.141238
29.90,-46.48,0.142950
30.40,-46.48,0.144637
30.90,-46.48,0.146299
31.41,-46.48,0.147936
31.91,-46.48,0.149549
32.41,-46.48,0.151138
32.91,-46.48,0.152702
33.42,-46.48,0.154243
33.92,-46.48,0.155761
34.42,-46.48,0.157255
34.92,-46.48,0.158726
35.43,-46.48,0.160175
35.93,-46.48,0.161601
36.43,-46.48,0.163004
36.93,-46.48,0.164386
37.44,-46.48,0.165746
37.94,-46.48,0.167085
38.44,-46.48,0.168403
38.94,-46.48,0.169700
39.45,-46.48,0.170976
39.95,-46.48,0.172232
40.45,-46.48,0.173468
40.95,-46.48,0.174684
41.46,-46.48,0.175881
41.96,-46.48,0.177059
42.46,-46.48,0.178218
42.96,-46.48,0.179359
43.47,-46.48,0.180481
43.97,-46.48,0.181585
44.47,-46.48,0.182671
44.97,-46.48,0.183740
45.48,-46.48,0.184792
45.98,-46.48,0.185827
46.48,-46.48,0.186845
46.98,-46.48,0.187847
47.49,-46.48,0.188833
47.99,-46.48,0.189803
48.49,-46.48,0.190757
48.99,-46.48,0.191696
49.50,-46.48,0.192620
50.00,-46.48,0.193529
-50.00,-45.98,0.000000
-49.50,-45.98,0.000000
-48.99,-45.98,0.000000
-48.49,-45.98,0.000000
-47.99,-45.98,0.000000
-47.49,-45.98,0.000000
-46.98,-45.98,0.000000
-46.48,-45.98,0.000000
-45.98,-45.98,0.000000
-45.48,-45.98,0.000000
-44.97,-45.98,0.000000
-44.47,-45.98,0.000000
-43.97,-45.98,0.000000
-43.47,-45.98,0.000000
-42.96,-45.98,0.000000
-42.46,-45.98,0.000000
-41.96,-45.98,0.000000
-41.46,-45.98,0.000000
-40.95,-45.98,0.000000
-40.45,-45.98,0.000000
-39.95,-45.98,0.000000
-39.45,-45.98,0.000000
-38.94,-45.98,0.000000
-38.44,-45.98,0.000000
-37.94,-45.98,0.000000
-37.44,-45.98,0.000000
-36.93,-45.98,0.000000
-36.43,-45.98,0.000000
-35.93,-45.98,0.000000
-35.43,-45.98,0.000000
-34.92,-45.98,0.000000
-34.42,-45.98,0.000000
-33.92,-45.98,0.000000
-33.42,-45.98,0.000000
-32.91,-45.98,0.000000
-32.41,-45.98,0.000000
-31.91,-45.98,0.000000
-31.41,-45.98,0.000000
-30.90,-45.98,0.000000
-30.40,-45.98,0.000000
-29.90,-45.98,0.000000
-29.40,-45.98,0.000000
-28.89,-45.98,0.000000
-28.39,-45.98,0.000000
-27.89,-45.98,0.000000
-27.39,-45.98,0.000000
-26.88,-45.98,0.000000
-26.38,-45.98,0.000000
-25.88,-45.98,0.000000
-25.38,-45.98,0.000000
-24.87,-45.98,0.000000
-24.37,-45.98,0.000000
-23.87,-45.98,0.000000
-23.37,-45.98,0.000000
-22.86,-45.98,0.000000
-22.36,-45.98,0.000000
-21.86,-45.98,0.000000
-21.36,-45.98,0.000000
-20.85,-45.98,0.000000
-20.35,-45.98,0.000000
-19.85,-45.98,0.000000
-19.35,-45.98,0.000000
-18.84,-45.98,0.000000
-18.34,-45.98,0.000000
-17.84,-45.98,0.000000
-17.34,-45.98,0.000000
-16.83,-45.98,0.000000
-16.33,-45.98,0.000000
-15.83,-45.98,0.000000
-15.33,-45.98,0.000000
-14.82,-45.98,0.000000
-14.32,-45.98,0.000000
-13.82,-45.98,0.000000
-13.32,-45.98,0.000000
-12.81,-45.98,0.000000
-12.31,-45.98,0.000000
-11.81,-45.98,0.000000
-11.31,-45.98,0.000000
-10.80,-45.98,0.000000
-10.30,-45.98,0.000000
-9.80,-45.98,0.000000
-9.30,-45.98,0.000000
-8.79,-45.98,0.000000
-8.29,-45.98,0.000000
-7.79,-45.98,0.000000
-7.29,-45.98,0.000000
-6.78,-45.98,0.000000
-6.28,-45.98,0.000000
-5.78,-45.98,0.000000
-5.28,-45.98,0.000000
-4.77,-45.98,0.000000
-4.27,-45.98,0.000000
-3.77,-45.98,0.000000
-3.27,-45.98,0.000000
-2.76,-45.98,0.000000
-2.26,-45.98,0.000000
-1.76,-45.98,0.000000
-1.26,-45.98,0.000000
-0.75,-45.98,0.000000
-0.25,-45.98,0.000000
0.25,-45.98,0.001444
0.75,-45.98,0.004331
1.26,-45.98,0.007217
1.76,-45.98,0.010100
2.26,-45.98,0.012980
2.76,-45.98,0.015855
3.27,-45.98,0.018724
3.77,-45.98,0.021587
4.27,-45.98,0.024442
4.77,-45.98,0.027288
5.28,-45.98,0.030125
5.78,-45.98,0.032951
6.28,-45.98,0.035766
6.78,-45.98,0.038569
7.29,-45.98,0.041358
7.79,-45.98,0.044133
8.29,-45.98,0.046893
8.79,-45.98,0.049638
9.30,-45.98,0.052366
9.80,-45.98,0.055076
10.30,-45.98,0.057769
10.80,-45.98,0.060443
11.31,-45.98,0.063097
11.81,-45.98,0.065731
12.31,-45.98,0.068345
12.81,-45.98,0.070937
13.32,-45.98,0.073507
13.82,-45.98,0.076055
14.32,-45.98,0.078580
14.82,-45.98,0.081082
15.33,-45.98,0.083560
15.83,-45.98,0.086013
16.33,-45.98,0.088442
16.83,-45.98,0.090846
17.34,-45.98,0.093225
17.84,-45.98,0.095578
18.34,-45.98,0.097905
18.84,-45.98,0.100206
19.35,-45.98,0.102480
19.85,-45.98,0.104729
20.35,-45.98,0.106950
20.85,-45.98,0.109145
21.36,-45.98,0.111313
21.86,-45.98,0.113453
22.36,-45.98,0.115567
22.86,-45.98,0.117654
23.37,-45.98,0.119713
23.87,-45.98,0.121746
24.37,-45.98,0.123751
24.87,-45.98,0.125730
25.38,-45.98,0.127681
25.88,-45.98,0.129606
26.38,-45.98,0.131504
26.88,-45.98,0.133375
27.39,-45.98,0.135219
27.89,-45.98,0.137038
28.39,-45.98,0.138830
28.89,-45.98,0.140596
29.40,-45.98,0.142335
29.90,-45.98,0.144050
30.40,-45.98,0.145739
30.90,-45.98,0.147402
31.41,-45.98,0.149041
31.91,-45.98,0.150654
32.41,-45.98,0.152243
32.91,-45.98,0.153808
33.42,-45.98,0.155349
33.92,-45.98,0.156865
34.42,-45.98,0.158358
34.92,-45.98,0.159828
35.43,-45.98,0.161275
35.93,-45.98,0.162699
36.43,-45.98,0.164101
36.93,-45.98,0.165480
37.44,-45.98,0.166838
37.94,-45.98,0.168174
38.44,-45.98,0.169488
38.94,-45.98,0.170782
39.45,-45.98,0.172055
39.95,-45.98,0.173307
40.45,-45.98,0.174539
40.95,-45.98,0.175752
41.46,-45.98,0.176944
41.96,-45.98,0.178118
42.46,-45.98,0.179272
42.96,-45.98,0.180408
43.47,-45.98,0.181525
43.97,-45.98,0.182624
44.47,-45.98,0.183706
44.97,-45.98,0.184769
45.48,-45.98,0.185816
45.98,-45.98,0.186845
46.48,-45.98,0.187858
46.98,-45.98,0.188854
47.49,-45.98,0.189834
47.99,-45.98,0.190798
48.49,-45.98,0.191747
48.99,-45.98,0.192680
49.50,-45.98,0.193598
50.00,-45.98,0.194501
-50.00,-45.48,0.000000
-49.50,-45.48,0.000000
-48.99,-45.48,0.000000
-48.49,-45.48,0.000000
-47.99,-45.48,0.000000
-47.49,-45.48,0.000000
-46.98,-45.48,0.000000
-46.48,-45.48,0.000000
-45.98,-45.48,0.000000
-45.48,-45.48,0.000000
-44.97,-45.48,0.000000
-44.47,-45.48,0.000000
-43.97,-45.48,0.000000
-43.47,-45.48,0.000000
-42.96,-45.48,0.000000
-42.46,-45.48,0.000000
-41.96,-45.48,0.000000
-41.46,-45.48,0.000000
-40.95,-45.48,0.000000
-40.45,-45.48,0.000000
-39.95,-45.48,0.000000
-39.45,-45.48,0.000000
-38.94,-45.48,0.000000
-38.44,-45.48,0.000000
-37.94,-45.48,0.000000
-37.44,-45.48,0.000000
-36.93,-45.48,0.000000
-36.43,-45.48,0.000000
-35.93,-45.48,0.000000
-35.43,-45.48,0.000000
-34.92,-45.48,0.000000
-34.42,-45.48,0.000000
-33.92,-45.48,0.000000
-33.42,-45.48,0.000000
-32.91,-45.48,0.000000
-32.41,-45.48,0.000000
-31.91,-45.48,0.000000
-31.41,-45.48,0.000000
-30.90,-45.48,0.000000
-30.40,-45.48,0.000000
-29.90,-45.48,0.000000
-29.40,-45.48,0.000000
-28.89,-45.48,0.000000
-28.39,-45.48,0.000000
-27.89,-45.48,0.000000
-27.39,-45.48,0.000000
-26.88,-45.48,0.000000
-26.38,-45.48,0.000000
-25.88,-45.48,0.000000
-25.38,-45.48,0.000000
-24.87,-45.48,0.000000
-24.37,-45.48,0.000000
-23.87,-45.48,0.000000
-23.37,-45.48,0.000000
-22.86,-45.48,0.000000
-22.36,-45.48,0.000000
-21.86,-45.48,0.000000
-21.36,-45.48,0.000000
-20.85,-45.48,0.000000
-20.35,-45.48,0.000000
-19.85,-45.48,0.000000
-19.35,-45.48,0.000000
-18.84,-45.48,0.000000
-18.34,-45.48,0.000000
-17.84,-45.48,0.000000
-17.34,-45.48,0.000000
-16.83,-45.48,0.000000
-16.33,-45.48,0.000000
-15.83,-45.48,0.000000
-15.33,-45.48,0.000000
-14.82,-45.48,0.000000
-14.32,-45.48,0.000000
-13.82,-45.48,0.000000
-13.32,-45.48,0.000000
-12.81,-45.48,0.000000
-12.31,-45.48,0.000000
-11.81,-45.48,0.000000
-11.31,-45.48,0.000000
-10.80,-45.48,0.000000
-10.30,-45.48,0.000000
-9.80,-45.48,0.000000
-9.30,-45.48,0.000000
-8.79,-45.48,0.000000
-8.29,-45.48,0.000000
-7.79,-45.48,0.000000
-7.29,-45.48,0.000000
-6.78,-45.48,0.000000
-6.28,-45.48,0.000000
-5.78,-45.48,0.000000
-5.28,-45.48,0.000000
-4.77,-45.48,0.000000
-4.27,-45.48,0.000000
-3.77,-45.48,0.000000
-3.27,-45.48,0.000000
-2.76,-45.48,0.000000
-2.26,-45.48,0.000000
-1.76,-45.48,0.000000
-1.26,-45.48,0.000000
-0.75,-45.48,0.000000
-0.25,-45.48,0.000000
0.25,-45.48,0.001460
0.75,-45.48,0.004379
1.26,-45.48,0.007297
1.76,-45.48,0.010212
2.26,-45.48,0.013123
2.76,-45.48,0.016029
3.27,-45.48,0.018930
3.77,-45.48,0.021823
4.27,-45.48,0.024709
4.77,-45.48,0.027586
5.28,-45.48,0.030453
5.78,-45.48,0.033309
6.28,-45.48,0.036154
6.78,-45.48,0.038986
7.29,-45.48,0.041803
7.79,-45.48,0.044607
8.29,-45.48,0.047395
8.79,-45.48,0.050167
9.30,-45.48,0.052921
9.80,-45.48,0.055658
10.30,-45.48,0.058376
10.80,-45.48,0.061075
11.31,-45.48,0.063754
11.81,-45.48,0.066412
12.31,-45.48,0.069049
12.81,-45.48,0.071664
13.32,-45.48,0.074256
13.82,-45.48,0.076825
14.32,-45.48,0.079371
14.82,-45.48,0.081892
15.33,-45.48,0.084389
15.83,-45.48,0.086861
16.33,-45.48,0.089308
16.83,-45.48,0.091729
17.34,-45.48,0.094125
17.84,-45.48,0.096494
18.34,-45.48,0.098836
18.84,-45.48,0.101151
19.35,-45.48,0.103440
19.85,-45.48,0.105701
20.35,-45.48,0.107936
20.85,-45.48,0.110142
21.36,-45.48,0.112321
21.86,-45.48,0.114473
22.36,-45.48,0.116597
22.86,-45.48,0.118693
23.37,-45.48,0.120761
23.87,-45.48,0.122802
24.37,-45.48,0.124815
24.87,-45.48,0.126801
25.38,-45.48,0.128759
25.88,-45.48,0.130689
26.38,-45.48,0.132592
26.88,-45.48,0.134469
27.39,-45.48,0.136318
27.89,-45.48,0.138140
28.39,-45.48,0.139935
28.89,-45.48,0.141704
29.40,-45.48,0.143447
29.90,-45.48,0.145163
30.40,-45.48,0.146853
30.90,-45.48,0.148518
31.41,-45.48,0.150158
31.91,-45.48,0.151772
32.41,-45.48,0.153361
32.91,-45.48,0.154925
33.42,-45.48,0.156465
33.92,-45.48,0.157981
34.42,-45.48,0.159473
34.92,-45.48,0.160942
35.43,-45.48,0.162387
35.93,-45.48,0.163809
36.43,-45.48,0.165208
36.93,-45.48,0.166585
37.44,-45.48,0.167939
37.94,-45.48,0.169272
38.44,-45.48,0.170583
38.94,-45.48,0.171873
39.45,-45.48,0.173142
39.95,-45.48,0.174391
40.45,-45.48,0.175619
40.95,-45.48,0.176827
41.46,-45.48,0.178015
41.96,-45.48,0.179184
42.46,-45.48,0.180333
42.96,-45.48,0.181464
43.47,-45.48,0.182576
43.97,-45.48,0.183670
44.47,-45.48,0.184746
44.97,-45.48,0.185804
45.48,-45.48,0.186845
45.98,-45.48,0.187869
46.48,-45.48,0.188876
46.98,-45.48,0.189866
47.49,-45.48,0.190841
47.99,-45.48,0.191799
48.49,-45.48,0.192741
48.99,-45.48,0.193668
49.50,-45.48,0.194580
50.00,-45.48,0.195477
-50.00,-44.97,0.000000
-49.50,-44.97,0.000000
-48.99,-44.97,0.000000
-48.49,-44.97,0.000000
-47.99,-44.97,0.000000
-47.49,-44.97,0.000000
-46.98,-44.97,0.000000
-46.48,-44.97,0.000000
-45.98,-44.97,0.000000
-45.48,-44.97,0.000000
-44.97,-44.97,0.000000
-44.47,-44.97,0.000000
-43.97,-44.97,0.000000
-43.47,-44.97,0.000000
-42.96,-44.97,0.000000
-42.46,-44.97,0.000000
-41.96,-44.97,0.000000
-41.46,-44.97,0.000000
-40.95,-44.97,0.000000
-40.45,-44.97,0.000000
-39.95,-44.97,0.000000
-39.45,-44.97,0.000000
-38.94,-44.97,0.000000
-38.44,-44.97,0.000000
-37.94,-44.97,0.000000
-37.44,-44.97,0.000000
-36.93,-44.97,0.000000
-36.43,-44.97,0.000000
-35.93,-44.97,0.000000
-35.43,-44.97,0.000000
-34.92,-44.97,0.000000
-34.42,-44.97,0.000000
-33.92,-44.97,0.000000
-33.42,-44.97,0.000000
-32.91,-44.97,0.000000
-32.41,-44.97,0.000000
-31.91,-44.97,0.000000
-31.41,-44.97,0.000000
-30.90,-44.97,0.000000
-30.40,-44.97,0.000000
-29.90,-44.97,0.000000
-29.40,-44.97,0.000000
-28.89,-44.97,0.000000
-28.39,-44.97,0.000000
-27.89,-44.97,0.000000
-27.39,-44.97,0.000000
-26.88,-44.97,0.000000
-26.38,-44.97,0.000000
-25.88,-44.97,0.000000
-25.38,-44.97,0.000000
-24.87,-44.97,0.000000
-24.37,-44.97,0.000000
-23.87,-44.97,0.000000
-23.37,-44.97,0.000000
-22.86,-44.97,0.000000
-22.36,-44.97,0.000000
-21.86,-44.97,0.000000
-21.36,-44.97,0.000000
-20.85,-44.97,0.000000
-20.35,-44.97,0.000000
-19.85,-44.97,0.000000
-19.35,-44.97,0.000000
-18.84,-44.97,0.000000
-18.34,-44.97,0.000000
-17.84,-44.97,0.000000
-17.34,-44.97,0.000000
-16.83,-44.97,0.000000
-16.33,-44.97,0.000000
-15.83,-44.97,0.000000
-15.33,-44.97,0.000000
-14.82,-44.97,0.000000
-14.32,-44.97,0.000000
-13.82,-44.97,0.000000
-13.32,-44.97,0.000000
-12.81,-44.97,0.000000
-12.31,-44.97,0.000000
-11.81,-44.97,0.000000
-11.31,-44.97,0.000000
-10.80,-44.97,0.000000
-10.30,-44.97,0.000000
-9.80,-44.97,0.000000
-9.30,-44.97,0.000000
-8.79,-44.97,0.000000
-8.29,-44.97,0.000000
-7.79,-44.97,0.000000
-7.29,-44.97,0.000000
-6.78,-44.97,0.000000
-6.28,-44.97,0.000000
-5.78,-44.97,0.000000
-5.28,-44.97,0.000000
-4.77,-44.97,0.000000
-4.27,-44.97,0.000000
-3.77,-44.97,0.000000
-3.27,-44.97,0.000000
-2.76,-44.97,0.000000
-2.26,-44.97,0.000000
-1.76,-44.97,0.000000
-1.26,-44.97,0.000000
-0.75,-44.97,0.000000
-0.25,-44.97,0.000000
0.25,-44.97,0.001476
0.75,-44.97,0.004428
1.26,-44.97,0.007378
1.76,-44.97,0.010325
2.26,-44.97,0.013269
2.76,-44.97,0.016208
3.27,-44.97,0.019140
3.77,-44.97,0.022066
4.27,-44.97,0.024983
4.77,-44.97,0.027891
5.28,-44.97,0.030789
5.78,-44.97,0.033676
6.28,-44.97,0.036550
6.78,-44.97,0.039411
7.29,-44.97,0.042259
7.79,-44.97,0.045091
8.29,-44.97,0.047907
8.79,-44.97,0.050707
9.30,-44.97,0.053489
9.80,-44.97,0.056252
10.30,-44.97,0.058996
10.80,-44.97,0.061721
11.31,-44.97,0.064424
11.81,-44.97,0.067107
12.31,-44.97,0.069767
12.81,-44.97,0.072405
13.32,-44.97,0.075019
13.82,-44.97,0.077610
14.32,-44.97,0.080176
14.82,-44.97,0.082718
15.33,-44.97,0.085235
15.83,-44.97,0.087726
16.33,-44.97,0.090190
16.83,-44.97,0.092629
17.34,-44.97,0.095041
17.84,-44.97,0.097426
18.34,-44.97,0.099783
18.84,-44.97,0.102114
19.35,-44.97,0.104416
19.85,-44.97,0.106691
20.35,-44.97,0.108937
20.85,-44.97,0.111156
21.36,-44.97,0.113346
21.86,-44.97,0.115509
22.36,-44.97,0.117642
22.86,-44.97,0.119748
23.37,-44.97,0.121825
23.87,-44.97,0.123874
24.37,-44.97,0.125894
24.87,-44.97,0.127887
25.38,-44.97,0.129851
25.88,-44.97,0.131788
26.38,-44.97,0.133696
26.88,-44.97,0.135577
27.39,-44.97,0.137430
27.89,-44.97,0.139256
28.39,-44.97,0.141055
28.89,-44.97,0.142827
29.40,-44.97,0.144571
29.90,-44.97,0.146290
30.40,-44.97,0.147982
30.90,-44.97,0.149647
31.41,-44.97,0.151287
31.91,-44.97,0.152902
32.41,-44.97,0.154491
32.91,-44.97,0.156055
33.42,-44.97,0.157594
33.92,-44.97,0.159109
34.42,-44.97,0.160599
34.92,-44.97,0.162066
35.43,-44.97,0.163509
35.93,-44.97,0.164928
36.43,-44.97,0.166325
36.93,-44.97,0.167699
37.44,-44.97,0.169050
37.94,-44.97,0.170380
38.44,-44.97,0.171687
38.94,-44.97,0.172973
39.45,-44.97,0.174238
39.95,-44.97,0.175482
40.45,-44.97,0.176706
40.95,-44.97,0.177909
41.46,-44.97,0.179093
41.96,-44.97,0.180257
42.46,-44.97,0.181401
42.96,-44.97,0.182527
43.47,-44.97,0.183634
43.97,-44.97,0.184722
44.47,-44.97,0.185793
44.97,-44.97,0.186845
45.48,-44.97,0.187880
45.98,-44.97,0.188898
46.48,-44.97,0.189899
46.98,-44.97,0.190884
47.49,-44.97,0.191852
47.99,-44.97,0.192804
48.49,-44.97,0.193740
48.99,-44.97,0.194661
49.50,-44.97,0.195566
50.00,-44.97,0.196456
-50.00,-44.47,0.000000
-49.50,-44.47,0.000000
-48.99,-44.47,0.000000
-48.49,-44.47,0.000000
-47.99,-44.47,0.000000
-47.49,-44.47,0.000000
-46.98,-44.47,0.000000
-46.48,-44.47,0.000000
-45.98,-44.47,0.000000
-45.48,-44.47,0.000000
-44.97,-44.47,0.000000
-44.47,-44.47,0.000000
-43.97,-44.47,0.000000
-43.47,-44.47,0.000000
-42.96,-44.47,0.000000
-42.46,-44.47,0.000000
-41.96,-44.47,0.000000
-41.46,-44.47,0.000000
-40.95,-44.47,0.000000
-40.45,-44.47,0.000000
-39.95,-44.47,0.000000
-39.45,-44.47,0.000000
-38.94,-44.47,0.000000
-38.44,-44.47,0.000000
-37.94,-44.47,0.000000
-37.44,-44.47,0.000000
-36.93,-44.47,0.000000
-36.43,-44.47,0.000000
-35.93,-44.47,0.000000
-35.43,-44.47,0.000000
-34.92,-44.47,0.000000
-34.42,-44.47,0.000000
-33.92,-44.47,0.000000
-33.42,-44.47,0.000000
-32.91,-44.47,0.000000
-32.41,-44.47,0.000000
-31.91,-44.47,0.000000
-31.41,-44.47,0.000000
-30.90,-44.47,0.000000
-30.40,-44.47,0.000000
-29.90,-44.47,0.000000
-29.40,-44.47,0.000000
-28.89,-44.47,0.000000
-28.39,-44.47,0.000000
-27.89,-44.47,0.000000
-27.39,-44.47,0.000000
-26.88,-44.47,0.000000
-26.38,-44.47,0.000000
-25.88,-44.47,0.000000
-25.38,-44.47,0.000000
-24.87,-44.47,0.000000
-24.37,-44.47,0.000000
-23.87,-44.47,0.000000
-23.37,-44.47,0.000000
-22.86,-44.47,0.000000
-22.36,-44.47,0.000000
-21.86,-44.47,0.000000
-21.36,-44.47,0.000000
-20.85,-44.47,0.000000
-20.35,-44.47,0.000000
-19.85,-44.47,0.000000
-19.35,-44.47,0.000000
-18.84,-44.47,0.000000
-18.34,-44.47,0.000000
-17.84,-44.47,0.000000
-17.34,-44.47,0.000000
-16.83,-44.47,0.000000
-16.33,-44.47,0.000000
-15.83,-44.47,0.000000
-15.33,-44.47,0.000000
-14.82,-44.47,0.000000
-14.32,-44.47,0.000000
-13.82,-44.47,0.000000
-13.32,-44.47,0.000000
-12.81,-44.47,0.000000
-12.31,-44.47,0.000000
-11.81,-44.47,0.000000
-11.31,-44.47,0.000000
-10.80,-44.47,0.000000
-10.30,-44.47,0.000000
-9.80,-44.47,0.000000
-9.30,-44.47,0.000000
-8.79,-44.47,0.000000
-8.29,-44.47,0.000000
-7.79,-44.47,0.000000
-7.29,-44.47,0.000000
-6.78,-44.47,0.000000
-6.28,-44.47,0.000000
-5.78,-44.47,0.000000
-5.28,-44.47,0.000000
-4.77,-44.47,0.000000
-4.27,-44.47,0.000000
-3.77,-44.47,0.000000
-3.27,-44.47,0.000000
-2.76,-44.47,0.000000
-2.26,-44.47,0.000000
-1.76,-44.47,0.000000
-1.26,-44.47,0.000000
-0.75,-44.47,0.000000
-0.25,-44.47,0.000000
0.25,-44.47,0.001493
0.75,-44.47,0.004478
1.26,-44.47,0.007461
1.76,-44.47,0.010442
2.26,-44.47,0.013419
2.76,-44.47,0.016390
3.27,-44.47,0.019355
3.77,-44.47,0.022313
4.27,-44.47,0.025263
4.77,-44.47,0.028203
5.28,-44.47,0.031132
5.78,-44.47,0.034050
6.28,-44.47,0.036955
6.78,-44.47,0.039847
7.29,-44.47,0.042724
7.79,-44.47,0.045585
8.29,-44.47,0.048430
8.79,-44.47,0.051258
9.30,-44.47,0.054068
9.80,-44.47,0.056858
10.30,-44.47,0.059629
10.80,-44.47,0.062379
11.31,-44.47,0.065108
11.81,-44.47,0.067815
12.31,-44.47,0.070499
12.81,-44.47,0.073160
13.32,-44.47,0.075797
13.82,-44.47,0.078410
14.32,-44.47,0.080998
14.82,-44.47,0.083560
15.33,-44.47,0.086096
15.83,-44.47,0.088606
16.33,-44.47,0.091089
16.83,-44.47,0.093545
17.34,-44.47,0.095974
17.84,-44.47,0.098375
18.34,-44.47,0.100748
18.84,-44.47,0.103093
19.35,-44.47,0.105409
19.85,-44.47,0.107697
20.35,-44.47,0.109956
20.85,-44.47,0.112187
21.36,-44.47,0.114388
21.86,-44.47,0.116561
22.36,-44.47,0.118705
22.86,-44.47,0.120819
23.37,-44.47,0.122905
23.87,-44.47,0.124962
24.37,-44.47,0.126990
24.87,-44.47,0.128989
25.38,-44.47,0.130960
25.88,-44.47,0.132902
26.38,-44.47,0.134815
26.88,-44.47,0.136701
27.39,-44.47,0.138558
27.89,-44.47,0.140387
28.39,-44.47,0.142189
28.89,-44.47,0.143963
29.40,-44.47,0.145710
29.90,-44.47,0.147430
30.40,-44.47,0.149123
30.90,-44.47,0.150790
31.41,-44.47,0.152430
31.91,-44.47,0.154044
32.41,-44.47,0.155633
32.91,-44.47,0.157196
33.42,-44.47,0.158734
33.92,-44.47,0.160248
34.42,-44.47,0.161736
34.92,-44.47,0.163201
35.43,-44.47,0.164641
35.93,-44.47,0.166058
36.43,-44.47,0.167452
36.93,-44.47,0.168823
37.44,-44.47,0.170171
37.94,-44.47,0.171496
38.44,-44.47,0.172800
38.94,-44.47,0.174082
39.45,-44.47,0.175343
39.95,-44.47,0.176583
40.45,-44.47,0.177801
40.95,-44.47,0.179000
41.46,-44.47,0.180178
41.96,-44.47,0.181337
42.46,-44.47,0.182476
42.96,-44.47,0.183597
43.47,-44.47,0.184698
43.97,-44.47,0.185781
44.47,-44.47,0.186845
44.97,-44.47,0.187892
45.48,-44.47,0.188921
45.98,-44.47,0.189933
46.48,-44.47,0.190928
46.98,-44.47,0.191906
47.49,-44.47,0.192868
47.99,-44.47,0.193813
48.49,-44.47,0.194743
48.99,-44.47,0.195657
49.50,-44.47,0.196556
50.00,-44.47,0.197440
-50.00,-43.97,0.000000
-49.50,-43.97,0.000000
-48.99,-43.97,0.000000
-48.49,-43.97,0.000000
-47.99,-43.97,0.000000
-47.49,-43.97,0.000000
-46.98,-43.97,0.000000
-46.48,-43.97,0.000000
-45.98,-43.97,0.000000
-45.48,-43.97,0.000000
-44.97,-43.97,0.000000
-44.47,-43.97,0.000000
-43.97,-43.97,0.000000
-43.47,-43.97,0.000000
-42.96,-43.97,0.000000
-42.46,-43.97,0.000000
-41.96,-43.97,0.000000
-41.46,-43.97,0.000000
-40.95,-43.97,0.000000
-40.45,-43.97,0.000000
-39.95,-43.97,0.000000
-39.45,-43.97,0.000000
-38.94,-43.97,0.000000
-38.44,-43.97,0.000000
-37.94,-43.97,0.000000
-37.44,-43.97,0.000000
-36.93,-43.97,0.000000
-36.43,-43.97,0.000000
-35.93,-43.97,0.000000
-35.43,-43.97,0.000000
-34.92,-43.97,0.000000
-34.42,-43.97,0.000000
-33.92,-43.97,0.000000
-33.42,-43.97,0.000000
-32.91,-43.97,0.000000
-32.41,-43.97,0.000000
-31.91,-43.97,0.000000
-31.41,-43.97,0.000000
-30.90,-43.97,0.000000
-30.40,-43.97,0.000000
-29.90,-43.97,0.000000
-29.40,-43.97,0.000000
-28.89,-43.97,0.000000
-28.39,-43.97,0.000000
-27.89,-43.97,0.000000
-27.39,-43.97,0.000000
-26.88,-43.97,0.000000
-26.38,-43.97,0.000000
-25.88,-43.97,0.000000
-25.38,-43.97,0.000000
-24.87,-43.97,0.000000
-24.37,-43.97,0.000000
-23.87,-43.97,0.000000
-23.37,-43.97,0.000000
-22.86,-43.97,0.000000
-22.36,-43.97,0.000000
-21.86,-43.97,0.000000
-21.36,-43.97,0.000000
-20.85,-43.97,0.000000
-20.35,-43.97,0.000000
-19.85,-43.97,0.000000
-19.35,-43.97,0.000000
-18.84,-43.97,0.000000
-18.34,-43.97,0.000000
-17.84,-43.97,0.000000
-17.34,-43.97,0.000000
-16.83,-43.97,0.000000
-16.33,-43.97,0.000000
-15.83,-43.97,0.000000
-15.33,-43.97,0.000000
-14.82,-43.97,0.000000
-14.32,-43.97,0.000000
-13.82,-43.97,0.000000
-13.32,-43.97,0.000000
-12.81,-43.97,0.000000
-12.31,-43.97,0.000000
-11.81,-43.97,0.000000
-11.31,-43.97,0.000000
-10.80,-43.97,0.000000
-10.30,-43.97,0.000000
-9.80,-43.97,0.000000
-9.30,-43.97,0.000000
-8.79,-43.97,0.000000
-8.29,-43.97,0.000000
-7.79,-43.97,0.000000
-7.29,-43.97,0.000000
-6.78,-43.97,0.000000
-6.28,-43.97,0.000000
-5.78,-43.97,0.000000
-5.28,-43.97,0.000000
-4.77,-43.97,0.000000
-4.27,-43.97,0.000000
-3.77,-43.97,0.000000
-3.27,-43.97,0.000000
-2.76,-43.97,0.000000
-2.26,-43.97,0.000000
-1.76,-43.97,0.000000
-1.26,-43.97,0.000000
-0.75,-43.97,0.000000
-0.25,-43.97,0.000000
0.25,-43.97,0.001510
0.75,-43.97,0.004529
1.26,-43.97,0.007547
1.76,-43.97,0.010561
2.26,-43.97,0.013572
2.76,-43.97,0.016577
3.27,-43.97,0.019575
3.77,-43.97,0.022566
4.27,-43.97,0.025549
4.77,-43.97,0.028521
5.28,-43.97,0.031483
5.78,-43.97,0.034432
6.28,-43.97,0.037369
6.78,-43.97,0.040292
7.29,-43.97,0.043199
7.79,-43.97,0.046091
8.29,-43.97,0.048965
8.79,-43.97,0.051822
9.30,-43.97,0.054659
9.80,-43.97,0.057478
10.30,-43.97,0.060275
10.80,-43.97,0.063052
11.31,-43.97,0.065806
11.81,-43.97,0.068538
12.31,-43.97,0.071247
12.81,-43.97,0.073931
13.32,-43.97,0.076591
13.82,-43.97,0.079226
14.32,-43.97,0.081835
14.82,-43.97,0.084418
15.33,-43.97,0.086974
15.83,-43.97,0.089503
16.33,-43.97,0.092005
16.83,-43.97,0.094478
17.34,-43.97,0.096924
17.84,-43.97,0.099341
18.34,-43.97,0.101729
18.84,-43.97,0.104089
19.35,-43.97,0.106419
19.85,-43.97,0.108720
20.35,-43.97,0.110992
20.85,-43.97,0.113234
21.36,-43.97,0.115447
21.86,-43.97,0.117630
22.36,-43.97,0.119784
22.86,-43.97,0.121907
23.37,-43.97,0.124002
23.87,-43.97,0.126066
24.37,-43.97,0.128102
24.87,-43.97,0.130107
25.38,-43.97,0.132084
25.88,-43.97,0.134031
26.38,-43.97,0.135950
26.88,-43.97,0.137840
27.39,-43.97,0.139701
27.89,-43.97,0.141533
28.39,-43.97,0.143338
28.89,-43.97,0.145114
29.40,-43.97,0.146863
29.90,-43.97,0.148584
30.40,-43.97,0.150278
30.90,-43.97,0.151945
31.41,-43.97,0.153586
31.91,-43.97,0.155200
32.41,-43.97,0.156788
32.91,-43.97,0.158350
33.42,-43.97,0.159887
33.92,-43.97,0.161398
34.42,-43.97,0.162885
34.92,-43.97,0.164347
35.43,-43.97,0.165785
35.93,-43.97,0.167199
36.43,-43.97,0.168589
36.93,-43.97,0.169957
37.44,-43.97,0.171301
37.94,-43.97,0.172623
38.44,-43.97,0.173922
38.94,-43.97,0.175200
39.45,-43.97,0.176456
39.95,-43.97,0.177691
40.45,-43.97,0.178905
40.95,-43.97,0.180098
41.46,-43.97,0.181271
41.96,-43.97,0.182425
42.46,-43.97,0.183558
42.96,-43.97,0.184673
43.47,-43.97,0.185768
43.97,-43.97,0.186845
44.47,-43.97,0.187904
44.97,-43.97,0.188944
45.48,-43.97,0.189967
45.98,-43.97,0.190973
46.48,-43.97,0.191961
46.98,-43.97,0.192933
47.49,-43.97,0.193888
47.99,-43.97,0.194827
48.49,-43.97,0.195750
48.99,-43.97,0.196658
49.50,-43.97,0.197550
50.00,-43.97,0.198427
-50.00,-43.47,0.000000
-49.50,-43.47,0.000000
-48.99,-43.47,0.000000
-48.49,-43.47,0.000000
-47.99,-43.47,0.000000
-47.49,-43.47,0.000000
-46.98,-43.47,0.000000
-46.48,-43.47,0.000000
-45.98,-43.47,0.000000
-45.48,-43.47,0.000000
-44.97,-43.47,0.000000
-44.47,-43.47,0.000000
-43.97,-43.47,0.000000
-43.47,-43.47,0.000000
-42.96,-43.47,0.000000
-42.46,-43.47,0.000000
-41.96,-43.47,0.000000
-41.46,-43.47,0.000000
-40.95,-43.47,0.000000
-40.45,-43.47,0.000000
-39.95,-43.47,0.000000
-39.45,-43.47,0.000000
-38.94,-43.47,0.000000
-38.44,-43.47,0.000000
-37.94,-43.47,0.000000
-37.44,-43.47,0.000000
-36.93,-43.47,0.000000
-36.43,-43.47,0.000000
-35.93,-43.47,0.000000
-35.43,-43.47,0.000000
-34.92,-43.47,0.000000
-34.42,-43.47,0.000000
-33.92,-43.47,0.000000
-33.42,-43.47,0.000000
-32.91,-43.47,0.000000
-32.41,-43.47,0.000000
-31.91,-43.47,0.000000
-31.41,-43.47,0.000000
-30.90,-43.47,0.000000
-30.40,-43.47,0.000000
-29.90,-43.47,0.000000
-29.40,-43.47,0.000000
-28.89,-43.47,0.000000
-28.39,-43.47,0.000000
-27.89,-43.47,0.000000
-27.39,-43.47,0.000000
-26.88,-43.47,0.000000
-26.38,-43.47,0.000000
-25.88,-43.47,0.000000
-25.38,-43.47,0.000000
-24.87,-43.47,0.000000
-24.37,-43.47,0.000000
-23.87,-43.47,0.000000
-23.37,-43.47,0.000000
-22.86,-43.47,0.000000
-22.36,-43.47,0.000000
-21.86,-43.47,0.000000
-21.36,-43.47,0.000000
-20.85,-43.47,0.000000
-20.35,-43.47,0.000000
-19.85,-43.47,0.000000
-19.35,-43.47,0.000000
-18.84,-43.47,0.000000
-18.34,-43.47,0.000000
-17.84,-43.47,0.000000
-17.34,-43.47,0.000000
-16.83,-43.47,0.000000
-16.33,-43.47,0.000000
-15.83,-43.47,0.000000
-15.33,-43.47,0.000000
-14.82,-43.47,0.000000
-14.32,-43.47,0.000000
-13.82,-43.47,0.000000
-13.32,-43.47,0.000000
-12.81,-43.47,0.000000
-12.31,-43.47,0.000000
-11.81,-43.47,0.000000
-11.31,-43.47,0.000000
-10.80,-43.47,0.000000
-10.30,-43.47,0.000000
-9.80,-43.47,0.000000
-9.30,-43.47,0.000000
-8.79,-43.47,0.000000
-8.29,-43.47,0.000000
-7.79,-43.47,0.000000
-7.29,-43.47,0.000000
-6.78,-43.47,0.000000
-6.28,-43.47,0.000000
-5.78,-43.47,0.000000
-5.28,-43.47,0.000000
-4.77,-43.47,0.000000
-4.27,-43.47,0.000000
-3.77,-43.47,0.000000
-3.27,-43.47,0.000000
-2.76,-43.47,0.000000
-2.26,-43.47,0.000000
-1.76,-43.47,0.000000
-1.26,-43.47,0.000000
-0.75,-43.47,0.000000
-0.25,-43.47,0.000000
0.25,-43.47,0.001527
0.75,-43.47,0.004581
1.26,-43.47,0.007634
1.76,-43.47,0.010683
2.26,-43.47,0.013728
2.76,-43.47,0.016767
3.27,-43.47,0.019800
3.77,-43.47,0.022825
4.27,-43.47,0.025841
4.77,-43.47,0.028847
5.28,-43.47,0.031842
5.78,-43.47,0.034824
6.28,-43.47,0.037792
6.78,-43.47,0.040746
7.29,-43.47,0.043685
7.79,-43.47,0.046607
8.29,-43.47,0.049511
8.79,-43.47,0.052397
9.30,-43.47,0.055264
9.80,-43.47,0.058110
10.30,-43.47,0.060935
10.80,-43.47,0.063739
11.31,-43.47,0.066519
11.81,-43.47,0.069276
12.31,-43.47,0.072010
12.81,-43.47,0.074718
13.32,-43.47,0.077401
13.82,-43.47,0.080058
14.32,-43.47,0.082689
14.82,-43.47,0.085293
15.33,-43.47,0.087869
15.83,-43.47,0.090417
16.33,-43.47,0.092937
16.83,-43.47,0.095429
17.34,-43.47,0.097891
17.84,-43.47,0.100325
18.34,-43.47,0.102729
18.84,-43.47,0.105103
19.35,-43.47,0.107447
19.85,-43.47,0.109761
20.35,-43.47,0.112046
20.85,-43.47,0.114300
21.36,-43.47,0.116523
21.86,-43.47,0.118717
22.36,-43.47,0.120880
22.86,-43.47,0.123013
23.37,-43.47,0.125115
23.87,-43.47,0.127188
24.37,-43.47,0.129230
24.87,-43.47,0.131242
25.38,-43.47,0.133224
25.88,-43.47,0.135177
26.38,-43.47,0.137100
26.88,-43.47,0.138994
27.39,-43.47,0.140859
27.89,-43.47,0.142694
28.39,-43.47,0.144501
28.89,-43.47,0.146280
29.40,-43.47,0.148030
29.90,-43.47,0.149752
30.40,-43.47,0.151447
30.90,-43.47,0.153114
31.41,-43.47,0.154755
31.91,-43.47,0.156368
32.41,-43.47,0.157955
32.91,-43.47,0.159516
33.42,-43.47,0.161051
33.92,-43.47,0.162560
34.42,-43.47,0.164045
34.92,-43.47,0.165504
35.43,-43.47,0.166939
35.93,-43.47,0.168350
36.43,-43.47,0.169737
36.93,-43.47,0.171100
37.44,-43.47,0.172441
37.94,-43.47,0.173758
38.44,-43.47,0.175053
38.94,-43.47,0.176326
39.45,-43.47,0.177578
39.95,-43.47,0.178807
40.45,-43.47,0.180016
40.95,-43.47,0.181204
41.46,-43.47,0.182372
41.96,-43.47,0.183519
42.46,-43.47,0.184647
42.96,-43.47,0.185756
43.47,-43.47,0.186845
43.97,-43.47,0.187916
44.47,-43.47,0.188968
44.97,-43.47,0.190003
45.48,-43.47,0.191019
45.98,-43.47,0.192018
46.48,-43.47,0.193000
46.98,-43.47,0.193965
47.49,-43.47,0.194913
47.99,-43.47,0.195846
48.49,-43.47,0.196762
48.99,-43.47,0.197662
49.50,-43.47,0.198548
50.00,-43.47,0.199418
-50.00,-42.96,0.000000
-49.50,-42.96,0.000000
-48.99,-42.96,0.000000
-48.49,-42.96,0.000000
-47.99,-42.96,0.000000
-47.49,-42.96,0.000000
-46.98,-42.96,0.000000
-46.48,-42.96,0.000000
-45.98,-42.96,0.000000
-45.48,-42.96,0.000000
-44.97,-42.96,0.000000
-44.47,-42.96,0.000000
-43.97,-42.96,0.000000
-43.47,-42.96,0.000000
-42.96,-42.96,0.000000
-42.46,-42.96,0.000000
-41.96,-42.96,0.000000
-41.46,-42.96,0.000000
-40.95,-42.96,0.000000
-40.45,-42.96,0.000000
-39.95,-42.96,0.000000
-39.45,-42.96,0.000000
-38.94,-42.96,0.000000
-38.44,-42.96,0.000000
-37.94,-42.96,0.000000
-37.44,-42.96,0.000000
-36.93,-42.96,0.000000
-36.43,-42.96,0.000000
-35.93,-42.96,0.000000
-35.43,-42.96,0.000000
-34.92,-42.96,0.000000
-34.42,-42.96,0.000000
-33.92,-42.96,0.000000
-33.42,-42.96,0.000000
-32.91,-42.96,0.000000
-32.41,-42.96,0.000000
-31.91,-42.96,0.000000
-31.41,-42.96,0.000000
-30.90,-42.96,0.000000
-30.40,-42.96,0.000000
-29.90,-42.96,0.000000
-29.40,-42.96,0.000000
-28.89,-42.96,0.000000
-28.39,-42.96,0.000000
-27.89,-42.96,0.000000
-27.39,-42.96,0.000000
-26.88,-42.96,0.000000
-26.38,-42.96,0.000000
-25.88,-42.96,0.000000
-25.38,-42.96,0.000000
-24.87,-42.96,0.000000
-24.37,-42.96,0.000000
-23.87,-42.96,0.000000
-23.37,-42.96,0.000000
-22.86,-42.96,0.000000
-22.36,-42.96,0.000000
-21.86,-42.96,0.000000
-21.36,-42.96,0.000000
-20.85,-42.96,0.000000
-20.35,-42.96,0.000000
-19.85,-42.96,0.000000
-19.35,-42.96,0.000000
-18.84,-42.96,0.000000
-18.34,-42.96,0.000000
-17.84,-42.96,0.000000
-17.34,-42.96,0.000000
-16.83,-42.96,0.000000
-16.33,-42.96,0.000000
-15.83,-42.96,0.000000
-15.33,-42.96,0.000000
-14.82,-42.96,0.000000
-14.32,-42.96,0.000000
-13.82,-42.96,0.000000
-13.32,-42.96,0.000000
-12.81,-42.96,0.000000
-12.31,-42.96,0.000000
-11.81,-42.96,0.000000
-11.31,-42.96,0.000000
-10.80,-42.96,0.000000
-10.30,-42.96,0.000000
-9.80,-42.96,0.000000
-9.30,-42.96,0.000000
-8.79,-42.96,0.000000
-8.29,-42.96,0.000000
-7.79,-42.96,0.000000
-7.29,-42.96,0.000000
-6.78,-42.96,0.000000
-6.28,-42.96,0.000000
-5.78,-42.96,0.000000
-5.28,-42.96,0.000000
-4.77,-42.96,0.000000
-4.27,-42.96,0.000000
-3.77,-42.96,0.000000
-3.27,-42.96,0.000000
-2.76,-42.96,0.000000
-2.26,-42.96,0.000000
-1.76,-42.96,0.000000
-1.26,-42.96,0.000000
-0.75,-42.96,0.000000
-0.25,-42.96,0.000000
0.25,-42.96,0.001545
0.75,-42.96,0.004635
1.26,-42.96,0.007723
1.76,-42.96,0.010808
2.26,-42.96,0.013888
2.76,-42.96,0.016963
3.27,-42.96,0.020031
3.77,-42.96,0.023090
4.27,-42.96,0.026141
4.77,-42.96,0.029180
5.28,-42.96,0.032208
5.78,-42.96,0.035224
6.28,-42.96,0.038225
6.78,-42.96,0.041211
7.29,-42.96,0.044182
7.79,-42.96,0.047135
8.29,-42.96,0.050070
8.79,-42.96,0.052986
9.30,-42.96,0.055881
9.80,-42.96,0.058756
10.30,-42.96,0.061609
10.80,-42.96,0.064440
11.31,-42.96,0.067247
11.81,-42.96,0.070030
12.31,-42.96,0.072788
12.81,-42.96,0.075521
13.32,-42.96,0.078227
13.82,-42.96,0.080907
14.32,-42.96,0.083560
14.82,-42.96,0.086185
15.33,-42.96,0.088781
15.83,-42.96,0.091349
16.33,-42.96,0.093888
16.83,-42.96,0.096397
17.34,-42.96,0.098877
17.84,-42.96,0.101326
18.34,-42.96,0.103746
18.84,-42.96,0.106135
19.35,-42.96,0.108493
19.85,-42.96,0.110821
20.35,-42.96,0.113117
20.85,-42.96,0.115383
21.36,-42.96,0.117618
21.86,-42.96,0.119821
22.36,-42.96,0.121994
22.86,-42.96,0.124135
23.37,-42.96,0.126246
23.87,-42.96,0.128326
24.37,-42.96,0.130375
24.87,-42.96,0.132393
25.38,-42.96,0.134381
25.88,-42.96,0.136339
26.38,-42.96,0.138267
26.88,-42.96,0.140164
27.39,-42.96,0.142032
27.89,-42.96,0.143871
28.39,-42.96,0.145680
28.89,-42.96,0.147460
29.40,-42.96,0.149212
29.90,-42.96,0.150935
30.40,-42.96,0.152630
30.90,-42.96,0.154297
31.41,-42.96,0.155937
31.91,-42.96,0.157549
32.41,-42.96,0.159135
32.91,-42.96,0.160694
33.42,-42.96,0.162227
33.92,-42.96,0.163734
34.42,-42.96,0.165216
34.92,-42.96,0.166672
35.43,-42.96,0.168104
35.93,-42.96,0.169511
36.43,-42.96,0.170894
36.93,-42.96,0.172254
37.44,-42.96,0.173590
37.94,-42.96,0.174903
38.44,-42.96,0.176193
38.94,-42.96,0.177461
39.45,-42.96,0.178707
39.95,-42.96,0.179932
40.45,-42.96,0.181135
40.95,-42.96,0.182318
41.46,-42.96,0.183480
41.96,-42.96,0.184621
42.46,-42.96,0.185743
42.96,-42.96,0.186845
43.47,-42.96,0.187928
43.97,-42.96,0.188993
44.47,-42.96,0.190039
44.97,-42.96,0.191066
45.48,-42.96,0.192076
45.98,-42.96,0.193068
46.48,-42.96,0.194043
46.98,-42.96,0.195001
47.49,-42.96,0.195943
47.99,-42.96,0.196868
48.49,-42.96,0.197777
48.99,-42.96,0.198671
49.50,-42.96,0.199549
50.00,-42.96,0.200412
-50.00,-42.46,0.000000
-49.50,-42.46,0.000000
-48.99,-42.46,0.000000
-48.49,-42.46,0.000000
-47.99,-42.46,0.000000
-47.49,-42.46,0.000000
-46.98,-42.46,0.000000
-46.48,-42.46,0.000000
-45.98,-42.46,0.000000
-45.48,-42.46,0.000000
-44.97,-42.46,0.000000
-44.47,-42.46,0.000000
-43.97,-42.46,0.000000
-43.47,-42.46,0.000000
-42.96,-42.46,0.000000
-42.46,-42.46,0.000000
-41.96,-42.46,0.000000
-41.46,-42.46,0.000000
-40.95,-42.46,0.000000
-40.45,-42.46,0.000000
-39.95,-42.46,0.000000
-39.45,-42.46,0.000000
-38.94,-42.46,0.000000
-38.44,-42.46,0.000000
-37.94,-42.46,0.000000
-37.44,-42.46,0.000000
-36.93,-42.46,0.000000
-36.43,-42.46,0.000000
-35.93,-42.46,0.000000
-35.43,-42.46,0.000000
-34.92,-42.46,0.000000
-34.42,-42.46,0.000000
-33.92,-42.46,0.000000
-33.42,-42.46,0.000000
-32.91,-42.46,0.000000
-32.41,-42.46,0.000000
-31.91,-42.46,0.000000
-31.41,-42.46,0.000000
-30.90,-42.46,0.000000
-30.40,-42.46,0.000000
-29.90,-42.46,0.000000
-29.40,-42.46,0.000000
-28.89,-42.46,0.000000
-28.39,-42.46,0.000000
-27.89,-42.46,0.000000
-27.39,-42.46,0.000000
-26.88,-42.46,0.000000
-26.38,-42.46,0.000000
-25.88,-42.46,0.000000
-25.38,-42.46,0.000000
-24.87,-42.46,0.000000
-24.37,-42.46,0.000000
-23.87,-42.46,0.000000
-23.37,-42.46,0.000000
-22.86,-42.46,0.000000
-22.36,-42.46,0.000000
-21.86,-42.46,0.000000
-21.36,-42.46,0.000000
-20.85,-42.46,0.000000
-20.35,-42.46,0.000000
-19.85,-42.46,0.000000
-19.35,-42.46,0.000000
-18.84,-42.46,0.000000
-18.34,-42.46,0.000000
-17.84,-42.46,0.000000
-17.34,-42.46,0.000000
-16.83,-42.46,0.000000
-16.33,-42.46,0.000000
-15.83,-42.46,0.000000
-15.33,-42.46,0.000000
-14.82,-42.46,0.000000
-14.32,-42.46,0.000000
-13.82,-42.46,0.000000
-13.32,-42.46,0.000000
-12.81,-42.46,0.000000
-12.31,-42.46,0.000000
-11.81,-42.46,0.000000
-11.31,-42.46,0.000000
-10.80,-42.46,0.000000
-10.30,-42.46,0.000000
-9.80,-42.46,0.000000
-9.30,-42.46,0.000000
-8.79,-42.46,0.000000
-8.29,-42.46,0.000000
-7.79,-42.46,0.000000
-7.29,-42.46,0.000000
-6.78,-42.46,0.000000
-6.28,-42.46,0.000000
-5.78,-42.46,0.000000
-5.28,-42.46,0.000000
-4.77,-42.46,0.000000
-4.27,-42.46,0.000000
-3.77,-42.46,0.000000
-3.27,-42.46,0.000000
-2.76,-42.46,0.000000
-2.26,-42.46,0.000000
-1.76,-42.46,0.000000
-1.26,-42.46,0.000000
-0.75,-42.46,0.000000
-0.25,-42.46,0.000000
0.25,-42.46,0.001564
0.75,-42.46,0.004690
1.26,-42.46,0.007814
1.76,-42.46,0.010935
2.26,-42.46,0.014052
2.76,-42.46,0.017163
3.27,-42.46,0.020266
3.77,-42.46,0.023361
4.27,-42.46,0.026447
4.77,-42.46,0.029521
5.28,-42.46,0.032584
5.78,-42.46,0.035633
6.28,-42.46,0.038668
6.78,-42.46,0.041687
7.29,-42.46,0.044690
7.79,-42.46,0.047674
8.29,-42.46,0.050641
8.79,-42.46,0.053587
9.30,-42.46,0.056513
9.80,-42.46,0.059417
10.30,-42.46,0.062298
10.80,-42.46,0.065156
11.31,-42.46,0.067991
11.81,-42.46,0.070800
12.31,-42.46,0.073583
12.81,-42.46,0.076340
13.32,-42.46,0.079071
13.82,-42.46,0.081773
14.32,-42.46,0.084448
14.82,-42.46,0.087094
15.33,-42.46,0.089711
15.83,-42.46,0.092299
16.33,-42.46,0.094856
16.83,-42.46,0.097384
17.34,-42.46,0.099880
17.84,-42.46,0.102346
18.34,-42.46,0.104781
18.84,-42.46,0.107185
19.35,-42.46,0.109557
19.85,-42.46,0.111898
20.35,-42.46,0.114207
20.85,-42.46,0.116484
21.36,-42.46,0.118730
21.86,-42.46,0.120943
22.36,-42.46,0.123125
22.86,-42.46,0.125276
23.37,-42.46,0.127394
23.87,-42.46,0.129481
24.37,-42.46,0.131537
24.87,-42.46,0.133562
25.38,-42.46,0.135555
25.88,-42.46,0.137517
26.38,-42.46,0.139449
26.88,-42.46,0.141350
27.39,-42.46,0.143221
27.89,-42.46,0.145062
28.39,-42.46,0.146873
28.89,-42.46,0.148655
29.40,-42.46,0.150408
29.90,-42.46,0.152131
30.40,-42.46,0.153826
30.90,-42.46,0.155493
31.41,-42.46,0.157132
31.91,-42.46,0.158743
32.41,-42.46,0.160327
32.91,-42.46,0.161885
33.42,-42.46,0.163415
33.92,-42.46,0.164920
34.42,-42.46,0.166399
34.92,-42.46,0.167852
35.43,-42.46,0.169280
35.93,-42.46,0.170683
36.43,-42.46,0.172062
36.93,-42.46,0.173417
37.44,-42.46,0.174749
37.94,-42.46,0.176057
38.44,-42.46,0.177342
38.94,-42.46,0.178605
39.45,-42.46,0.179846
39.95,-42.46,0.181065
40.45,-42.46,0.182262
40.95,-42.46,0.183439
41.46,-42.46,0.184594
41.96,-42.46,0.185730
42.46,-42.46,0.186845
42.96,-42.46,0.187941
43.47,-42.46,0.189018
43.97,-42.46,0.190075
44.47,-42.46,0.191114
44.97,-42.46,0.192135
45.48,-42.46,0.193138
45.98,-42.46,0.194123
46.48,-42.46,0.195091
46.98,-42.46,0.196042
47.49,-42.46,0.196976
47.99,-42.46,0.197894
48.49,-42.46,0.198796
48.99,-42.46,0.199683
49.50,-42.46,0.200553
50.00,-42.46,0.201409
-50.00,-41.96,0.000000
-49.50,-41.96,0.000000
-48.99,-41.96,0.000000
-48.49,-41.96,0.000000
-47.99,-41.96,0.000000
-47.49,-41.96,0.000000
-46.98,-41.96,0.000000
-46.48,-41.96,0.000000
-45.98,-41.96,0.000000
-45.48,-41.96,0.000000
-44.97,-41.96,0.000000
-44.47,-41.96,0.000000
-43.97,-41.96,0.000000
-43.47,-41.96,0.000000
-42.96,-41.96,0.000000
-42.46,-41.96,0.000000
-41.96,-41.96,0.000000
-41.46,-41.96,0.000000
-40.95,-41.96,0.000000
-40.45,-41.96,0.000000
-39.95,-41.96,0.000000
-39.45,-41.96,0.000000
-38.94,-41.96,0.000000
-38.44,-41.96,0.000000
-37.94,-41.96,0.000000
-37.44,-41.96,0.000000
-36.93,-41.96,0.000000
-36.43,-41.96,0.000000
-35.93,-41.96,0.000000
-35.43,-41.96,0.000000
-34.92,-41.96,0.000000
-34.42,-41.96,0.000000
-33.92,-41.96,0.000000
-33.42,-41.96,0.000000
-32.91,-41.96,0.000000
-32.41,-41.96,0.000000
-31.91,-41.96,0.000000
-31.41,-41.96,0.000000
-30.90,-41.96,0.000000
-30.40,-41.96,0.000000
-29.90,-41.96,0.000000
-29.40,-41.96,0.000000
-28.89,-41.96,0.000000
-28.39,-41.96,0.000000
-27.89,-41.96,0.000000
-27.39,-41.96,0.000000
-26.88,-41.96,0.000000
-26.38,-41.96,0.000000
-25.88,-41.96,0.000000
-25.38,-41.96,0.000000
-24.87,-41.96,0.000000
-24.37,-41.96,0.000000
-23.87,-41.96,0.000000
-23.37,-41.96,0.000000
-22.86,-41.96,0.000000
-22.36,-41.96,0.000000
-21.86,-41.96,0.000000
-21.36,-41.96,0.000000
-20.85,-41.96,0.000000
-20.35,-41.96,0.000000
-19.85,-41.96,0.000000
-19.35,-41.96,0.000000
-18.84,-41.96,0.000000
-18.34,-41.96,0.000000
-17.84,-41.96,0.000000
-17.34,-41.96,0.000000
-16.83,-41.96,0.000000
-16.33,-41.96,0.000000
-15.83,-41.96,0.000000
-15.33,-41.96,0.000000
-14.82,-41.96,0.000000
-14.32,-41.96,0.000000
-13.82,-41.96,0.000000
-13.32,-41.96,0.000000
-12.81,-41.96,0.000000
-12.31,-41.96,0.000000
-11.81,-41.96,0.000000
-11.31,-41.96,0.000000
-10.80,-41.96,0.000000
-10.30,-41.96,0.000000
-9.80,-41.96,0.000000
-9.30,-41.96,0.000000
-8.79,-41.96,0.000000
-8.29,-41.96,0.000000
-7.79,-41.96,0.000000
-7.29,-41.96,0.000000
-6.78,-41.96,0.000000
-6.28,-41.96,0.000000
-5.78,-41.96,0.000000
-5.28,-41.96,0.000000
-4.77,-41.96,0.000000
-4.27,-41.96,0.000000
-3.77,-41.96,0.000000
-3.27,-41.96,0.000000
-2.76,-41.96,0.000000
-2.26,-41.96,0.000000
-1.76,-41.96,0.000000
-1.26,-41.96,0.000000
-0.75,-41.96,0.000000
-0.25,-41.96,0.000000
0.25,-41.96,0.001582
0.75,-41.96,0.004746
1.26,-41.96,0.007908
1.76,-41.96,0.011066
2.26,-41.96,0.014220
2.76,-41.96,0.017367
3.27,-41.96,0.020507
3.77,-41.96,0.023639
4.27,-41.96,0.026760
4.77,-41.96,0.029870
5.28,-41.96,0.032968
5.78,-41.96,0.036052
6.28,-41.96,0.039121
6.78,-41.96,0.042174
7.29,-41.96,0.045209
7.79,-41.96,0.048227
8.29,-41.96,0.051224
8.79,-41.96,0.054202
9.30,-41.96,0.057158
9.80,-41.96,0.060092
10.30,-41.96,0.063002
10.80,-41.96,0.065889
11.31,-41.96,0.068750
11.81,-41.96,0.071586
12.31,-41.96,0.074395
12.81,-41.96,0.077177
13.32,-41.96,0.079931
13.82,-41.96,0.082657
14.32,-41.96,0.085355
14.82,-41.96,0.088022
15.33,-41.96,0.090660
15.83,-41.96,0.093267
16.33,-41.96,0.095844
16.83,-41.96,0.098389
17.34,-41.96,0.100903
17.84,-41.96,0.103385
18.34,-41.96,0.105836
18.84,-41.96,0.108254
19.35,-41.96,0.110640
19.85,-41.96,0.112994
20.35,-41.96,0.115315
20.85,-41.96,0.117604
21.36,-41.96,0.119860
21.86,-41.96,0.122084
22.36,-41.96,0.124275
22.86,-41.96,0.126434
23.37,-41.96,0.128561
23.87,-41.96,0.130655
24.37,-41.96,0.132717
24.87,-41.96,0.134747
25.38,-41.96,0.136745
25.88,-41.96,0.138712
26.38,-41.96,0.140648
26.88,-41.96,0.142552
27.39,-41.96,0.144426
27.89,-41.96,0.146269
28.39,-41.96,0.148082
28.89,-41.96,0.149865
29.40,-41.96,0.151618
29.90,-41.96,0.153342
30.40,-41.96,0.155037
30.90,-41.96,0.156703
31.41,-41.96,0.158341
31.91,-41.96,0.159951
32.41,-41.96,0.161533
32.91,-41.96,0.163088
33.42,-41.96,0.164616
33.92,-41.96,0.166117
34.42,-41.96,0.167593
34.92,-41.96,0.169042
35.43,-41.96,0.170466
35.93,-41.96,0.171866
36.43,-41.96,0.173240
36.93,-41.96,0.174591
37.44,-41.96,0.175917
37.94,-41.96,0.177220
38.44,-41.96,0.178500
38.94,-41.96,0.179757
39.45,-41.96,0.180992
39.95,-41.96,0.182205
40.45,-41.96,0.183397
40.95,-41.96,0.184567
41.46,-41.96,0.185716
41.96,-41.96,0.186845
42.46,-41.96,0.187954
42.96,-41.96,0.189043
43.47,-41.96,0.190113
43.97,-41.96,0.191164
44.47,-41.96,0.192196
44.97,-41.96,0.193209
45.48,-41.96,0.194205
45.98,-41.96,0.195183
46.48,-41.96,0.196144
46.98,-41.96,0.197087
47.49,-41.96,0.198014
47.99,-41.96,0.198925
48.49,-41.96,0.199819
48.99,-41.96,0.200698
49.50,-41.96,0.201561
50.00,-41.96,0.202409
-50.00,-41.46,0.000000
-49.50,-41.46,0.000000
-48.99,-41.46,0.000000
-48.49,-41.46,0.000000
-47.99,-41.46,0.000000
-47.49,-41.46,0.000000
-46.98,-41.46,0.000000
-46.48,-41.46,0.000000
-45.98,-41.46,0.000000
-45.48,-41.46,0.000000
-44.97,-41.46,0.000000
-44.47,-41.46,0.000000
-43.97,-41.46,0.000000
-43.47,-41.46,0.000000
-42.96,-41.46,0.000000
-42.46,-41.46,0.000000
-41.96,-41.46,0.000000
-41.46,-41.46,0.000000
-40.95,-41.46,0.000000
-40.45,-41.46,0.000000
-39.95,-41.46,0.000000
-39.45,-41.46,0.000000
-38.94,-41.46,0.000000
-38.44,-41.46,0.000000
-37.94,-41.46,0.000000
-37.44,-41.46,0.000000
-36.93,-41.46,0.000000
-36.43,-41.46,0.000000
-35.93,-41.46,0.000000
-35.43,-41.46,0.000000
-34.92,-41.46,0.000000
-34.42,-41.46,0.000000
-33.92,-41.46,0.000000
-33.42,-41.46,0.000000
-32.91,-41.46,0.000000
-32.41,-41.46,0.000000
-31.91,-41.46,0.000000
-31.41,-41.46,0.000000
-30.90,-41.46,0.000000
-30.40,-41.46,0.000000
-29.90,-41.46,0.000000
-29.40,-41.46,0.000000
-28.89,-41.46,0.000000
-28.39,-41.46,0.000000
-27.89,-41.46,0.000000
-27.39,-41.46,0.000000
-26.88,-41.46,0.000000
-26.38,-41.46,0.000000
-25.88,-41.46,0.000000
-25.38,-41.46,0.000000
-24.87,-41.46,0.000000
-24.37,-41.46,0.000000
-23.87,-41.46,0.000000
-23.37,-41.46,0.000000
-22.86,-41.46,0.000000
-22.36,-41.46,0.000000
-21.86,-41.46,0.000000
-21.36,-41.46,0.000000
-20.85,-41.46,0.000000
-20.35,-41.46,0.000000
-19.85,-41.46,0.000000
-19.35,-41.46,0.000000
-18.84,-41.46,0.000000
-18.34,-41.46,0.000000
-17.84,-41.46,0.000000
-17.34,-41.46,0.000000
-16.83,-41.46,0.000000
-16.33,-41.46,0.000000
-15.83,-41.46,0.000000
-15.33,-41.46,0.000000
-14.82,-41.46,0.000000
-14.32,-41.46,0.000000
-13.82,-41.46,0.000000
-13.32,-41.46,0.000000
-12.81,-41.46,0.000000
-12.31,-41.46,0.000000
-11.81,-41.46,0.000000
-11.31,-41.46,0.000000
-10.80,-41.46,0.000000
-10.30,-41.46,0.000000
-9.80,-41.46,0.000000
-9.30,-41.46,0.000000
-8.79,-41.46,0.000000
-8.29,-41.46,0.000000
-7.79,-41.46,0.000000
-7.29,-41.46,0.000000
-6.78,-41.46,0.000000
-6.28,-41.46,0.000000
-5.78,-41.46,0.000000
-5.28,-41.46,0.000000
-4.77,-41.46,0.000000
-4.27,-41.46,0.000000
-3.77,-41.46,0.000000
-3.27,-41.46,0.000000
-2.76,-41.46,0.000000
-2.26,-41.46,0.000000
-1.76,-41.46,0.000000
-1.26,-41.46,0.000000
-0.75,-41.46,0.000000
-0.25,-41.46,0.000000
0.25,-41.46,0.001601
0.75,-41.46,0.004804
1.26,-41.46,0.008004
1.76,-41.46,0.011200
2.26,-41.46,0.014392
2.76,-41.46,0.017577
3.27,-41.46,0.020755
3.77,-41.46,0.023923
4.27,-41.46,0.027081
4.77,-41.46,0.030228
5.28,-41.46,0.033361
5.78,-41.46,0.036481
6.28,-41.46,0.039584
6.78,-41.46,0.042672
7.29,-41.46,0.045741
7.79,-41.46,0.048791
8.29,-41.46,0.051822
8.79,-41.46,0.054831
9.30,-41.46,0.057818
9.80,-41.46,0.060782
10.30,-41.46,0.063722
10.80,-41.46,0.066637
11.31,-41.46,0.069526
11.81,-41.46,0.072389
12.31,-41.46,0.075224
12.81,-41.46,0.078031
13.32,-41.46,0.080810
13.82,-41.46,0.083560
14.32,-41.46,0.086279
14.82,-41.46,0.088969
15.33,-41.46,0.091627
15.83,-41.46,0.094255
16.33,-41.46,0.096850
16.83,-41.46,0.099414
17.34,-41.46,0.101945
17.84,-41.46,0.104444
18.34,-41.46,0.106910
18.84,-41.46,0.109343
19.35,-41.46,0.111743
19.85,-41.46,0.114110
20.35,-41.46,0.116443
20.85,-41.46,0.118743
21.36,-41.46,0.121010
21.86,-41.46,0.123244
22.36,-41.46,0.125444
22.86,-41.46,0.127611
23.37,-41.46,0.129745
23.87,-41.46,0.131846
24.37,-41.46,0.133914
24.87,-41.46,0.135950
25.38,-41.46,0.137953
25.88,-41.46,0.139924
26.38,-41.46,0.141864
26.88,-41.46,0.143771
27.39,-41.46,0.145647
27.89,-41.46,0.147492
28.39,-41.46,0.149306
28.89,-41.46,0.151090
29.40,-41.46,0.152844
29.90,-41.46,0.154567
30.40,-41.46,0.156261
30.90,-41.46,0.157927
31.41,-41.46,0.159563
31.91,-41.46,0.161171
32.41,-41.46,0.162751
32.91,-41.46,0.164303
33.42,-41.46,0.165828
33.92,-41.46,0.167326
34.42,-41.46,0.168798
34.92,-41.46,0.170244
35.43,-41.46,0.171664
35.93,-41.46,0.173058
36.43,-41.46,0.174428
36.93,-41.46,0.175773
37.44,-41.46,0.177095
37.94,-41.46,0.178392
38.44,-41.46,0.179667
38.94,-41.46,0.180918
39.45,-41.46,0.182147
39.95,-41.46,0.183354
40.45,-41.46,0.184539
40.95,-41.46,0.185703
41.46,-41.46,0.186845
41.96,-41.46,0.187967
42.46,-41.46,0.189069
42.96,-41.46,0.190151
43.47,-41.46,0.191214
43.97,-41.46,0.192258
44.47,-41.46,0.193282
44.97,-41.46,0.194289
45.48,-41.46,0.195277
45.98,-41.46,0.196247
46.48,-41.46,0.197200
46.98,-41.46,0.198136
47.49,-41.46,0.199056
47.99,-41.46,0.199959
48.49,-41.46,0.200846
48.99,-41.46,0.201717
49.50,-41.46,0.202572
50.00,-41.46,0.203412
-50.00,-40.95,0.000000
-49.50,-40.95,0.000000
-48.99,-40.95,0.000000
-48.49,-40.95,0.000000
-47.99,-40.95,0.000000
-47.49,-40.95,0.000000
-46.98,-40.95,0.000000
-46.48,-40.95,0.000000
-45.98,-40.95,0.000000
-45.48,-40.95,0.000000
-44.97,-40.95,0.000000
-44.47,-40.95,0.000000
-43.97,-40.95,0.000000
-43.47,-40.95,0.000000
-42.96,-40.95,0.000000
-42.46,-40.95,0.000000
-41.96,-40.95,0.000000
-41.46,-40.95,0.000000
-40.95,-40.95,0.000000
-40.45,-40.95,0.000000
-39.95,-40.95,0.000000
-39.45,-40.95,0.000000
-38.94,-40.95,0.000000
-38.44,-40.95,0.000000
-37.94,-40.95,0.000000
-37.44,-40.95,0.000000
-36.93,-40.95,0.000000
-36.43,-40.95,0.000000
-35.93,-40.95,0.000000
-35.43,-40.95,0.000000
-34.92,-40.95,0.000000
-34.42,-40.95,0.000000
-33.92,-40.95,0.000000
-33.42,-40.95,0.000000
-32.91,-40.95,0.000000
-32.41,-40.95,0.000000
-31.91,-40.95,0.000000
-31.41,-40.95,0.000000
-30.90,-40.95,0.000000
-30.40,-40.95,0.000000
-29.90,-40.95,0.000000
-29.40,-40.95,0.000000
-28.89,-40.95,0.000000
-28.39,-40.95,0.000000
-27.89,-40.95,0.000000
-27.39,-40.95,0.000000
-26.88,-40.95,0.000000
-26.38,-40.95,0.000000
-25.88,-40.95,0.000000
-25.38,-40.95,0.000000
-24.87,-40.95,0.000000
-24.37,-40.95,0.000000
-23.87,-40.95,0.000000
-23.37,-40.95,0.000000
-22.86,-40.95,0.000000
-22.36,-40.95,0.000000
-21.86,-40.95,0.000000
-21.36,-40.95,0.000000
-20.85,-40.95,0.000000
-20.35,-40.95,0.000000
-19.85,-40.95,0.000000
-19.35,-40.95,0.000000
-18.84,-40.95,0.000000
-18.34,-40.95,0.000000
-17.84,-40.95,0.000000
-17.34,-40.95,0.000000
-16.83,-40.95,0.000000
-16.33,-40.95,0.000000
-15.83,-40.95,0.000000
-15.33,-40.95,0.000000
-14.82,-40.95,0.000000
-14.32,-40.95,0.000000
-13.82,-40.95,0.000000
-13.32,-40.95,0.000000
-12.81,-40.95,0.000000
-12.31,-40.95,0.000000
-11.81,-40.95,0.000000
-11.31,-40.95,0.000000
-10.80,-40.95,0.000000
-10.30,-40.95,0.000000
-9.80,-40.95,0.000000
-9.30,-40.95,0.000000
-8.79,-40.95,0.000000
-8.29,-40.95,0.000000
-7.79,-40.95,0.000000
-7.29,-40.95,0.000000
-6.78,-40.95,0.000000
-6.28,-40.95,0.000000
-5.78,-40.95,0.000000
-5.28,-40.95,0.000000
-4.77,-40.95,0.000000
-4.27,-40.95,0.000000
-3.77,-40.95,0.000000
-3.27,-40.95,0.000000
-2.76,-40.95,0.000000
-2.26,-40.95,0.000000
-1.76,-40.95,0.000000
-1.26,-40.95,0.000000
-0.75,-40.95,0.000000
-0.25,-40.95,0.000000
0.25,-40.95,0.001621
0.75,-40.95,0.004862
1.26,-40.95,0.008102
1.76,-40.95,0.011337
2.26,-40.95,0.014568
2.76,-40.95,0.017792
3.27,-40.95,0.021008
3.77,-40.95,0.024214
4.27,-40.95,0.027410
4.77,-40.95,0.030594
5.28,-40.95,0.033764
5.78,-40.95,0.036920
6.28,-40.95,0.040059
6.78,-40.95,0.043181
7.29,-40.95,0.046285
7.79,-40.95,0.049369
8.29,-40.95,0.052433
8.79,-40.95,0.055474
9.30,-40.95,0.058493
9.80,-40.95,0.061487
10.30,-40.95,0.064457
10.80,-40.95,0.067401
11.31,-40.95,0.070319
11.81,-40.95,0.073209
12.31,-40.95,0.076071
12.81,-40.95,0.078904
13.32,-40.95,0.081707
13.82,-40.95,0.084481
14.32,-40.95,0.087223
14.82,-40.95,0.089935
15.33,-40.95,0.092614
15.83,-40.95,0.095261
16.33,-40.95,0.097876
16.83,-40.95,0.100458
17.34,-40.95,0.103007
17.84,-40.95,0.105522
18.34,-40.95,0.108004
18.84,-40.95,0.110451
19.35,-40.95,0.112865
19.85,-40.95,0.115245
20.35,-40.95,0.117590
20.85,-40.95,0.119902
21.36,-40.95,0.122179
21.86,-40.95,0.124422
22.36,-40.95,0.126631
22.86,-40.95,0.128806
23.37,-40.95,0.130948
23.87,-40.95,0.133055
24.37,-40.95,0.135130
24.87,-40.95,0.137170
25.38,-40.95,0.139178
25.88,-40.95,0.141153
26.38,-40.95,0.143096
26.88,-40.95,0.145006
27.39,-40.95,0.146884
27.89,-40.95,0.148731
28.39,-40.95,0.150546
28.89,-40.95,0.152330
29.40,-40.95,0.154084
29.90,-40.95,0.155807
30.40,-40.95,0.157500
30.90,-40.95,0.159164
31.41,-40.95,0.160798
31.91,-40.95,0.162404
32.41,-40.95,0.163981
32.91,-40.95,0.165531
33.42,-40.95,0.167052
33.92,-40.95,0.168547
34.42,-40.95,0.170015
34.92,-40.95,0.171456
35.43,-40.95,0.172871
35.93,-40.95,0.174261
36.43,-40.95,0.175626
36.93,-40.95,0.176966
37.44,-40.95,0.178282
37.94,-40.95,0.179574
38.44,-40.95,0.180842
38.94,-40.95,0.182087
39.45,-40.95,0.183310
39.95,-40.95,0.184510
40.45,-40.95,0.185688
40.95,-40.95,0.186845
41.46,-40.95,0.187981
41.96,-40.95,0.189096
42.46,-40.95,0.190191
42.96,-40.95,0.191266
43.47,-40.95,0.192321
43.97,-40.95,0.193357
44.47,-40.95,0.194374
44.97,-40.95,0.195373
45.48,-40.95,0.196353
45.98,-40.95,0.197316
46.48,-40.95,0.198262
46.98,-40.95,0.199190
47.49,-40.95,0.200101
47.99,-40.95,0.200996
48.49,-40.95,0.201875
48.99,-40.95,0.202738
49.50,-40.95,0.203586
50.00,-40.95,0.204418
-50.00,-40.45,0.000000
-49.50,-40.45,0.000000
-48.99,-40.45,0.000000
-48.49,-40.45,0.000000
-47.99,-40.45,0.000000
-47.49,-40.45,0.000000
-46.98,-40.45,0.000000
-46.48,-40.45,0.000000
-45.98,-40.45,0.000000
-45.48,-40.45,0.000000
-44.97,-40.45,0.000000
-44.47,-40.45,0.000000
-43.97,-40.45,0.000000
-43.47,-40.45,0.000000
-42.96,-40.45,0.000000
-42.46,-40.45,0.000000
-41.96,-40.45,0.000000
-41.46,-40.45,0.000000
-40.95,-40.45,0.000000
-40.45,-40.45,0.000000
-39.95,-40.45,0.000000
-39.45,-40.45,0.000000
-38.94,-40.45,0.000000
-38.44,-40.45,0.000000
-37.94,-40.45,0.000000
-37.44,-40.45,0.000000
-36.93,-40.45,0.000000
-36.43,-40.45,0.000000
-35.93,-40.45,0.000000
-35.43,-40.45,0.000000
-34.92,-40.45,0.000000
-34.42,-40.45,0.000000
-33.92,-40.45,0.000000
-33.42,-40.45,0.000000
-32.91,-40.45,0.000000
-32.41,-40.45,0.000000
-31.91,-40.45,0.000000
-31.41,-40.45,0.000000
-30.90,-40.45,0.000000
-30.40,-40.45,0.000000
-29.90,-40.45,0.000000
-29.40,-40.45,0.000000
-28.89,-40.45,0.000000
-28.39,-40.45,0.000000
-27.89,-40.45,0.000000
-27.39,-40.45,0.000000
-26.88,-40.45,0.000000
-26.38,-40.45,0.000000
-25.88,-40.45,0.000000
-25.38,-40.45,0.000000
-24.87,-40.45,0.000000
-24.37,-40.45,0.000000
-23.87,-40.45,0.000000
-23.37,-40.45,0.000000
-22.86,-40.45,0.000000
-22.36,-40.45,0.000000
-21.86,-40.45,0.000000
-21.36,-40.45,0.000000
-20.85,-40.45,0.000000
-20.35,-40.45,0.000000
-19.85,-40.45,0.000000
-19.35,-40.45,0.000000
-18.84,-40.45,0.000000
-18.34,-40.45,0.000000
-17.84,-40.45,0.000000
-17.34,-40.45,0.000000
-16.83,-40.45,0.000000
-16.33,-40.45,0.000000
-15.83,-40.45,0.000000
-15.33,-40.45,0.000000
-14.82,-40.45,0.000000
-14.32,-40.45,0.000000
-13.82,-40.45,0.000000
-13.32,-40.45,0.000000
-12.81,-40.45,0.000000
-12.31,-40.45,0.000000
-11.81,-40.45,0.000000
-11.31,-40.45,0.000000
-10.80,-40.45,0.000000
-10.30,-40.45,0.000000
-9.80,-40.45,0.000000
-9.30,-40.45,0.000000
-8.79,-40.45,0.000000
-8.29,-40.45,0.000000
-7.79,-40.45,0.000000
-7.29,-40.45,0.000000
-6.78,-40.45,0.000000
-6.28,-40.45,0.000000
-5.78,-40.45,0.000000
-5.28,-40.45,0.000000
-4.77,-40.45,0.000000
-4.27,-40.45,0.000000
-3.77,-40.45,0.000000
-3.27,-40.45,0.000000
-2.76,-40.45,0.000000
-2.26,-40.45,0.000000
-1.76,-40.45,0.000000
-1.26,-40.45,0.000000
-0.75,-40.45,0.000000
-0.25,-40.45,0.000000
0.25,-40.45,0.001641
0.75,-40.45,0.004923
1.26,-40.45,0.008202
1.76,-40.45,0.011478
2.26,-40.45,0.014748
2.76,-40.45,0.018012
3.27,-40.45,0.021267
3.77,-40.45,0.024512
4.27,-40.45,0.027747
4.77,-40.45,0.030969
5.28,-40.45,0.034176
5.78,-40.45,0.037369
6.28,-40.45,0.040545
6.78,-40.45,0.043703
7.29,-40.45,0.046842
7.79,-40.45,0.049961
8.29,-40.45,0.053058
8.79,-40.45,0.056132
9.30,-40.45,0.059183
9.80,-40.45,0.062209
10.30,-40.45,0.065209
10.80,-40.45,0.068183
11.31,-40.45,0.071130
11.81,-40.45,0.074047
12.31,-40.45,0.076936
12.81,-40.45,0.079795
13.32,-40.45,0.082624
13.82,-40.45,0.085421
14.32,-40.45,0.088187
14.82,-40.45,0.090920
15.33,-40.45,0.093621
15.83,-40.45,0.096289
16.33,-40.45,0.098923
16.83,-40.45,0.101523
17.34,-40.45,0.104089
17.84,-40.45,0.106621
18.34,-40.45,0.109118
18.84,-40.45,0.111580
19.35,-40.45,0.114007
19.85,-40.45,0.116400
20.35,-40.45,0.118757
20.85,-40.45,0.121080
21.36,-40.45,0.123367
21.86,-40.45,0.125620
22.36,-40.45,0.127838
22.86,-40.45,0.130021
23.37,-40.45,0.132169
23.87,-40.45,0.134283
24.37,-40.45,0.136363
24.87,-40.45,0.138409
25.38,-40.45,0.140421
25.88,-40.45,0.142400
26.38,-40.45,0.144345
26.88,-40.45,0.146258
27.39,-40.45,0.148138
27.89,-40.45,0.149986
28.39,-40.45,0.151802
28.89,-40.45,0.153586
29.40,-40.45,0.155339
29.90,-40.45,0.157061
30.40,-40.45,0.158753
30.90,-40.45,0.160415
31.41,-40.45,0.162048
31.91,-40.45,0.163651
32.41,-40.45,0.165225
32.91,-40.45,0.166771
33.42,-40.45,0.168289
33.92,-40.45,0.169779
34.42,-40.45,0.171243
34.92,-40.45,0.172680
35.43,-40.45,0.174090
35.93,-40.45,0.175475
36.43,-40.45,0.176834
36.93,-40.45,0.178168
37.44,-40.45,0.179478
37.94,-40.45,0.180764
38.44,-40.45,0.182026
38.94,-40.45,0.183265
39.45,-40.45,0.184480
39.95,-40.45,0.185674
40.45,-40.45,0.186845
40.95,-40.45,0.187995
41.46,-40.45,0.189124
41.96,-40.45,0.190231
42.46,-40.45,0.191319
42.96,-40.45,0.192386
43.47,-40.45,0.193433
43.97,-40.45,0.194462
44.47,-40.45,0.195471
44.97,-40.45,0.196462
45.48,-40.45,0.197435
45.98,-40.45,0.198389
46.48,-40.45,0.199327
46.98,-40.45,0.200247
47.49,-40.45,0.201150
47.99,-40.45,0.202037
48.49,-40.45,0.202908
48.99,-40.45,0.203763
49.50,-40.45,0.204602
50.00,-40.45,0.205427
-50.00,-39.95,0.000000
-49.50,-39.95,0.000000
-48.99,-39.95,0.000000
-48.49,-39.95,0.000000
-47.99,-39.95,0.000000
-47.49,-39.95,0.000000
-46.98,-39.95,0.000000
-46.48,-39.95,0.000000
-45.98,-39.95,0.000000
-45.48,-39.95,0.000000
-44.97,-39.95,0.000000
-44.47,-39.95,0.000000
-43.97,-39.95,0.000000
-43.47,-39.95,0.000000
-42.96,-39.95,0.000000
-42.46,-39.95,0.000000
-41.96,-39.95,0.000000
-41.46,-39.95,0.000000
-40.95,-39.95,0.000000
-40.45,-39.95,0.000000
-39.95,-39.95,0.000000
-39.45,-39.95,0.000000
-38.94,-39.95,0.000000
-38.44,-39.95,0.000000
-37.94,-39.95,0.000000
-37.44,-39.95,0.000000
-36.93,-39.95,0.000000
-36.43,-39.95,0.000000
-35.93,-39.95,0.000000
-35.43,-39.95,0.000000
-34.92,-39.95,0.000000
-34.42,-39.95,0.000000
-33.92,-39.95,0.000000
-33.42,-39.95,0.000000
-32.91,-39.95,0.000000
-32.41,-39.95,0.000000
-31.91,-39.95,0.000000
-31.41,-39.95,0.000000
-30.90,-39.95,0.000000
-30.40,-39.95,0.000000
-29.90,-39.95,0.000000
-29.40,-39.95,0.000000
-28.89,-39.95,0.000000
-28.39,-39.95,0.000000
-27.89,-39.95,0.000000
-27.39,-39.95,0.000000
-26.88,-39.95,0.000000
-26.38,-39.95,0.000000
-25.88,-39.95,0.000000
-25.38,-39.95,0.000000
-24.87,-39.95,0.000000
-24.37,-39.95,0.000000
-23.87,-39.95,0.000000
-23.37,-39.95,0.000000
-22.86,-39.95,0.000000
-22.36,-39.95,0.000000
-21.86,-39.95,0.000000
-21.36,-39.95,0.000000
-20.85,-39.95,0.000000
-20.35,-39.95,0.000000
-19.85,-39.95,0.000000
-19.35,-39.95,0.000000
-18.84,-39.95,0.000000
-18.34,-39.95,0.000000
-17.84,-39.95,0.000000
-17.34,-39.95,0.000000
-16.83,-39.95,0.000000
-16.33,-39.95,0.000000
-15.83,-39.95,0.000000
-15.33,-39.95,0.000000
-14.82,-39.95,0.000000
-14.32,-39.95,0.000000
-13.82,-39.95,0.000000
-13.32,-39.95,0.000000
-12.81,-39.95,0.000000
-12.31,-39.95,0.000000
-11.81,-39.95,0.000000
-11.31,-39.95,0.000000
-10.80,-39.95,0.000000
-10.30,-39.95,0.000000
-9.80,-39.95,0.000000
-9.30,-39.95,0.000000
-8.79,-39.95,0.000000
-8.29,-39.95,0.000000
-7.79,-39.95,0.000000
-7.29,-39.95,0.000000
-6.78,-39.95,0.000000
-6.28,-39.95,0.000000
-5.78,-39.95,0.000000
-5.28,-39.95,0.000000
-4.77,-39.95,0.000000
-4.27,-39.95,0.000000
-3.77,-39.95,0.000000
-3.27,-39.95,0.000000
-2.76,-39.95,0.000000
-2.26,-39.95,0.000000
-1.76,-39.95,0.000000
-1.26,-39.95,0.000000
-0.75,-39.95,0.000000
-0.25,-39.95,0.000000
0.25,-39.95,0.001662
0.75,-39.95,0.004985
1.26,-39.95,0.008305
1.76,-39.95,0.011622
2.26,-39.95,0.014933
2.76,-39.95,0.018237
3.27,-39.95,0.021533
3.77,-39.95,0.024818
4.27,-39.95,0.028092
4.77,-39.95,0.031353
5.28,-39.95,0.034599
5.78,-39.95,0.037830
6.28,-39.95,0.041043
6.78,-39.95,0.044238
7.29,-39.95,0.047412
7.79,-39.95,0.050566
8.29,-39.95,0.053698
8.79,-39.95,0.056806
9.30,-39.95,0.059889
9.80,-39.95,0.062947
10.30,-39.95,0.065979
10.80,-39.95,0.068983
11.31,-39.95,0.071958
11.81,-39.95,0.074904
12.31,-39.95,0.077821
12.81,-39.95,0.080706
13.32,-39.95,0.083560
13.82,-39.95,0.086381
14.32,-39.95,0.089170
14.82,-39.95,0.091926
15.33,-39.95,0.094648
15.83,-39.95,0.097336
16.33,-39.95,0.099990
16.83,-39.95,0.102608
17.34,-39.95,0.105192
17.84,-39.95,0.107740
18.34,-39.95,0.110252
18.84,-39.95,0.112729
19.35,-39.95,0.115170
19.85,-39.95,0.117576
20.35,-39.95,0.119945
20.85,-39.95,0.122278
21.36,-39.95,0.124576
21.86,-39.95,0.126838
22.36,-39.95,0.129064
22.86,-39.95,0.131255
23.37,-39.95,0.133410
23.87,-39.95,0.135530
24.37,-39.95,0.137615
24.87,-39.95,0.139666
25.38,-39.95,0.141682
25.88,-39.95,0.143664
26.38,-39.95,0.145612
26.88,-39.95,0.147527
27.39,-39.95,0.149408
27.89,-39.95,0.151257
28.39,-39.95,0.153073
28.89,-39.95,0.154857
29.40,-39.95,0.156609
29.90,-39.95,0.158331
30.40,-39.95,0.160021
30.90,-39.95,0.161681
31.41,-39.95,0.163310
31.91,-39.95,0.164910
32.41,-39.95,0.166481
32.91,-39.95,0.168024
33.42,-39.95,0.169538
33.92,-39.95,0.171024
34.42,-39.95,0.172482
34.92,-39.95,0.173914
35.43,-39.95,0.175319
35.93,-39.95,0.176698
36.43,-39.95,0.178052
36.93,-39.95,0.179380
37.44,-39.95,0.180684
37.94,-39.95,0.181963
38.44,-39.95,0.183218
38.94,-39.95,0.184450
39.45,-39.95,0.185659
39.95,-39.95,0.186845
40.45,-39.95,0.188009
40.95,-39.95,0.189152
41.46,-39.95,0.190273
41.96,-39.95,0.191373
42.46,-39.95,0.192452
42.96,-39.95,0.193512
43.47,-39.95,0.194551
43.97,-39.95,0.195572
44.47,-39.95,0.196573
44.97,-39.95,0.197556
45.48,-39.95,0.198520
45.98,-39.95,0.199467
46.48,-39.95,0.200396
46.98,-39.95,0.201308
47.49,-39.95,0.202203
47.99,-39.95,0.203081
48.49,-39.95,0.203944
48.99,-39.95,0.204790
49.50,-39.95,0.205621
50.00,-39.95,0.206437
-50.00,-39.45,0.000000
-49.50,-39.45,0.000000
-48.99,-39.45,0.000000
-48.49,-39.45,0.000000
-47.99,-39.45,0.000000
-47.49,-39.45,0.000000
-46.98,-39.45,0.000000
-46.48,-39.45,0.000000
-45.98,-39.45,0.000000
-45.48,-39.45,0.000000
-44.97,-39.45,0.000000
-44.47,-39.45,0.000000
-43.97,-39.45,0.000000
-43.47,-39.45,0.000000
-42.96,-39.45,0.000000
-42.46,-39.45,0.000000
-41.96,-39.45,0.000000
-41.46,-39.45,0.000000
-40.95,-39.45,0.000000
-40.45,-39.45,0.000000
-39.95,-39.45,0.000000
-39.45,-39.45,0.000000
-38.94,-39.45,0.000000
-38.44,-39.45,0.000000
-37.94,-39.45,0.000000
-37.44,-39.45,0.000000
-36.93,-39.45,0.000000
-36.43,-39.45,0.000000
-35.93,-39.45,0.000000
-35.43,-39.45,0.000000
-34.92,-39.45,0.000000
-34.42,-39.45,0.000000
-33.92,-39.45,0.000000
-33.42,-39.45,0.000000
-32.91,-39.45,0.000000
-32.41,-39.45,0.000000
-31.91,-39.45,0.000000
-31.41,-39.45,0.000000
-30.90,-39.45,0.000000
-30.40,-39.45,0.000000
-29.90,-39.45,0.000000
-29.40,-39.45,0.000000
-28.89,-39.45,0.000000
-28.39,-39.45,0.000000
-27.89,-39.45,0.000000
-27.39,-39.45,0.000000
-26.88,-39.45,0.000000
-26.38,-39.45,0.000000
-25.88,-39.45,0.000000
-25.38,-39.45,0.000000
-24.87,-39.45,0.000000
-24.37,-39.45,0.000000
-23.87,-39.45,0.000000
-23.37,-39.45,0.000000
-22.86,-39.45,0.000000
-22.36,-39.45,0.000000
-21.86,-39.45,0.000000
-21.36,-39.45,0.000000
-20.85,-39.45,0.000000
-20.35,-39.45,0.000000
-19.85,-39.45,0.000000
-19.35,-39.45,0.000000
-18.84,-39.45,0.000000
-18.34,-39.45,0.000000
-17.84,-39.45,0.000000
-17.34,-39.45,0.000000
-16.83,-39.45,0.000000
-16.33,-39.45,0.000000
-15.83,-39.45,0.000000
-15.33,-39.45,0.000000
-14.82,-39.45,0.000000
-14.32,-39.45,0.000000
-13.82,-39.45,0.000000
-13.32,-39.45,0.000000
-12.81,-39.45,0.000000
-12.31,-39.45,0.000000
-11.81,-39.45,0.000000
-11.31,-39.45,0.000000
-10.80,-39.45,0.000000
-10.30,-39.45,0.000000
-9.80,-39.45,0.000000
-9.30,-39.45,0.000000
-8.79,-39.45,0.000000
-8.29,-39.45,0.000000
-7.79,-39.45,0.000000
-7.29,-39.45,0.000000
-6.78,-39.45,0.000000
-6.28,-39.45,0.000000
-5.78,-39.45,0.000000
-5.28,-39.45,0.000000
-4.77,-39.45,0.000000
-4.27,-39.45,0.000000
-3.77,-39.45,0.000000
-3.27,-39.45,0.000000
-2.76,-39.45,0.000000
-2.26,-39.45,0.000000
-1.76,-39.45,0.000000
-1.26,-39.45,0.000000
-0.75,-39.45,0.000000
-0.25,-39.45,0.000000
0.25,-39.45,0.001683
0.75,-39.45,0.005048
1.26,-39.45,0.008411
1.76,-39.45,0.011770
2.26,-39.45,0.015123
2.76,-39.45,0.018468
3.27,-39.45,0.021805
3.77,-39.45,0.025131
4.27,-39.45,0.028446
4.77,-39.45,0.031746
5.28,-39.45,0.035032
5.78,-39.45,0.038301
6.28,-39.45,0.041553
6.78,-39.45,0.044785
7.29,-39.45,0.047997
7.79,-39.45,0.051186
8.29,-39.45,0.054353
8.79,-39.45,0.057495
9.30,-39.45,0.060612
9.80,-39.45,0.063703
10.30,-39.45,0.066766
10.80,-39.45,0.069801
11.31,-39.45,0.072806
11.81,-39.45,0.075781
12.31,-39.45,0.078724
12.81,-39.45,0.081636
13.32,-39.45,0.084516
13.82,-39.45,0.087362
14.32,-39.45,0.090175
14.82,-39.45,0.092953
15.33,-39.45,0.095697
15.83,-39.45,0.098405
16.33,-39.45,0.101078
16.83,-39.45,0.103715
17.34,-39.45,0.106316
17.84,-39.45,0.108881
18.34,-39.45,0.111409
18.84,-39.45,0.113900
19.35,-39.45,0.116355
19.85,-39.45,0.118772
20.35,-39.45,0.121153
20.85,-39.45,0.123497
21.36,-39.45,0.125805
21.86,-39.45,0.128076
22.36,-39.45,0.130310
22.86,-39.45,0.132508
23.37,-39.45,0.134670
23.87,-39.45,0.136796
24.37,-39.45,0.138886
24.87,-39.45,0.140941
25.38,-39.45,0.142961
25.88,-39.45,0.144946
26.38,-39.45,0.146896
26.88,-39.45,0.148812
27.39,-39.45,0.150695
27.89,-39.45,0.152544
28.39,-39.45,0.154360
28.89,-39.45,0.156144
29.40,-39.45,0.157895
29.90,-39.45,0.159614
30.40,-39.45,0.161303
30.90,-39.45,0.162960
31.41,-39.45,0.164587
31.91,-39.45,0.166183
32.41,-39.45,0.167751
32.91,-39.45,0.169289
33.42,-39.45,0.170798
33.92,-39.45,0.172280
34.42,-39.45,0.173733
34.92,-39.45,0.175159
35.43,-39.45,0.176559
35.93,-39.45,0.177932
36.43,-39.45,0.179279
36.93,-39.45,0.180601
37.44,-39.45,0.181898
37.94,-39.45,0.183171
38.44,-39.45,0.184419
38.94,-39.45,0.185644
39.45,-39.45,0.186845
39.95,-39.45,0.188024
40.45,-39.45,0.189181
40.95,-39.45,0.190315
41.46,-39.45,0.191428
41.96,-39.45,0.192520
42.46,-39.45,0.193592
42.96,-39.45,0.194643
43.47,-39.45,0.195675
43.97,-39.45,0.196687
44.47,-39.45,0.197680
44.97,-39.45,0.198654
45.48,-39.45,0.199610
45.98,-39.45,0.200548
46.48,-39.45,0.201468
46.98,-39.45,0.202372
47.49,-39.45,0.203258
47.99,-39.45,0.204128
48.49,-39.45,0.204982
48.99,-39.45,0.205820
49.50,-39.45,0.206643
50.00,-39.45,0.207450
-50.00,-38.94,0.000000
-49.50,-38.94,0.000000
-48.99,-38.94,0.000000
-48.49,-38.94,0.000000
-47.99,-38.94,0.000000
-47.49,-38.94,0.000000
-46.98,-38.94,0.000000
-46.48,-38.94,0.000000
-45.98,-38.94,0.000000
-45.48,-38.94,0.000000
-44.97,-38.94,0.000000
-44.47,-38.94,0.000000
-43.97,-38.94,0.000000
-43.47,-38.94,0.000000
-42.96,-38.94,0.000000
-42.46,-38.94,0.000000
-41.96,-38.94,0.000000
-41.46,-38.94,0.000000
-40.95,-38.94,0.000000
-40.45,-38.94,0.000000
-39.95,-38.94,0.000000
-39.45,-38.94,0.000000
-38.94,-38.94,0.000000
-38.44,-38.94,0.000000
-37.94,-38.94,0.000000
-37.44,-38.94,0.000000
-36.93,-38.94,0.000000
-36.43,-38.94,0.000000
-35.93,-38.94,0.000000
-35.43,-38.94,0.000000
-34.92,-38.94,0.000000
-34.42,-38.94,0.000000
-33.92,-38.94,0.000000
-33.42,-38.94,0.000000
-32.91,-38.94,0.000000
-32.41,-38.94,0.000000
-31.91,-38.94,0.000000
-31.41,-38.94,0.000000
-30.90,-38.94,0.000000
-30.40,-38.94,0.000000
-29.90,-38.94,0.000000
-29.40,-38.94,0.000000
-28.89,-38.94,0.000000
-28.39,-38.94,0.000000
-27.89,-38.94,0.000000
-27.39,-38.94,0.000000
-26.88,-38.94,0.000000
-26.38,-38.94,0.000000
-25.88,-38.94,0.000000
-25.38,-38.94,0.000000
-24.87,-38.94,0.000000
-24.37,-38.94,0.000000
-23.87,-38.94,0.000000
-23.37,-38.94,0.000000
-22.86,-38.94,0.000000
-22.36,-38.94,0.000000
-21.86,-38.94,0.000000
-21.36,-38.94,0.000000
-20.85,-38.94,0.000000
-20.35,-38.94,0.000000
-19.85,-38.94,0.000000
-19.35,-38.94,0.000000
-18.84,-38.94,0.000000
-18.34,-38.94,0.000000
-17.84,-38.94,0.000000
-17.34,-38.94,0.000000
-16.83,-38.94,0.000000
-16.33,-38.94,0.000000
-15.83,-38.94,0.000000
-15.33,-38.94,0.000000
-14.82,-38.94,0.000000
-14.32,-38.94,0.000000
-13.82,-38.94,0.000000
-13.32,-38.94,0.000000
-12.81,-38.94,0.000000
-12.31,-38.94,0.000000
-11.81,-38.94,0.000000
-11.31,-38.94,0.000000
-10.80,-38.94,0.000000
-10.30,-38.94,0.000000
-9.80,-38.94,0.000000
-9.30,-38.94,0.000000
-8.79,-38.94,0.000000
-8.29,-38.94,0.000000
-7.79,-38.94,0.000000
-7.29,-38.94,0.000000
-6.78,-38.94,0.000000
-6.28,-38.94,0.000000
-5.78,-38.94,0.000000
-5.28,-38.94,0.000000
-4.77,-38.94,0.000000
-4.27,-38.94,0.000000
-3.77,-38.94,0.000000
-3.27,-38.94,0.000000
-2.76,-38.94,0.000000
-2.26,-38.94,0.000000
-1.76,-38.94,0.000000
-1.26,-38.94,0.000000
-0.75,-38.94,0.000000
-0.25,-38.94,0.000000
0.25,-38.94,0.001705
0.75,-38.94,0.005113
1.26,-38.94,0.008519
1.76,-38.94,0.011921
2.26,-38.94,0.015317
2.76,-38.94,0.018705
3.27,-38.94,0.022084
3.77,-38.94,0.025453
4.27,-38.94,0.028808
4.77,-38.94,0.032150
5.28,-38.94,0.035476
5.78,-38.94,0.038785
6.28,-38.94,0.042075
6.78,-38.94,0.045346
7.29,-38.94,0.048595
7.79,-38.94,0.051822
8.29,-38.94,0.055024
8.79,-38.94,0.058202
9.30,-38.94,0.061353
9.80,-38.94,0.064476
10.30,-38.94,0.067572
10.80,-38.94,0.070637
11.31,-38.94,0.073673
11.81,-38.94,0.076677
12.31,-38.94,0.079648
12.81,-38.94,0.082588
13.32,-38.94,0.085493
13.82,-38.94,0.088364
14.32,-38.94,0.091201
14.82,-38.94,0.094002
15.33,-38.94,0.096767
15.83,-38.94,0.099496
16.33,-38.94,0.102188
16.83,-38.94,0.104844
17.34,-38.94,0.107462
17.84,-38.94,0.110043
18.34,-38.94,0.112587
18.84,-38.94,0.115092
19.35,-38.94,0.117560
19.85,-38.94,0.119990
20.35,-38.94,0.122383
20.85,-38.94,0.124738
21.36,-38.94,0.127055
21.86,-38.94,0.129334
22.36,-38.94,0.131577
22.86,-38.94,0.133782
23.37,-38.94,0.135950
23.87,-38.94,0.138081
24.37,-38.94,0.140176
24.87,-38.94,0.142235
25.38,-38.94,0.144258
25.88,-38.94,0.146246
26.38,-38.94,0.148198
26.88,-38.94,0.150116
27.39,-38.94,0.151999
27.89,-38.94,0.153848
28.39,-38.94,0.155664
28.89,-38.94,0.157446
29.40,-38.94,0.159196
29.90,-38.94,0.160913
30.40,-38.94,0.162599
30.90,-38.94,0.164253
31.41,-38.94,0.165877
31.91,-38.94,0.167470
32.41,-38.94,0.169033
32.91,-38.94,0.170566
33.42,-38.94,0.172071
33.92,-38.94,0.173547
34.42,-38.94,0.174995
34.92,-38.94,0.176416
35.43,-38.94,0.177809
35.93,-38.94,0.179176
36.43,-38.94,0.180517
36.93,-38.94,0.181832
37.44,-38.94,0.183122
37.94,-38.94,0.184387
38.44,-38.94,0.185628
38.94,-38.94,0.186845
39.45,-38.94,0.188039
39.95,-38.94,0.189210
40.45,-38.94,0.190359
40.95,-38.94,0.191485
41.46,-38.94,0.192590
41.96,-38.94,0.193674
42.46,-38.94,0.194737
42.96,-38.94,0.195780
43.47,-38.94,0.196803
43.97,-38.94,0.197806
44.47,-38.94,0.198791
44.97,-38.94,0.199756
45.48,-38.94,0.200704
45.98,-38.94,0.201633
46.48,-38.94,0.202545
46.98,-38.94,0.203439
47.49,-38.94,0.204317
47.99,-38.94,0.205178
48.49,-38.94,0.206023
48.99,-38.94,0.206853
49.50,-38.94,0.207666
50.00,-38.94,0.208465
-50.00,-38.44,0.000000
-49.50,-38.44,0.000000
-48.99,-38.44,0.000000
-48.49,-38.44,0.000000
-47.99,-38.44,0.000000
-47.49,-38.44,0.000000
-46.98,-38.44,0.000000
-46.48,-38.44,0.000000
-45.98,-38.44,0.000000
-45.48,-38.44,0.000000
-44.97,-38.44,0.000000
-44.47,-38.44,0.000000
-43.97,-38.44,0.000000
-43.47,-38.44,0.000000
-42.96,-38.44,0.000000
-42.46,-38.44,0.000000
-41.96,-38.44,0.000000
-41.46,-38.44,0.000000
-40.95,-38.44,0.000000
-40.45,-38.44,0.000000
-39.95,-38.44,0.000000
-39.45,-38.44,0.000000
-38.94,-38.44,0.000000
-38.44,-38.44,0.000000
-37.94,-38.44,0.000000
-37.44,-38.44,0.000000
-36.93,-38.44,0.000000
-36.43,-38.44,0.000000
-35.93,-38.44,0.000000
-35.43,-38.44,0.000000
-34.92,-38.44,0.000000
-34.42,-38.44,0.000000
-33.92,-38.44,0.000000
-33.42,-38.44,0.000000
-32.91,-38.44,0.000000
-32.41,-38.44,0.000000
-31.91,-38.44,0.000000
-31.41,-38.44,0.000000
-30.90,-38.44,0.000000
-30.40,-38.44,0.000000
-29.90,-38.44,0.000000
-29.40,-38.44,0.000000
-28.89,-38.44,0.000000
-28.39,-38.44,0.000000
-27.89,-38.44,0.000000
-27.39,-38.44,0.000000
-26.88,-38.44,0.000000
-26.38,-38.44,0.000000
-25.88,-38.44,0.000000
-25.38,-38.44,0.000000
-24.87,-38.44,0.000000
-24.37,-38.44,0.000000
-23.87,-38.44,0.000000
-23.37,-38.44,0.000000
-22.86,-38.44,0.000000
-22.36,-38.44,0.000000
-21.86,-38.44,0.000000
-21.36,-38.44,0.000000
-20.85,-38.44,0.000000
-20.35,-38.44,0.000000
-19.85,-38.44,0.000000
-19.35,-38.44,0.000000
-18.84,-38.44,0.000000
-18.34,-38.44,0.000000
-17.84,-38.44,0.000000
-17.34,-38.44,0.000000
-16.83,-38.44,0.000000
-16.33,-38.44,0.000000
-15.83,-38.44,0.000000
-15.33,-38.44,0.000000
-14.82,-38.44,0.000000
-14.32,-38.44,0.000000
-13.82,-38.44,0.000000
-13.32,-38.44,0.000000
-12.81,-38.44,0.000000
-12.31,-38.44,0.000000
-11.81,-38.44,0.000000
-11.31,-38.44,0.000000
-10.80,-38.44,0.000000
-10.30,-38.44,0.000000
-9.80,-38.44,0.000000
-9.30,-38.44,0.000000
-8.79,-38.44,0.000000
-8.29,-38.44,0.000000
-7.79,-38.44,0.000000
-7.29,-38.44,0.000000
-6.78,-38.44,0.000000
-6.28,-38.44,0.000000
-5.78,-38.44,0.000000
-5.28,-38.44,0.000000
-4.77,-38.44,0.000000
-4.27,-38.44,0.000000
-3.77,-38.44,0.000000
-3.27,-38.44,0.000000
-2.76,-38.44,0.000000
-2.26,-38.44,0.000000
-1.76,-38.44,0.000000
-1.26,-38.44,0.000000
-0.75,-38.44,0.000000
-0.25,-38.44,0.000000
0.25,-38.44,0.001727
0.75,-38.44,0.005180
1.26,-38.44,0.008631
1.76,-38.44,0.012077
2.26,-38.44,0.015517
2.76,-38.44,0.018949
3.27,-38.44,0.022371
3.77,-38.44,0.025782
4.27,-38.44,0.029180
4.77,-38.44,0.032564
5.28,-38.44,0.035931
5.78,-38.44,0.039281
6.28,-38.44,0.042611
6.78,-38.44,0.045921
7.29,-38.44,0.049208
7.79,-38.44,0.052472
8.29,-38.44,0.055712
8.79,-38.44,0.058925
9.30,-38.44,0.062111
9.80,-38.44,0.065268
10.30,-38.44,0.068396
10.80,-38.44,0.071493
11.31,-38.44,0.074559
11.81,-38.44,0.077593
12.31,-38.44,0.080593
12.81,-38.44,0.083560
13.32,-38.44,0.086491
13.82,-38.44,0.089388
14.32,-38.44,0.092248
14.82,-38.44,0.095072
15.33,-38.44,0.097859
15.83,-38.44,0.100609
16.33,-38.44,0.103321
16.83,-38.44,0.105995
17.34,-38.44,0.108631
17.84,-38.44,0.111228
18.34,-38.44,0.113787
18.84,-38.44,0.116307
19.35,-38.44,0.118788
19.85,-38.44,0.121230
20.35,-38.44,0.123634
20.85,-38.44,0.125999
21.36,-38.44,0.128326
21.86,-38.44,0.130614
22.36,-38.44,0.132864
22.86,-38.44,0.135076
23.37,-38.44,0.137250
23.87,-38.44,0.139386
24.37,-38.44,0.141486
24.87,-38.44,0.143548
25.38,-38.44,0.145574
25.88,-38.44,0.147564
26.38,-38.44,0.149518
26.88,-38.44,0.151436
27.39,-38.44,0.153320
27.89,-38.44,0.155169
28.39,-38.44,0.156983
28.89,-38.44,0.158764
29.40,-38.44,0.160512
29.90,-38.44,0.162227
30.40,-38.44,0.163910
30.90,-38.44,0.165561
31.41,-38.44,0.167180
31.91,-38.44,0.168769
32.41,-38.44,0.170328
32.91,-38.44,0.171856
33.42,-38.44,0.173356
33.92,-38.44,0.174826
34.42,-38.44,0.176268
34.92,-38.44,0.177683
35.43,-38.44,0.179070
35.93,-38.44,0.180430
36.43,-38.44,0.181764
36.93,-38.44,0.183072
37.44,-38.44,0.184354
37.94,-38.44,0.185612
38.44,-38.44,0.186845
38.94,-38.44,0.188055
39.45,-38.44,0.189240
39.95,-38.44,0.190403
40.45,-38.44,0.191544
40.95,-38.44,0.192662
41.46,-38.44,0.193758
41.96,-38.44,0.194833
42.46,-38.44,0.195888
42.96,-38.44,0.196922
43.47,-38.44,0.197936
43.97,-38.44,0.198931
44.47,-38.44,0.199906
44.97,-38.44,0.200863
45.48,-38.44,0.201801
45.98,-38.44,0.202721
46.48,-38.44,0.203624
46.98,-38.44,0.204510
47.49,-38.44,0.205379
47.99,-38.44,0.206231
48.49,-38.44,0.207067
48.99,-38.44,0.207887
49.50,-38.44,0.208692
50.00,-38.44,0.209481
-50.00,-37.94,0.000000
-49.50,-37.94,0.000000
-48.99,-37.94,0.000000
-48.49,-37.94,0.000000
-47.99,-37.94,0.000000
-47.49,-37.94,0.000000
-46.98,-37.94,0.000000
-46.48,-37.94,0.000000
-45.98,-37.94,0.000000
-45.48,-37.94,0.000000
-44.97,-37.94,0.000000
-44.47,-37.94,0.000000
-43.97,-37.94,0.000000
-43.47,-37.94,0.000000
-42.96,-37.94,0.000000
-42.46,-37.94,0.000000
-41.96,-37.94,0.000000
-41.46,-37.94,0.000000
-40.95,-37.94,0.000000
-40.45,-37.94,0.000000
-39.95,-37.94,0.000000
-39.45,-37.94,0.000000
-38.94,-37.94,0.000000
-38.44,-37.94,0.000000
-37.94,-37.94,0.000000
-37.44,-37.94,0.000000
-36.93,-37.94,0.000000
-36.43,-37.94,0.000000
-35.93,-37.94,0.000000
-35.43,-37.94,0.000000
-34.92,-37.94,0.000000
-34.42,-37.94,0.000000
-33.92,-37.94,0.000000
-33.42,-37.94,0.000000
-32.91,-37.94,0.000000
-32.41,-37.94,0.000000
-31.91,-37.94,0.000000
-31.41,-37.94,0.000000
-30.90,-37.94,0.000000
-30.40,-37.94,0.000000
-29.90,-37.94,0.000000
-29.40,-37.94,0.000000
-28.89,-37.94,0.000000
-28.39,-37.94,0.000000
-27.89,-37.94,0.000000
-27.39,-37.94,0.000000
-26.88,-37.94,0.000000
-26.38,-37.94,0.000000
-25.88,-37.94,0.000000
-25.38,-37.94,0.000000
-24.87,-37.94,0.000000
-24.37,-37.94,0.000000
-23.87,-37.94,0.000000
-23.37,-37.94,0.000000
-22.86,-37.94,0.000000
-22.36,-37.94,0.000000
-21.86,-37.94,0.000000
-21.36,-37.94,0.000000
-20.85,-37.94,0.000000
-20.35,-37.94,0.000000
-19.85,-37.94,0.000000
-19.35,-37.94,0.000000
-18.84,-37.94,0.000000
-18.34,-37.94,0.000000
-17.84,-37.94,0.000000
-17.34,-37.94,0.000000
-16.83,-37.94,0.000000
-16.33,-37.94,0.000000
-15.83,-37.94,0.000000
-15.33,-37.94,0.000000
-14.82,-37.94,0.000000
-14.32,-37.94,0.000000
-13.82,-37.94,0.000000
-13.32,-37.94,0.000000
-12.81,-37.94,0.000000
-12.31,-37.94,0.000000
-11.81,-37.94,0.000000
-11.31,-37.94,0.000000
-10.80,-37.94,0.000000
-10.30,-37.94,0.000000
-9.80,-37.94,0.000000
-9.30,-37.94,0.000000
-8.79,-37.94,0.000000
-8.29,-37.94,0.000000
-7.79,-37.94,0.000000
-7.29,-37.94,0.000000
-6.78,-37.94,0.000000
-6.28,-37.94,0.000000
-5.78,-37.94,0.000000
-5.28,-37.94,0.000000
-4.77,-37.94,0.000000
-4.27,-37.94,0.000000
-3.77,-37.94,0.000000
-3.27,-37.94,0.000000
-2.76,-37.94,0.000000
-2.26,-37.94,0.000000
-1.76,-37.94,0.000000
-1.26,-37.94,0.000000
-0.75,-37.94,0.000000
-0.25,-37.94,0.000000
0.25,-37.94,0.001750
0.75,-37.94,0.005249
1.26,-37.94,0.008745
1.76,-37.94,0.012236
2.26,-37.94,0.015721
2.76,-37.94,0.019198
3.27,-37.94,0.022665
3.77,-37.94,0.026120
4.27,-37.94,0.029562
4.77,-37.94,0.032989
5.28,-37.94,0.036398
5.78,-37.94,0.039789
6.28,-37.94,0.043161
6.78,-37.94,0.046510
7.29,-37.94,0.049837
7.79,-37.94,0.053139
8.29,-37.94,0.056416
8.79,-37.94,0.059666
9.30,-37.94,0.062887
9.80,-37.94,0.066079
10.30,-37.94,0.069240
10.80,-37.94,0.072370
11.31,-37.94,0.075467
11.81,-37.94,0.078530
12.31,-37.94,0.081560
12.81,-37.94,0.084554
13.32,-37.94,0.087512
13.82,-37.94,0.090434
14.32,-37.94,0.093319
14.82,-37.94,0.096166
15.33,-37.94,0.098975
15.83,-37.94,0.101745
16.33,-37.94,0.104477
16.83,-37.94,0.107169
17.34,-37.94,0.109822
17.84,-37.94,0.112436
18.34,-37.94,0.115010
18.84,-37.94,0.117544
19.35,-37.94,0.120038
19.85,-37.94,0.122493
20.35,-37.94,0.124908
20.85,-37.94,0.127283
21.36,-37.94,0.129619
21.86,-37.94,0.131915
22.36,-37.94,0.134172
22.86,-37.94,0.136390
23.37,-37.94,0.138570
23.87,-37.94,0.140712
24.37,-37.94,0.142815
24.87,-37.94,0.144881
25.38,-37.94,0.146909
25.88,-37.94,0.148900
26.38,-37.94,0.150855
26.88,-37.94,0.152774
27.39,-37.94,0.154658
27.89,-37.94,0.156506
28.39,-37.94,0.158319
28.89,-37.94,0.160098
29.40,-37.94,0.161844
29.90,-37.94,0.163556
30.40,-37.94,0.165235
30.90,-37.94,0.166883
31.41,-37.94,0.168498
31.91,-37.94,0.170082
32.41,-37.94,0.171636
32.91,-37.94,0.173159
33.42,-37.94,0.174653
33.92,-37.94,0.176117
34.42,-37.94,0.177553
34.92,-37.94,0.178961
35.43,-37.94,0.180341
35.93,-37.94,0.181694
36.43,-37.94,0.183020
36.93,-37.94,0.184321
37.44,-37.94,0.185596
37.94,-37.94,0.186845
38.44,-37.94,0.188070
38.94,-37.94,0.189272
39.45,-37.94,0.190449
39.95,-37.94,0.191603
40.45,-37.94,0.192735
40.95,-37.94,0.193844
41.46,-37.94,0.194932
41.96,-37.94,0.195998
42.46,-37.94,0.197044
42.96,-37.94,0.198069
43.47,-37.94,0.199074
43.97,-37.94,0.200059
44.47,-37.94,0.201026
44.97,-37.94,0.201973
45.48,-37.94,0.202902
45.98,-37.94,0.203813
46.48,-37.94,0.204707
46.98,-37.94,0.205583
47.49,-37.94,0.206443
47.99,-37.94,0.207286
48.49,-37.94,0.208112
48.99,-37.94,0.208923
49.50,-37.94,0.209719
50.00,-37.94,0.210499
-50.00,-37.44,0.000000
-49.50,-37.44,0.000000
-48.99,-37.44,0.000000
-48.49,-37.44,0.000000
-47.99,-37.44,0.000000
-47.49,-37.44,0.000000
-46.98,-37.44,0.000000
-46.48,-37.44,0.000000
-45.98,-37.44,0.000000
-45.48,-37.44,0.000000
-44.97,-37.44,0.000000
-44.47,-37.44,0.000000
-43.97,-37.44,0.000000
-43.47,-37.44,0.000000
-42.96,-37.44,0.000000
-42.46,-37.44,0.000000
-41.96,-37.44,0.000000
-41.46,-37.44,0.000000
-40.95,-37.44,0.000000
-40.45,-37.44,0.000000
-39.95,-37.44,0.000000
-39.45,-37.44,0.000000
-38.94,-37.44,0.000000
-38.44,-37.44,0.000000
-37.94,-37.44,0.000000
-37.44,-37.44,0.000000
-36.93,-37.44,0.000000
-36.43,-37.44,0.000000
-35.93,-37.44,0.000000
-35.43,-37.44,0.000000
-34.92,-37.44,0.000000
-34.42,-37.44,0.000000
-33.92,-37.44,0.000000
-33.42,-37.44,0.000000
-32.91,-37.44,0.000000
-32.41,-37.44,0.000000
-31.91,-37.44,0.000000
-31.41,-37.44,0.000000
-30.90,-37.44,0.000000
-30.40,-37.44,0.000000
-29.90,-37.44,0.000000
-29.40,-37.44,0.000000
-28.89,-37.44,0.000000
-28.39,-37.44,0.000000
-27.89,-37.44,0.000000
-27.39,-37.44,0.000000
-26.88,-37.44,0.000000
-26.38,-37.44,0.000000
-25.88,-37.44,0.000000
-25.38,-37.44,0.000000
-24.87,-37.44,0.000000
-24.37,-37.44,0.000000
-23.87,-37.44,0.000000
-23.37,-37.44,0.000000
-22.86,-37.44,0.000000
-22.36,-37.44,0.000000
-21.86,-37.44,0.000000
-21.36,-37.44,0.000000
-20.85,-37.44,0.000000
-20.35,-37.44,0.000000
-19.85,-37.44,0.000000
-19.35,-37.44,0.000000
-18.84,-37.44,0.000000
-18.34,-37.44,0.000000
-17.84,-37.44,0.000000
-17.34,-37.44,0.000000
-16.83,-37.44,0.000000
-16.33,-37.44,0.000000
-15.83,-37.44,0.000000
-15.33,-37.44,0.000000
-14.82,-37.44,0.000000
-14.32,-37.44,0.000000
-13.82,-37.44,0.000000
-13.32,-37.44,0.000000
-12.81,-37.44,0.000000
-12.31,-37.44,0.000000
-11.81,-37.44,0.000000
-11.31,-37.44,0.000000
-10.80,-37.44,0.000000
-10.30,-37.44,0.000000
-9.80,-37.44,0.000000
-9.30,-37.44,0.000000
-8.79,-37.44,0.000000
-8.29,-37.44,0.000000
-7.79,-37.44,0.000000
-7.29,-37.44,0.000000
-6.78,-37.44,0.000000
-6.28,-37.44,0.000000
-5.78,-37.44,0.000000
-5.28,-37.44,0.000000
-4.77,-37.44,0.000000
-4.27,-37.44,0.000000
-3.77,-37.44,0.000000
-3.27,-37.44,0.000000
-2.76,-37.44,0.000000
-2.26,-37.44,0.000000
-1.76,-37.44,0.000000
-1.26,-37.44,0.000000
-0.75,-37.44,0.000000
-0.25,-37.44,0.000000
0.25,-37.44,0.001773
0.75,-37.44,0.005319
1.26,-37.44,0.008862
1.76,-37.44,0.012400
2.26,-37.44,0.015932
2.76,-37.44,0.019455
3.27,-37.44,0.022967
3.77,-37.44,0.026467
4.27,-37.44,0.029954
4.77,-37.44,0.033424
5.28,-37.44,0.036877
5.78,-37.44,0.040311
6.28,-37.44,0.043724
6.78,-37.44,0.047115
7.29,-37.44,0.050482
7.79,-37.44,0.053823
8.29,-37.44,0.057138
8.79,-37.44,0.060425
9.30,-37.44,0.063682
9.80,-37.44,0.066909
10.30,-37.44,0.070104
10.80,-37.44,0.073267
11.31,-37.44,0.076396
11.81,-37.44,0.079490
12.31,-37.44,0.082548
12.81,-37.44,0.085570
13.32,-37.44,0.088556
13.82,-37.44,0.091503
14.32,-37.44,0.094412
14.82,-37.44,0.097282
15.33,-37.44,0.100114
15.83,-37.44,0.102905
16.33,-37.44,0.105656
16.83,-37.44,0.108367
17.34,-37.44,0.111038
17.84,-37.44,0.113667
18.34,-37.44,0.116256
18.84,-37.44,0.118805
19.35,-37.44,0.121312
19.85,-37.44,0.123778
20.35,-37.44,0.126204
20.85,-37.44,0.128589
21.36,-37.44,0.130933
21.86,-37.44,0.133238
22.36,-37.44,0.135502
22.86,-37.44,0.137726
23.37,-37.44,0.139911
23.87,-37.44,0.142057
24.37,-37.44,0.144164
24.87,-37.44,0.146232
25.38,-37.44,0.148263
25.88,-37.44,0.150256
26.38,-37.44,0.152211
26.88,-37.44,0.154130
27.39,-37.44,0.156013
27.89,-37.44,0.157860
28.39,-37.44,0.159672
28.89,-37.44,0.161448
29.40,-37.44,0.163191
29.90,-37.44,0.164900
30.40,-37.44,0.166575
30.90,-37.44,0.168218
31.41,-37.44,0.169829
31.91,-37.44,0.171408
32.41,-37.44,0.172956
32.91,-37.44,0.174474
33.42,-37.44,0.175961
33.92,-37.44,0.177419
34.42,-37.44,0.178848
34.92,-37.44,0.180249
35.43,-37.44,0.181622
35.93,-37.44,0.182967
36.43,-37.44,0.184286
36.93,-37.44,0.185579
37.44,-37.44,0.186845
37.94,-37.44,0.188087
38.44,-37.44,0.189303
38.94,-37.44,0.190496
39.45,-37.44,0.191665
39.95,-37.44,0.192810
40.45,-37.44,0.193933
40.95,-37.44,0.195033
41.46,-37.44,0.196112
41.96,-37.44,0.197169
42.46,-37.44,0.198205
42.96,-37.44,0.199221
43.47,-37.44,0.200216
43.97,-37.44,0.201192
44.47,-37.44,0.202149
44.97,-37.44,0.203087
45.48,-37.44,0.204007
45.98,-37.44,0.204908
46.48,-37.44,0.205792
46.98,-37.44,0.206659
47.49,-37.44,0.207509
47.99,-37.44,0.208343
48.49,-37.44,0.209160
48.99,-37.44,0.209962
49.50,-37.44,0.210748
50.00,-37.44,0.211519
-50.00,-36.93,0.000000
-49.50,-36.93,0.000000
-48.99,-36.93,0.000000
-48.49,-36.93,0.000000
-47.99,-36.93,0.000000
-47.49,-36.93,0.000000
-46.98,-36.93,0.000000
-46.48,-36.93,0.000000
-45.98,-36.93,0.000000
-45.48,-36.93,0.000000
-44.97,-36.93,0.000000
-44.47,-36.93,0.000000
-43.97,-36.93,0.000000
-43.47,-36.93,0.000000
-42.96,-36.93,0.000000
-42.46,-36.93,0.000000
-41.96,-36.93,0.000000
-41.46,-36.93,0.000000
-40.95,-36.93,0.000000
-40.45,-36.93,0.000000
-39.95,-36.93,0.000000
-39.45,-36.93,0.000000
-38.94,-36.93,0.000000
-38.44,-36.93,0.000000
-37.94,-36.93,0.000000
-37.44,-36.93,0.000000
-36.93,-36.93,0.000000
-36.43,-36.93,0.000000
-35.93,-36.93,0.000000
-35.43,-36.93,0.000000
-34.92,-36.93,0.000000
-34.42,-36.93,0.000000
-33.92,-36.93,0.000000
-33.42,-36.93,0.000000
-32.91,-36.93,0.000000
-32.41,-36.93,0.000000
-31.91,-36.93,0.000000
-31.41,-36.93,0.000000
-30.90,-36.93,0.000000
-30.40,-36.93,0.000000
-29.90,-36.93,0.000000
-29.40,-36.93,0.000000
-28.89,-36.93,0.000000
-28.39,-36.93,0.000000
-27.89,-36.93,0.000000
-27.39,-36.93,0.000000
-26.88,-36.93,0.000000
-26.38,-36.93,0.000000
-25.88,-36.93,0.000000
-25.38,-36.93,0.000000
-24.87,-36.93,0.000000
-24.37,-36.93,0.000000
-23.87,-36.93,0.000000
-23.37,-36.93,0.000000
-22.86,-36.93,0.000000
-22.36,-36.93,0.000000
-21.86,-36.93,0.000000
-21.36,-36.93,0.000000
-20.85,-36.93,0.000000
-20.35,-36.93,0.000000
-19.85,-36.93,0.000000
-19.35,-36.93,0.000000
-18.84,-36.93,0.000000
-18.34,-36.93,0.000000
-17.84,-36.93,0.000000
-17.34,-36.93,0.000000
-16.83,-36.93,0.000000
-16.33,-36.93,0.000000
-15.83,-36.93,0.000000
-15.33,-36.93,0.000000
-14.82,-36.93,0.000000
-14.32,-36.93,0.000000
-13.82,-36.93,0.000000
-13.32,-36.93,0.000000
-12.81,-36.93,0.000000
-12.31,-36.93,0.000000
-11.81,-36.93,0.000000
-11.31,-36.93,0.000000
-10.80,-36.93,0.000000
-10.30,-36.93,0.000000
-9.80,-36.93,0.000000
-9.30,-36.93,0.000000
-8.79,-36.93,0.000000
-8.29,-36.93,0.000000
-7.79,-36.93,0.000000
-7.29,-36.93,0.000000
-6.78,-36.93,0.000000
-6.28,-36.93,0.000000
-5.78,-36.93,0.000000
-5.28,-36.93,0.000000
-4.77,-36.93,0.000000
-4.27,-36.93,0.000000
-3.77,-36.93,0.000000
-3.27,-36.93,0.000000
-2.76,-36.93,0.000000
-2.26,-36.93,0.000000
-1.76,-36.93,0.000000
-1.26,-36.93,0.000000
-0.75,-36.93,0.000000
-0.25,-36.93,0.000000
0.25,-36.93,0.001798
0.75,-36.93,0.005392
1.26,-36.93,0.008983
1.76,-36.93,0.012569
2.26,-36.93,0.016148
2.76,-36.93,0.019718
3.27,-36.93,0.023277
3.77,-36.93,0.026824
4.27,-36.93,0.030356
4.77,-36.93,0.033872
5.28,-36.93,0.037369
5.78,-36.93,0.040847
6.28,-36.93,0.044303
6.78,-36.93,0.047735
7.29,-36.93,0.051143
7.79,-36.93,0.054525
8.29,-36.93,0.057878
8.79,-36.93,0.061203
9.30,-36.93,0.064497
9.80,-36.93,0.067760
10.30,-36.93,0.070990
10.80,-36.93,0.074186
11.31,-36.93,0.077347
11.81,-36.93,0.080472
12.31,-36.93,0.083560
12.81,-36.93,0.086610
13.32,-36.93,0.089623
13.82,-36.93,0.092596
14.32,-36.93,0.095530
14.82,-36.93,0.098423
15.33,-36.93,0.101277
15.83,-36.93,0.104089
16.33,-36.93,0.106860
16.83,-36.93,0.109589
17.34,-36.93,0.112277
17.84,-36.93,0.114923
18.34,-36.93,0.117527
18.84,-36.93,0.120089
19.35,-36.93,0.122609
19.85,-36.93,0.125087
20.35,-36.93,0.127523
20.85,-36.93,0.129918
21.36,-36.93,0.132271
21.86,-36.93,0.134583
22.36,-36.93,0.136853
22.86,-36.93,0.139083
23.37,-36.93,0.141273
23.87,-36.93,0.143423
24.37,-36.93,0.145533
24.87,-36.93,0.147604
25.38,-36.93,0.149636
25.88,-36.93,0.151630
26.38,-36.93,0.153586
26.88,-36.93,0.155504
27.39,-36.93,0.157386
27.89,-36.93,0.159231
28.39,-36.93,0.161041
28.89,-36.93,0.162815
29.40,-36.93,0.164554
29.90,-36.93,0.166259
30.40,-36.93,0.167930
30.90,-36.93,0.169568
31.41,-36.93,0.171174
31.91,-36.93,0.172747
32.41,-36.93,0.174289
32.91,-36.93,0.175801
33.42,-36.93,0.177282
33.92,-36.93,0.178733
34.42,-36.93,0.180155
34.92,-36.93,0.181548
35.43,-36.93,0.182913
35.93,-36.93,0.184251
36.43,-36.93,0.185561
36.93,-36.93,0.186845
37.44,-36.93,0.188103
37.94,-36.93,0.189336
38.44,-36.93,0.190544
38.94,-36.93,0.191728
39.45,-36.93,0.192887
39.95,-36.93,0.194023
40.45,-36.93,0.195137
40.95,-36.93,0.196228
41.46,-36.93,0.197297
41.96,-36.93,0.198344
42.46,-36.93,0.199371
42.96,-36.93,0.200377
43.47,-36.93,0.201363
43.97,-36.93,0.202329
44.47,-36.93,0.203276
44.97,-36.93,0.204204
45.48,-36.93,0.205114
45.98,-36.93,0.206006
46.48,-36.93,0.206880
46.98,-36.93,0.207738
47.49,-36.93,0.208578
47.99,-36.93,0.209402
48.49,-36.93,0.210209
48.99,-36.93,0.211001
49.50,-36.93,0.211778
50.00,-36.93,0.212539
-50.00,-36.43,0.000000
-49.50,-36.43,0.000000
-48.99,-36.43,0.000000
-48.49,-36.43,0.000000
-47.99,-36.43,0.000000
-47.49,-36.43,0.000000
-46.98,-36.43,0.000000
-46.48,-36.43,0.000000
-45.98,-36.43,0.000000
-45.48,-36.43,0.000000
-44.97,-36.43,0.000000
-44.47,-36.43,0.000000
-43.97,-36.43,0.000000
-43.47,-36.43,0.000000
-42.96,-36.43,0.000000
-42.46,-36.43,0.000000
-41.96,-36.43,0.000000
-41.46,-36.43,0.000000
-40.95,-36.43,0.000000
-40.45,-36.43,0.000000
-39.95,-36.43,0.000000
-39.45,-36.43,0.000000
-38.94,-36.43,0.000000
-38.44,-36.43,0.000000
-37.94,-36.43,0.000000
-37.44,-36.43,0.000000
-36.93,-36.43,0.000000
-36.43,-36.43,0.000000
-35.93,-36.43,0.000000
-35.43,-36.43,0.000000
-34.92,-36.43,0.000000
-34.42,-36.43,0.000000
-33.92,-36.43,0.000000
-33.42,-36.43,0.000000
-32.91,-36.43,0.000000
-32.41,-36.43,0.000000
-31.91,-36.43,0.000000
-31.41,-36.43,0.000000
-30.90,-36.43,0.000000
-30.40,-36.43,0.000000
-29.90,-36.43,0.000000
-29.40,-36.43,0.000000
-28.89,-36.43,0.000000
-28.39,-36.43,0.000000
-27.89,-36.43,0.000000
-27.39,-36.43,0.000000
-26.88,-36.43,0.000000
-26.38,-36.43,0.000000
-25.88,-36.43,0.000000
-25.38,-36.43,0.000000
-24.87,-36.43,0.000000
-24.37,-36.43,0.000000
-23.87,-36.43,0.000000
-23.37,-36.43,0.000000
-22.86,-36.43,0.000000
-22.36,-36.43,0.000000
-21.86,-36.43,0.000000
-21.36,-36.43,0.000000
-20.85,-36.43,0.000000
-20.35,-36.43,0.000000
-19.85,-36.43,0.000000
-19.35,-36.43,0.000000
-18.84,-36.43,0.000000
-18.34,-36.43,0.000000
-17.84,-36.43,0.000000
-17.34,-36.43,0.000000
-16.83,-36.43,0.000000
-16.33,-36.43,0.000000
-15.83,-36.43,0.000000
-15.33,-36.43,0.000000
-14.82,-36.43,0.000000
-14.32,-36.43,0.000000
-13.82,-36.43,0.000000
-13.32,-36.43,0.000000
-12.81,-36.43,0.000000
-12.31,-36.43,0.000000
-11.81,-36.43,0.000000
-11.31,-36.43,0.000000
-10.80,-36.43,0.000000
-10.30,-36.43,0.000000
-9.80,-36.43,0.000000
-9.30,-36.43,0.000000
-8.79,-36.43,0.000000
-8.29,-36.43,0.000000
-7.79,-36.43,0.000000
-7.29,-36.43,0.000000
-6.78,-36.43,0.000000
-6.28,-36.43,0.000000
-5.78,-36.43,0.000000
-5.28,-36.43,0.000000
-4.77,-36.43,0.000000
-4.27,-36.43,0.000000
-3.77,-36.43,0.000000
-3.27,-36.43,0.000000
-2.76,-36.43,0.000000
-2.26,-36.43,0.000000
-1.76,-36.43,0.000000
-1.26,-36.43,0.000000
-0.75,-36.43,0.000000
-0.25,-36.43,0.000000
0.25,-36.43,0.001822
0.75,-36.43,0.005466
1.26,-36.43,0.009106
1.76,-36.43,0.012742
2.26,-36.43,0.016370
2.76,-36.43,0.019988
3.27,-36.43,0.023596
3.77,-36.43,0.027190
4.27,-36.43,0.030769
4.77,-36.43,0.034331
5.28,-36.43,0.037874
5.78,-36.43,0.041396
6.28,-36.43,0.044896
6.78,-36.43,0.048372
7.29,-36.43,0.051822
7.79,-36.43,0.055244
8.29,-36.43,0.058638
8.79,-36.43,0.062001
9.30,-36.43,0.065333
9.80,-36.43,0.068632
10.30,-36.43,0.071897
10.80,-36.43,0.075127
11.31,-36.43,0.078320
11.81,-36.43,0.081477
12.31,-36.43,0.084595
12.81,-36.43,0.087674
13.32,-36.43,0.090714
13.82,-36.43,0.093714
14.32,-36.43,0.096672
14.82,-36.43,0.099589
15.33,-36.43,0.102465
15.83,-36.43,0.105298
16.33,-36.43,0.108089
16.83,-36.43,0.110836
17.34,-36.43,0.113541
17.84,-36.43,0.116203
18.34,-36.43,0.118822
18.84,-36.43,0.121398
19.35,-36.43,0.123930
19.85,-36.43,0.126419
20.35,-36.43,0.128866
20.85,-36.43,0.131270
21.36,-36.43,0.133631
21.86,-36.43,0.135950
22.36,-36.43,0.138227
22.86,-36.43,0.140462
23.37,-36.43,0.142657
23.87,-36.43,0.144810
24.37,-36.43,0.146923
24.87,-36.43,0.148996
25.38,-36.43,0.151029
25.88,-36.43,0.153023
26.38,-36.43,0.154979
26.88,-36.43,0.156896
27.39,-36.43,0.158776
27.89,-36.43,0.160619
28.39,-36.43,0.162426
28.89,-36.43,0.164197
29.40,-36.43,0.165932
29.90,-36.43,0.167633
30.40,-36.43,0.169299
30.90,-36.43,0.170932
31.41,-36.43,0.172532
31.91,-36.43,0.174100
32.41,-36.43,0.175635
32.91,-36.43,0.177140
33.42,-36.43,0.178614
33.92,-36.43,0.180057
34.42,-36.43,0.181472
34.92,-36.43,0.182857
35.43,-36.43,0.184214
35.93,-36.43,0.185543
36.43,-36.43,0.186845
36.93,-36.43,0.188121
37.44,-36.43,0.189370
37.94,-36.43,0.190594
38.44,-36.43,0.191792
38.94,-36.43,0.192966
39.45,-36.43,0.194116
39.95,-36.43,0.195243
40.45,-36.43,0.196347
40.95,-36.43,0.197428
41.46,-36.43,0.198487
41.96,-36.43,0.199525
42.46,-36.43,0.200542
42.96,-36.43,0.201538
43.47,-36.43,0.202514
43.97,-36.43,0.203470
44.47,-36.43,0.204407
44.97,-36.43,0.205325
45.48,-36.43,0.206225
45.98,-36.43,0.207107
46.48,-36.43,0.207971
46.98,-36.43,0.208818
47.49,-36.43,0.209648
47.99,-36.43,0.210462
48.49,-36.43,0.211260
48.99,-36.43,0.212042
49.50,-36.43,0.212809
50.00,-36.43,0.213560
-50.00,-35.93,0.000000
-49.50,-35.93,0.000000
-48.99,-35.93,0.000000
-48.49,-35.93,0.000000
-47.99,-35.93,0.000000
-47.49,-35.93,0.000000
-46.98,-35.93,0.000000
-46.48,-35.93,0.000000
-45.98,-35.93,0.000000
-45.48,-35.93,0.000000
-44.97,-35.93,0.000000
-44.47,-35.93,0.000000
-43.97,-35.93,0.000000
-43.47,-35.93,0.000000
-42.96,-35.93,0.000000
-42.46,-35.93,0.000000
-41.96,-35.93,0.000000
-41.46,-35.93,0.000000
-40.95,-35.93,0.000000
-40.45,-35.93,0.000000
-39.95,-35.93,0.000000
-39.45,-35.93,0.000000
-38.94,-35.93,0.000000
-38.44,-35.93,0.000000
-37.94,-35.93,0.000000
-37.44,-35.93,0.000000
-36.93,-35.93,0.000000
-36.43,-35.93,0.000000
-35.93,-35.93,0.000000
-35.43,-35.93,0.000000
-34.92,-35.93,0.000000
-34.42,-35.93,0.000000
-33.92,-35.93,0.000000
-33.42,-35.93,0.000000
-32.91,-35.93,0.000000
-32.41,-35.93,0.000000
-31.91,-35.93,0.000000
-31.41,-35.93,0.000000
-30.90,-35.93,0.000000
-30.40,-35.93,0.000000
-29.90,-35.93,0.000000
-29.40,-35.93,0.000000
-28.89,-35.93,0.000000
-28.39,-35.93,0.000000
-27.89,-35.93,0.000000
-27.39,-35.93,0.000000
-26.88,-35.93,0.000000
-26.38,-35.93,0.000000
-25.88,-35.93,0.000000
-25.38,-35.93,0.000000
-24.87,-35.93,0.000000
-24.37,-35.93,0.000000
-23.87,-35.93,0.000000
-23.37,-35.93,0.000000
-22.86,-35.93,0.000000
-22.36,-35.93,0.000000
-21.86,-35.93,0.000000
-21.36,-35.93,0.000000
-20.85,-35.93,0.000000
-20.35,-35.93,0.000000
-19.85,-35.93,0.000000
-19.35,-35.93,0.000000
-18.84,-35.93,0.000000
-18.34,-35.93,0.000000
-17.84,-35.93,0.000000
-17.34,-35.93,0.000000
-16.83,-35.93,0.000000
-16.33,-35.93,0.000000
-15.83,-35.93,0.000000
-15.33,-35.93,0.000000
-14.82,-35.93,0.000000
-14.32,-35.93,0.000000
-13.82,-35.93,0.000000
-13.32,-35.93,0.000000
-12.81,-35.93,0.000000
-12.31,-35.93,0.000000
-11.81,-35.93,0.000000
-11.31,-35.93,0.000000
-10.80,-35.93,0.000000
-10.30,-35.93,0.000000
-9.80,-35.93,0.000000
-9.30,-35.93,0.000000
-8.79,-35.93,0.000000
-8.29,-35.93,0.000000
-7.79,-35.93,0.000000
-7.29,-35.93,0.000000
-6.78,-35.93,0.000000
-6.28,-35.93,0.000000
-5.78,-35.93,0.000000
-5.28,-35.93,0.000000
-4.77,-35.93,0.000000
-4.27,-35.93,0.000000
-3.77,-35.93,0.000000
-3.27,-35.93,0.000000
-2.76,-35.93,0.000000
-2.26,-35.93,0.000000
-1.76,-35.93,0.000000
-1.26,-35.93,0.000000
-0.75,-35.93,0.000000
-0.25,-35.93,0.000000
0.25,-35.93,0.001848
0.75,-35.93,0.005542
1.26,-35.93,0.009233
1.76,-35.93,0.012919
2.26,-35.93,0.016598
2.76,-35.93,0.020266
3.27,-35.93,0.023923
3.77,-35.93,0.027566
4.27,-35.93,0.031193
4.77,-35.93,0.034803
5.28,-35.93,0.038393
5.78,-35.93,0.041961
6.28,-35.93,0.045505
6.78,-35.93,0.049025
7.29,-35.93,0.052518
7.79,-35.93,0.055982
8.29,-35.93,0.059417
8.79,-35.93,0.062820
9.30,-35.93,0.066190
9.80,-35.93,0.069526
10.30,-35.93,0.072827
10.80,-35.93,0.076091
11.31,-35.93,0.079318
11.81,-35.93,0.082506
12.31,-35.93,0.085654
12.81,-35.93,0.088763
13.32,-35.93,0.091830
13.82,-35.93,0.094856
14.32,-35.93,0.097840
14.82,-35.93,0.100781
15.33,-35.93,0.103678
15.83,-35.93,0.106533
16.33,-35.93,0.109343
16.83,-35.93,0.112109
17.34,-35.93,0.114831
17.84,-35.93,0.117509
18.34,-35.93,0.120142
18.84,-35.93,0.122731
19.35,-35.93,0.125276
19.85,-35.93,0.127776
20.35,-35.93,0.130233
20.85,-35.93,0.132645
21.36,-35.93,0.135014
21.86,-35.93,0.137340
22.36,-35.93,0.139623
22.86,-35.93,0.141864
23.37,-35.93,0.144062
23.87,-35.93,0.146218
24.37,-35.93,0.148333
24.87,-35.93,0.150408
25.38,-35.93,0.152442
25.88,-35.93,0.154436
26.38,-35.93,0.156391
26.88,-35.93,0.158307
27.39,-35.93,0.160185
27.89,-35.93,0.162025
28.39,-35.93,0.163828
28.89,-35.93,0.165595
29.40,-35.93,0.167326
29.90,-35.93,0.169022
30.40,-35.93,0.170683
30.90,-35.93,0.172310
31.41,-35.93,0.173904
31.91,-35.93,0.175465
32.41,-35.93,0.176994
32.91,-35.93,0.178491
33.42,-35.93,0.179957
33.92,-35.93,0.181393
34.42,-35.93,0.182799
34.92,-35.93,0.184176
35.43,-35.93,0.185525
35.93,-35.93,0.186845
36.43,-35.93,0.188138
36.93,-35.93,0.189404
37.44,-35.93,0.190644
37.94,-35.93,0.191858
38.44,-35.93,0.193047
38.94,-35.93,0.194212
39.45,-35.93,0.195352
39.95,-35.93,0.196469
40.45,-35.93,0.197562
40.95,-35.93,0.198634
41.46,-35.93,0.199683
41.96,-35.93,0.200710
42.46,-35.93,0.201717
42.96,-35.93,0.202702
43.47,-35.93,0.203668
43.97,-35.93,0.204614
44.47,-35.93,0.205541
44.97,-35.93,0.206449
45.48,-35.93,0.207338
45.98,-35.93,0.208210
46.48,-35.93,0.209064
46.98,-35.93,0.209900
47.49,-35.93,0.210720
47.99,-35.93,0.211524
48.49,-35.93,0.212312
48.99,-35.93,0.213084
49.50,-35.93,0.213840
50.00,-35.93,0.214582
-50.00,-35.43,0.000000
-49.50,-35.43,0.000000
-48.99,-35.43,0.000000
-48.49,-35.43,0.000000
-47.99,-35.43,0.000000
-47.49,-35.43,0.000000
-46.98,-35.43,0.000000
-46.48,-35.43,0.000000
-45.98,-35.43,0.000000
-45.48,-35.43,0.000000
-44.97,-35.43,0.000000
-44.47,-35.43,0.000000
-43.97,-35.43,0.000000
-43.47,-35.43,0.000000
-42.96,-35.43,0.000000
-42.46,-35.43,0.000000
-41.96,-35.43,0.000000
-41.46,-35.43,0.000000
-40.95,-35.43,0.000000
-40.45,-35.43,0.000000
-39.95,-35.43,0.000000
-39.45,-35.43,0.000000
-38.94,-35.43,0.000000
-38.44,-35.43,0.000000
-37.94,-35.43,0.000000
-37.44,-35.43,0.000000
-36.93,-35.43,0.000000
-36.43,-35.43,0.000000
-35.93,-35.43,0.000000
-35.43,-35.43,0.000000
-34.92,-35.43,0.000000
-34.42,-35.43,0.000000
-33.92,-35.43,0.000000
-33.42,-35.43,0.000000
-32.91,-35.43,0.000000
-32.41,-35.43,0.000000
-31.91,-35.43,0.000000
-31.41,-35.43,0.000000
-30.90,-35.43,0.000000
-30.40,-35.43,0.000000
-29.90,-35.43,0.000000
-29.40,-35.43,0.000000
-28.89,-35.43,0.000000
-28.39,-35.43,0.000000
-27.89,-35.43,0.000000
-27.39,-35.43,0.000000
-26.88,-35.43,0.000000
-26.38,-35.43,0.000000
-25.88,-35.43,0.000000
-25.38,-35.43,0.000000
-24.87,-35.43,0.000000
-24.37,-35.43,0.000000
-23.87,-35.43,0.000000
-23.37,-35.43,0.000000
-22.86,-35.43,0.000000
-22.36,-35.43,0.000000
-21.86,-35.43,0.000000
-21.36,-35.43,0.000000
-20.85,-35.43,0.000000
-20.35,-35.43,0.000000
-19.85,-35.43,0.000000
-19.35,-35.43,0.000000
-18.84,-35.43,0.000000
-18.34,-35.43,0.000000
-17.84,-35.43,0.000000
-17.34,-35.43,0.000000
-16.83,-35.43,0.000000
-16.33,-35.43,0.000000
-15.83,-35.43,0.000000
-15.33,-35.43,0.000000
-14.82,-35.43,0.000000
-14.32,-35.43,0.000000
-13.82,-35.43,0.000000
-13.32,-35.43,0.000000
-12.81,-35.43,0.000000
-12.31,-35.43,0.000000
-11.81,-35.43,0.000000
-11.31,-35.43,0.000000
-10.80,-35.43,0.000000
-10.30,-35.43,0.000000
-9.80,-35.43,0.000000
-9.30,-35.43,0.000000
-8.79,-35.43,0.000000
-8.29,-35.43,0.000000
-7.79,-35.43,0.000000
-7.29,-35.43,0.000000
-6.78,-35.43,0.000000
-6.28,-35.43,0.000000
-5.78,-35.43,0.000000
-5.28,-35.43,0.000000
-4.77,-35.43,0.000000
-4.27,-35.43,0.000000
-3.77,-35.43,0.000000
-3.27,-35.43,0.000000
-2.76,-35.43,0.000000
-2.26,-35.43,0.000000
-1.76,-35.43,0.000000
-1.26,-35.43,0.000000
-0.75,-35.43,0.000000
-0.25,-35.43,0.000000
0.25,-35.43,0.001874
0.75,-35.43,0.005621
1.26,-35.43,0.009364
1.76,-35.43,0.013102
2.26,-35.43,0.016832
2.76,-35.43,0.020552
3.27,-35.43,0.024260
3.77,-35.43,0.027953
4.27,-35.43,0.031630
4.77,-35.43,0.035288
5.28,-35.43,0.038925
5.78,-35.43,0.042541
6.28,-35.43,0.046131
6.78,-35.43,0.049696
7.29,-35.43,0.053233
7.79,-35.43,0.056740
8.29,-35.43,0.060216
8.79,-35.43,0.063659
9.30,-35.43,0.067069
9.80,-35.43,0.070442
10.30,-35.43,0.073780
10.80,-35.43,0.077079
11.31,-35.43,0.080339
11.81,-35.43,0.083560
12.31,-35.43,0.086739
12.81,-35.43,0.089877
13.32,-35.43,0.092973
13.82,-35.43,0.096025
14.32,-35.43,0.099034
14.82,-35.43,0.101999
15.33,-35.43,0.104919
15.83,-35.43,0.107794
16.33,-35.43,0.110624
16.83,-35.43,0.113408
17.34,-35.43,0.116147
17.84,-35.43,0.118840
18.34,-35.43,0.121488
18.84,-35.43,0.124090
19.35,-35.43,0.126647
19.85,-35.43,0.129158
20.35,-35.43,0.131624
20.85,-35.43,0.134045
21.36,-35.43,0.136422
21.86,-35.43,0.138754
22.36,-35.43,0.141042
22.86,-35.43,0.143287
23.37,-35.43,0.145489
23.87,-35.43,0.147648
24.37,-35.43,0.149765
24.87,-35.43,0.151840
25.38,-35.43,0.153874
25.88,-35.43,0.155868
26.38,-35.43,0.157821
26.88,-35.43,0.159735
27.39,-35.43,0.161611
27.89,-35.43,0.163448
28.39,-35.43,0.165247
28.89,-35.43,0.167010
29.40,-35.43,0.168736
29.90,-35.43,0.170426
30.40,-35.43,0.172082
30.90,-35.43,0.173703
31.41,-35.43,0.175290
31.91,-35.43,0.176844
32.41,-35.43,0.178365
32.91,-35.43,0.179854
33.42,-35.43,0.181313
33.92,-35.43,0.182740
34.42,-35.43,0.184138
34.92,-35.43,0.185506
35.43,-35.43,0.186845
35.93,-35.43,0.188156
36.43,-35.43,0.189440
36.93,-35.43,0.190697
37.44,-35.43,0.191927
37.94,-35.43,0.193131
38.44,-35.43,0.194310
38.94,-35.43,0.195464
39.45,-35.43,0.196594
39.95,-35.43,0.197700
40.45,-35.43,0.198784
40.95,-35.43,0.199844
41.46,-35.43,0.200883
41.96,-35.43,0.201900
42.46,-35.43,0.202896
42.96,-35.43,0.203871
43.47,-35.43,0.204826
43.97,-35.43,0.205761
44.47,-35.43,0.206677
44.97,-35.43,0.207575
45.48,-35.43,0.208454
45.98,-35.43,0.209315
46.48,-35.43,0.210158
46.98,-35.43,0.210984
47.49,-35.43,0.211794
47.99,-35.43,0.212587
48.49,-35.43,0.213365
48.99,-35.43,0.214126
49.50,-35.43,0.214873
50.00,-35.43,0.215604
-50.00,-34.92,0.000000
-49.50,-34.92,0.000000
-48.99,-34.92,0.000000
-48.49,-34.92,0.000000
-47.99,-34.92,0.000000
-47.49,-34.92,0.000000
-46.98,-34.92,0.000000
-46.48,-34.92,0.000000
-45.98,-34.92,0.000000
-45.48,-34.92,0.000000
-44.97,-34.92,0.000000
-44.47,-34.92,0.000000
-43.97,-34.92,0.000000
-43.47,-34.92,0.000000
-42.96,-34.92,0.000000
-42.46,-34.92,0.000000
-41.96,-34.92,0.000000
-41.46,-34.92,0.000000
-40.95,-34.92,0.000000
-40.45,-34.92,0.000000
-39.95,-34.92,0.000000
-39.45,-34.92,0.000000
-38.94,-34.92,0.000000
-38.44,-34.92,0.000000
-37.94,-34.92,0.000000
-37.44,-34.92,0.000000
-36.93,-34.92,0.000000
-36.43,-34.92,0.000000
-35.93,-34.92,0.000000
-35.43,-34.92,0.000000
-34.92,-34.92,0.000000
-34.42,-34.92,0.000000
-33.92,-34.92,0.000000
-33.42,-34.92,0.000000
-32.91,-34.92,0.000000
-32.41,-34.92,0.000000
-31.91,-34.92,0.000000
-31.41,-34.92,0.000000
-30.90,-34.92,0.000000
-30.40,-34.92,0.000000
-29.90,-34.92,0.000000
-29.40,-34.92,0.000000
-28.89,-34.92,0.000000
-28.39,-34.92,0.000000
-27.89,-34.92,0.000000
-27.39,-34.92,0.000000
-26.88,-34.92,0.000000
-26.38,-34.92,0.000000
-25.88,-34.92,0.000000
-25.38,-34.92,0.000000
-24.87,-34.92,0.000000
-24.37,-34.92,0.000000
-23.87,-34.92,0.000000
-23.37,-34.92,0.000000
-22.86,-34.92,0.000000
-22.36,-34.92,0.000000
-21.86,-34.92,0.000000
-21.36,-34.92,0.000000
-20.85,-34.92,0.000000
-20.35,-34.92,0.000000
-19.85,-34.92,0.000000
-19.35,-34.92,0.000000
-18.84,-34.92,0.000000
-18.34,-34.92,0.000000
-17.84,-34.92,0.000000
-17.34,-34.92,0.000000
-16.83,-34.92,0.000000
-16.33,-34.92,0.000000
-15.83,-34.92,0.000000
-15.33,-34.92,0.000000
-14.82,-34.92,0.000000
-14.32,-34.92,0.000000
-13.82,-34.92,0.000000
-13.32,-34.92,0.000000
-12.81,-34.92,0.000000
-12.31,-34.92,0.000000
-11.81,-34.92,0.000000
-11.31,-34.92,0.000000
-10.80,-34.92,0.000000
-10.30,-34.92,0.000000
-9.80,-34.92,0.000000
-9.30,-34.92,0.000000
-8.79,-34.92,0.000000
-8.29,-34.92,0.000000
-7.79,-34.92,0.000000
-7.29,-34.92,0.000000
-6.78,-34.92,0.000000
-6.28,-34.92,0.000000
-5.78,-34.92,0.000000
-5.28,-34.92,0.000000
-4.77,-34.92,0.000000
-4.27,-34.92,0.000000
-3.77,-34.92,0.000000
-3.27,-34.92,0.000000
-2.76,-34.92,0.000000
-2.26,-34.92,0.000000
-1.76,-34.92,0.000000
-1.26,-34.92,0.000000
-0.75,-34.92,0.000000
-0.25,-34.92,0.000000
0.25,-34.92,0.001901
0.75,-34.92,0.005702
1.26,-34.92,0.009499
1.76,-34.92,0.013290
2.26,-34.92,0.017073
2.76,-34.92,0.020846
3.27,-34.92,0.024606
3.77,-34.92,0.028350
4.27,-34.92,0.032078
4.77,-34.92,0.035786
5.28,-34.92,0.039473
5.78,-34.92,0.043136
6.28,-34.92,0.046775
6.78,-34.92,0.050385
7.29,-34.92,0.053967
7.79,-34.92,0.057518
8.29,-34.92,0.061036
8.79,-34.92,0.064521
9.30,-34.92,0.067970
9.80,-34.92,0.071383
10.30,-34.92,0.074757
10.80,-34.92,0.078092
11.31,-34.92,0.081386
11.81,-34.92,0.084639
12.31,-34.92,0.087850
12.81,-34.92,0.091018
13.32,-34.92,0.094142
13.82,-34.92,0.097221
14.32,-34.92,0.100255
14.82,-34.92,0.103243
15.33,-34.92,0.106186
15.83,-34.92,0.109082
16.33,-34.92,0.111931
16.83,-34.92,0.114734
17.34,-34.92,0.117490
17.84,-34.92,0.120198
18.34,-34.92,0.122860
18.84,-34.92,0.125475
19.35,-34.92,0.128043
19.85,-34.92,0.130565
20.35,-34.92,0.133040
20.85,-34.92,0.135470
21.36,-34.92,0.137853
21.86,-34.92,0.140191
22.36,-34.92,0.142485
22.86,-34.92,0.144733
23.37,-34.92,0.146938
23.87,-34.92,0.149099
24.37,-34.92,0.151217
24.87,-34.92,0.153293
25.38,-34.92,0.155327
25.88,-34.92,0.157319
26.38,-34.92,0.159271
26.88,-34.92,0.161182
27.39,-34.92,0.163054
27.89,-34.92,0.164888
28.39,-34.92,0.166683
28.89,-34.92,0.168440
29.40,-34.92,0.170161
29.90,-34.92,0.171846
30.40,-34.92,0.173495
30.90,-34.92,0.175109
31.41,-34.92,0.176689
31.91,-34.92,0.178235
32.41,-34.92,0.179748
32.91,-34.92,0.181230
33.42,-34.92,0.182679
33.92,-34.92,0.184098
34.42,-34.92,0.185486
34.92,-34.92,0.186845
35.43,-34.92,0.188175
35.93,-34.92,0.189477
36.43,-34.92,0.190750
36.93,-34.92,0.191997
37.44,-34.92,0.193217
37.94,-34.92,0.194410
38.44,-34.92,0.195579
38.94,-34.92,0.196723
39.45,-34.92,0.197842
39.95,-34.92,0.198938
40.45,-34.92,0.200010
40.95,-34.92,0.201060
41.46,-34.92,0.202088
41.96,-34.92,0.203094
42.46,-34.92,0.204079
42.96,-34.92,0.205043
43.47,-34.92,0.205987
43.97,-34.92,0.206912
44.47,-34.92,0.207817
44.97,-34.92,0.208703
45.48,-34.92,0.209571
45.98,-34.92,0.210422
46.48,-34.92,0.211254
46.98,-34.92,0.212070
47.49,-34.92,0.212869
47.99,-34.92,0.213651
48.49,-34.92,0.214418
48.99,-34.92,0.215169
49.50,-34.92,0.215905
50.00,-34.92,0.216626
-50.00,-34.42,0.000000
-49.50,-34.42,0.000000
-48.99,-34.42,0.000000
-48.49,-34.42,0.000000
-47.99,-34.42,0.000000
-47.49,-34.42,0.000000
-46.98,-34.42,0.000000
-46.48,-34.42,0.000000
-45.98,-34.42,0.000000
-45.48,-34.42,0.000000
-44.97,-34.42,0.000000
-44.47,-34.42,0.000000
-43.97,-34.42,0.000000
-43.47,-34.42,0.000000
-42.96,-34.42,0.000000
-42.46,-34.42,0.000000
-41.96,-34.42,0.000000
-41.46,-34.42,0.000000
-40.95,-34.42,0.000000
-40.45,-34.42,0.000000
-39.95,-34.42,0.000000
-39.45,-34.42,0.000000
-38.94,-34.42,0.000000
-38.44,-34.42,0.000000
-37.94,-34.42,0.000000
-37.44,-34.42,0.000000
-36.93,-34.42,0.000000
-36.43,-34.42,0.000000
-35.93,-34.42,0.000000
-35.43,-34.42,0.000000
-34.92,-34.42,0.000000
-34.42,-34.42,0.000000
-33.92,-34.42,0.000000
-33.42,-34.42,0.000000
-32.91,-34.42,0.000000
-32.41,-34.42,0.000000
-31.91,-34.42,0.000000
-31.41,-34.42,0.000000
-30.90,-34.42,0.000000
-30.40,-34.42,0.000000
-29.90,-34.42,0.000000
-29.40,-34.42,0.000000
-28.89,-34.42,0.000000
-28.39,-34.42,0.000000
-27.89,-34.42,0.000000
-27.39,-34.42,0.000000
-26.88,-34.42,0.000000
-26.38,-34.42,0.000000
-25.88,-34.42,0.000000
-25.38,-34.42,0.000000
-24.87,-34.42,0.000000
-24.37,-34.42,0.000000
-23.87,-34.42,0.000000
-23.37,-34.42,0.000000
-22.86,-34.42,0.000000
-22.36,-34.42,0.000000
-21.86,-34.42,0.000000
-21.36,-34.42,0.000000
-20.85,-34.42,0.000000
-20.35,-34.42,0.000000
-19.85,-34.42,0.000000
-19.35,-34.42,0.000000
-18.84,-34.42,0.000000
-18.34,-34.42,0.000000
-17.84,-34.42,0.000000
-17.34,-34.42,0.000000
-16.83,-34.42,0.000000
-16.33,-34.42,0.000000
-15.83,-34.42,0.000000
-15.33,-34.42,0.000000
-14.82,-34.42,0.000000
-14.32,-34.42,0.000000
-13.82,-34.42,0.000000
-13.32,-34.42,0.000000
-12.81,-34.42,0.000000
-12.31,-34.42,0.000000
-11.81,-34.42,0.000000
-11.31,-34.42,0.000000
-10.80,-34.42,0.000000
-10.30,-34.42,0.000000
-9.80,-34.42,0.000000
-9.30,-34.42,0.000000
-8.79,-34.42,0.000000
-8.29,-34.42,0.000000
-7.79,-34.42,0.000000
-7.29,-34.42,0.000000
-6.78,-34.42,0.000000
-6.28,-34.42,0.000000
-5.78,-34.42,0.000000
-5.28,-34.42,0.000000
-4.77,-34.42,0.000000
-4.27,-34.42,0.000000
-3.77,-34.42,0.000000
-3.27,-34.42,0.000000
-2.76,-34.42,0.000000
-2.26,-34.42,0.000000
-1.76,-34.42,0.000000
-1.26,-34.42,0.000000
-0.75,-34.42,0.000000
-0.25,-34.42,0.000000
0.25,-34.42,0.001929
0.75,-34.42,0.005785
1.26,-34.42,0.009637
1.76,-34.42,0.013484
2.26,-34.42,0.017321
2.76,-34.42,0.021148
3.27,-34.42,0.024962
3.77,-34.42,0.028759
4.27,-34.42,0.032539
4.77,-34.42,0.036299
5.28,-34.42,0.040036
5.78,-34.42,0.043749
6.28,-34.42,0.047435
6.78,-34.42,0.051094
7.29,-34.42,0.054721
7.79,-34.42,0.058317
8.29,-34.42,0.061879
8.79,-34.42,0.065406
9.30,-34.42,0.068895
9.80,-34.42,0.072347
10.30,-34.42,0.075759
10.80,-34.42,0.079130
11.31,-34.42,0.082459
11.81,-34.42,0.085746
12.31,-34.42,0.088988
12.81,-34.42,0.092186
13.32,-34.42,0.095338
13.82,-34.42,0.098444
14.32,-34.42,0.101504
14.82,-34.42,0.104516
15.33,-34.42,0.107481
15.83,-34.42,0.110398
16.33,-34.42,0.113267
16.83,-34.42,0.116088
17.34,-34.42,0.118860
17.84,-34.42,0.121584
18.34,-34.42,0.124259
18.84,-34.42,0.126887
19.35,-34.42,0.129466
19.85,-34.42,0.131998
20.35,-34.42,0.134482
20.85,-34.42,0.136919
21.36,-34.42,0.139309
21.86,-34.42,0.141653
22.36,-34.42,0.143950
22.86,-34.42,0.146203
23.37,-34.42,0.148410
23.87,-34.42,0.150572
24.37,-34.42,0.152691
24.87,-34.42,0.154767
25.38,-34.42,0.156799
25.88,-34.42,0.158790
26.38,-34.42,0.160739
26.88,-34.42,0.162648
27.39,-34.42,0.164516
27.89,-34.42,0.166345
28.39,-34.42,0.168135
28.89,-34.42,0.169887
29.40,-34.42,0.171602
29.90,-34.42,0.173280
30.40,-34.42,0.174922
30.90,-34.42,0.176529
31.41,-34.42,0.178101
31.91,-34.42,0.179639
32.41,-34.42,0.181144
32.91,-34.42,0.182616
33.42,-34.42,0.184057
33.92,-34.42,0.185466
34.42,-34.42,0.186845
34.92,-34.42,0.188194
35.43,-34.42,0.189514
35.93,-34.42,0.190805
36.43,-34.42,0.192069
36.93,-34.42,0.193305
37.44,-34.42,0.194514
37.94,-34.42,0.195697
38.44,-34.42,0.196855
38.94,-34.42,0.197987
39.45,-34.42,0.199096
39.95,-34.42,0.200180
40.45,-34.42,0.201242
40.95,-34.42,0.202280
41.46,-34.42,0.203297
41.96,-34.42,0.204292
42.46,-34.42,0.205265
42.96,-34.42,0.206218
43.47,-34.42,0.207151
43.97,-34.42,0.208065
44.47,-34.42,0.208959
44.97,-34.42,0.209834
45.48,-34.42,0.210691
45.98,-34.42,0.211530
46.48,-34.42,0.212352
46.98,-34.42,0.213156
47.49,-34.42,0.213944
47.99,-34.42,0.214716
48.49,-34.42,0.215472
48.99,-34.42,0.216212
49.50,-34.42,0.216938
50.00,-34.42,0.217648
-50.00,-33.92,0.000000
-49.50,-33.92,0.000000
-48.99,-33.92,0.000000
-48.49,-33.92,0.000000
-47.99,-33.92,0.000000
-47.49,-33.92,0.000000
-46.98,-33.92,0.000000
-46.48,-33.92,0.000000
-45.98,-33.92,0.000000
-45.48,-33.92,0.000000
-44.97,-33.92,0.000000
-44.47,-33.92,0.000000
-43.97,-33.92,0.000000
-43.47,-33.92,0.000000
-42.96,-33.92,0.000000
-42.46,-33.92,0.000000
-41.96,-33.92,0.000000
-41.46,-33.92,0.000000
-40.95,-33.92,0.000000
-40.45,-33.92,0.000000
-39.95,-33.92,0.000000
-39.45,-33.92,0.000000
-38.94,-33.92,0.000000
-38.44,-33.92,0.000000
-37.94,-33.92,0.000000
-37.44,-33.92,0.000000
-36.93,-33.92,0.000000
-36.43,-33.92,0.000000
-35.93,-33.92,0.000000
-35.43,-33.92,0.000000
-34.92,-33.92,0.000000
-34.42,-33.92,0.000000
-33.92,-33.92,0.000000
-33.42,-33.92,0.000000
-32.91,-33.92,0.000000
-32.41,-33.92,0.000000
-31.91,-33.92,0.000000
-31.41,-33.92,0.000000
-30.90,-33.92,0.000000
-30.40,-33.92,0.000000
-29.90,-33.92,0.000000
-29.40,-33.92,0.000000
-28.89,-33.92,0.000000
-28.39,-33.92,0.000000
-27.89,-33.92,0.000000
-27.39,-33.92,0.000000
-26.88,-33.92,0.000000
-26.38,-33.92,0.000000
-25.88,-33.92,0.000000
-25.38,-33.92,0.000000
-24.87,-33.92,0.000000
-24.37,-33.92,0.000000
-23.87,-33.92,0.000000
-23.37,-33.92,0.000000
-22.86,-33.92,0.000000
-22.36,-33.92,0.000000
-21.86,-33.92,0.000000
-21.36,-33.92,0.000000
-20.85,-33.92,0.000000
-20.35,-33.92,0.000000
-19.85,-33.92,0.000000
-19.35,-33.92,0.000000
-18.84,-33.92,0.000000
-18.34,-33.92,0.000000
-17.84,-33.92,0.000000
-17.34,-33.92,0.000000
-16.83,-33.92,0.000000
-16.33,-33.92,0.000000
-15.83,-33.92,0.000000
-15.33,-33.92,0.000000
-14.82,-33.92,0.000000
-14.32,-33.92,0.000000
-13.82,-33.92,0.000000
-13.32,-33.92,0.000000
-12.81,-33.92,0.000000
-12.31,-33.92,0.000000
-11.81,-33.92,0.000000
-11.31,-33.92,0.000000
-10.80,-33.92,0.000000
-10.30,-33.92,0.000000
-9.80,-33.92,0.000000
-9.30,-33.92,0.000000
-8.79,-33.92,0.000000
-8.29,-33.92,0.000000
-7.79,-33.92,0.000000
-7.29,-33.92,0.000000
-6.78,-33.92,0.000000
-6.28,-33.92,0.000000
-5.78,-33.92,0.000000
-5.28,-33.92,0.000000
-4.77,-33.92,0.000000
-4.27,-33.92,0.000000
-3.77,-33.92,0.000000
-3.27,-33.92,0.000000
-2.76,-33.92,0.000000
-2.26,-33.92,0.000000
-1.76,-33.92,0.000000
-1.26,-33.92,0.000000
-0.75,-33.92,0.000000
-0.25,-33.92,0.000000
0.25,-33.92,0.001957
0.75,-33.92,0.005871
1.26,-33.92,0.009780
1.76,-33.92,0.013683
2.26,-33.92,0.017577
2.76,-33.92,0.021459
3.27,-33.92,0.025328
3.77,-33.92,0.029180
4.27,-33.92,0.033014
4.77,-33.92,0.036826
5.28,-33.92,0.040615
5.78,-33.92,0.044379
6.28,-33.92,0.048115
6.78,-33.92,0.051822
7.29,-33.92,0.055496
7.79,-33.92,0.059138
8.29,-33.92,0.062744
8.79,-33.92,0.066314
9.30,-33.92,0.069845
9.80,-33.92,0.073337
10.30,-33.92,0.076787
10.80,-33.92,0.080195
11.31,-33.92,0.083560
11.81,-33.92,0.086880
12.31,-33.92,0.090154
12.81,-33.92,0.093382
13.32,-33.92,0.096563
13.82,-33.92,0.099697
14.32,-33.92,0.102782
14.82,-33.92,0.105818
15.33,-33.92,0.108805
15.83,-33.92,0.111743
16.33,-33.92,0.114631
16.83,-33.92,0.117469
17.34,-33.92,0.120258
17.84,-33.92,0.122997
18.34,-33.92,0.125686
18.84,-33.92,0.128326
19.35,-33.92,0.130916
19.85,-33.92,0.133457
20.35,-33.92,0.135950
20.85,-33.92,0.138394
21.36,-33.92,0.140790
21.86,-33.92,0.143139
22.36,-33.92,0.145440
22.86,-33.92,0.147695
23.37,-33.92,0.149904
23.87,-33.92,0.152068
24.37,-33.92,0.154187
24.87,-33.92,0.156261
25.38,-33.92,0.158293
25.88,-33.92,0.160281
26.38,-33.92,0.162227
26.88,-33.92,0.164132
27.39,-33.92,0.165996
27.89,-33.92,0.167820
28.39,-33.92,0.169604
28.89,-33.92,0.171350
29.40,-33.92,0.173058
29.90,-33.92,0.174729
30.40,-33.92,0.176364
30.90,-33.92,0.177962
31.41,-33.92,0.179526
31.91,-33.92,0.181056
32.41,-33.92,0.182552
32.91,-33.92,0.184015
33.42,-33.92,0.185446
33.92,-33.92,0.186845
34.42,-33.92,0.188214
34.92,-33.92,0.189553
35.43,-33.92,0.190862
35.93,-33.92,0.192143
36.43,-33.92,0.193395
36.93,-33.92,0.194620
37.44,-33.92,0.195818
37.94,-33.92,0.196990
38.44,-33.92,0.198136
38.94,-33.92,0.199258
39.45,-33.92,0.200355
39.95,-33.92,0.201428
40.45,-33.92,0.202478
40.95,-33.92,0.203505
41.46,-33.92,0.204510
41.96,-33.92,0.205493
42.46,-33.92,0.206455
42.96,-33.92,0.207397
43.47,-33.92,0.208318
43.97,-33.92,0.209220
44.47,-33.92,0.210102
44.97,-33.92,0.210966
45.48,-33.92,0.211812
45.98,-33.92,0.212640
46.48,-33.92,0.213450
46.98,-33.92,0.214243
47.49,-33.92,0.215020
47.99,-33.92,0.215781
48.49,-33.92,0.216526
48.99,-33.92,0.217255
49.50,-33.92,0.217970
50.00,-33.92,0.218670
-50.00,-33.42,0.000000
-49.50,-33.42,0.000000
-48.99,-33.42,0.000000
-48.49,-33.42,0.000000
-47.99,-33.42,0.000000
-47.49,-33.42,0.000000
-46.98,-33.42,0.000000
-46.48,-33.42,0.000000
-45.98,-33.42,0.000000
-45.48,-33.42,0.000000
-44.97,-33.42,0.000000
-44.47,-33.42,0.000000
-43.97,-33.42,0.000000
-43.47,-33.42,0.000000
-42.96,-33.42,0.000000
-42.46,-33.42,0.000000
-41.96,-33.42,0.000000
-41.46,-33.42,0.000000
-40.95,-33.42,0.000000
-40.45,-33.42,0.000000
-39.95,-33.42,0.000000
-39.45,-33.42,0.000000
-38.94,-33.42,0.000000
-38.44,-33.42,0.000000
-37.94,-33.42,0.000000
-37.44,-33.42,0.000000
-36.93,-33.42,0.000000
-36.43,-33.42,0.000000
-35.93,-33.42,0.000000
-35.43,-33.42,0.000000
-34.92,-33.42,0.000000
-34.42,-33.42,0.000000
-33.92,-33.42,0.000000
-33.42,-33.42,0.000000
-32.91,-33.42,0.000000
-32.41,-33.42,0.000000
-31.91,-33.42,0.000000
-31.41,-33.42,0.000000
-30.90,-33.42,0.000000
-30.40,-33.42,0.000000
-29.90,-33.42,0.000000
-29.40,-33.42,0.000000
-28.89,-33.42,0.000000
-28.39,-33.42,0.000000
-27.89,-33.42,0.000000
-27.39,-33.42,0.000000
-26.88,-33.42,0.000000
-26.38,-33.42,0.000000
-25.88,-33.42,0.000000
-25.38,-33.42,0.000000
-24.87,-33.42,0.000000
-24.37,-33.42,0.000000
-23.87,-33.42,0.000000
-23.37,-33.42,0.000000
-22.86,-33.42,0.000000
-22.36,-33.42,0.000000
-21.86,-33.42,0.000000
-21.36,-33.42,0.000000
-20.85,-33.42,0.000000
-20.35,-33.42,0.000000
-19.85,-33.42,0.000000
-19.35,-33.42,0.000000
-18.84,-33.42,0.000000
-18.34,-33.42,0.000000
-17.84,-33.42,0.000000
-17.34,-33.42,0.000000
-16.83,-33.42,0.000000
-16.33,-33.42,0.000000
-15.83,-33.42,0.000000
-15.33,-33.42,0.000000
-14.82,-33.42,0.000000
-14.32,-33.42,0.000000
-13.82,-33.42,0.000000
-13.32,-33.42,0.000000
-12.81,-33.42,0.000000
-12.31,-33.42,0.000000
-11.81,-33.42,0.000000
-11.31,-33.42,0.000000
-10.80,-33.42,0.000000
-10.30,-33.42,0.000000
-9.80,-33.42,0.000000
-9.30,-33.42,0.000000
-8.79,-33.42,0.000000
-8.29,-33.42,0.000000
-7.79,-33.42,0.000000
-7.29,-33.42,0.000000
-6.78,-33.42,0.000000
-6.28,-33.42,0.000000
-5.78,-33.42,0.000000
-5.28,-33.42,0.000000
-4.77,-33.42,0.000000
-4.27,-33.42,0.000000
-3.77,-33.42,0.000000
-3.27,-33.42,0.000000
-2.76,-33.42,0.000000
-2.26,-33.42,0.000000
-1.76,-33.42,0.000000
-1.26,-33.42,0.000000
-0.75,-33.42,0.000000
-0.25,-33.42,0.000000
0.25,-33.42,0.001987
0.75,-33.42,0.005959
1.26,-33.42,0.009927
1.76,-33.42,0.013888
2.26,-33.42,0.017840
2.76,-33.42,0.021780
3.27,-33.42,0.025705
3.77,-33.42,0.029614
4.27,-33.42,0.033502
4.77,-33.42,0.037369
5.28,-33.42,0.041211
5.78,-33.42,0.045027
6.28,-33.42,0.048814
6.78,-33.42,0.052570
7.29,-33.42,0.056293
7.79,-33.42,0.059982
8.29,-33.42,0.063634
8.79,-33.42,0.067247
9.30,-33.42,0.070821
9.80,-33.42,0.074353
10.30,-33.42,0.077842
10.80,-33.42,0.081288
11.31,-33.42,0.084688
11.81,-33.42,0.088042
12.31,-33.42,0.091349
12.81,-33.42,0.094608
13.32,-33.42,0.097818
13.82,-33.42,0.100978
14.32,-33.42,0.104089
14.82,-33.42,0.107149
15.33,-33.42,0.110159
15.83,-33.42,0.113117
16.33,-33.42,0.116024
16.83,-33.42,0.118881
17.34,-33.42,0.121685
17.84,-33.42,0.124439
18.34,-33.42,0.127141
18.84,-33.42,0.129793
19.35,-33.42,0.132393
19.85,-33.42,0.134944
20.35,-33.42,0.137444
20.85,-33.42,0.139895
21.36,-33.42,0.142297
21.86,-33.42,0.144649
22.36,-33.42,0.146954
22.86,-33.42,0.149212
23.37,-33.42,0.151422
23.87,-33.42,0.153586
24.37,-33.42,0.155704
24.87,-33.42,0.157777
25.38,-33.42,0.159806
25.88,-33.42,0.161792
26.38,-33.42,0.163734
26.88,-33.42,0.165635
27.39,-33.42,0.167493
27.89,-33.42,0.169312
28.39,-33.42,0.171090
28.89,-33.42,0.172829
29.40,-33.42,0.174530
29.90,-33.42,0.176193
30.40,-33.42,0.177820
30.90,-33.42,0.179410
31.41,-33.42,0.180965
31.91,-33.42,0.182485
32.41,-33.42,0.183971
32.91,-33.42,0.185424
33.42,-33.42,0.186845
33.92,-33.42,0.188234
34.42,-33.42,0.189593
34.92,-33.42,0.190920
35.43,-33.42,0.192219
35.93,-33.42,0.193488
36.43,-33.42,0.194729
36.93,-33.42,0.195943
37.44,-33.42,0.197129
37.94,-33.42,0.198290
38.44,-33.42,0.199424
38.94,-33.42,0.200534
39.45,-33.42,0.201619
39.95,-33.42,0.202680
40.45,-33.42,0.203718
40.95,-33.42,0.204733
41.46,-33.42,0.205726
41.96,-33.42,0.206698
42.46,-33.42,0.207648
42.96,-33.42,0.208578
43.47,-33.42,0.209487
43.97,-33.42,0.210377
44.47,-33.42,0.211248
44.97,-33.42,0.212100
45.48,-33.42,0.212934
45.98,-33.42,0.213750
46.48,-33.42,0.214549
46.98,-33.42,0.215331
47.49,-33.42,0.216096
47.99,-33.42,0.216846
48.49,-33.42,0.217580
48.99,-33.42,0.218298
49.50,-33.42,0.219001
50.00,-33.42,0.219690
-50.00,-32.91,0.000000
-49.50,-32.91,0.000000
-48.99,-32.91,0.000000
-48.49,-32.91,0.000000
-47.99,-32.91,0.000000
-47.49,-32.91,0.000000
-46.98,-32.91,0.000000
-46.48,-32.91,0.000000
-45.98,-32.91,0.000000
-45.48,-32.91,0.000000
-44.97,-32.91,0.000000
-44.47,-32.91,0.000000
-43.97,-32.91,0.000000
-43.47,-32.91,0.000000
-42.96,-32.91,0.000000
-42.46,-32.91,0.000000
-41.96,-32.91,0.000000
-41.46,-32.91,0.000000
-40.95,-32.91,0.000000
-40.45,-32.91,0.000000
-39.95,-32.91,0.000000
-39.45,-32.91,0.000000
-38.94,-32.91,0.000000
-38.44,-32.91,0.000000
-37.94,-32.91,0.000000
-37.44,-32.91,0.000000
-36.93,-32.91,0.000000
-36.43,-32.91,0.000000
-35.93,-32.91,0.000000
-35.43,-32.91,0.000000
-34.92,-32.91,0.000000
-34.42,-32.91,0.000000
-33.92,-32.91,0.000000
-33.42,-32.91,0.000000
-32.91,-32.91,0.000000
-32.41,-32.91,0.000000
-31.91,-32.91,0.000000
-31.41,-32.91,0.000000
-30.90,-32.91,0.000000
-30.40,-32.91,0.000000
-29.90,-32.91,0.000000
-29.40,-32.91,0.000000
-28.89,-32.91,0.000000
-28.39,-32.91,0.000000
-27.89,-32.91,0.000000
-27.39,-32.91,0.000000
-26.88,-32.91,0.000000
-26.38,-32.91,0.000000
-25.88,-32.91,0.000000
-25.38,-32.91,0.000000
-24.87,-32.91,0.000000
-24.37,-32.91,0.000000
-23.87,-32.91,0.000000
-23.37,-32.91,0.000000
-22.86,-32.91,0.000000
-22.36,-32.91,0.000000
-21.86,-32.91,0.000000
-21.36,-32.91,0.000000
-20.85,-32.91,0.000000
-20.35,-32.91,0.000000
-19.85,-32.91,0.000000
-19.35,-32.91,0.000000
-18.84,-32.91,0.000000
-18.34,-32.91,0.000000
-17.84,-32.91,0.000000
-17.34,-32.91,0.000000
-16.83,-32.91,0.000000
-16.33,-32.91,0.000000
-15.83,-32.91,0.000000
-15.33,-32.91,0.000000
-14.82,-32.91,0.000000
-14.32,-32.91,0.000000
-13.82,-32.91,0.000000
-13.32,-32.91,0.000000
-12.81,-32.91,0.000000
-12.31,-32.91,0.000000
-11.81,-32.91,0.000000
-11.31,-32.91,0.000000
-10.80,-32.91,0.000000
-10.30,-32.91,0.000000
-9.80,-32.91,0.000000
-9.30,-32.91,0.000000
-8.79,-32.91,0.000000
-8.29,-32.91,0.000000
-7.79,-32.91,0.000000
-7.29,-32.91,0.000000
-6.78,-32.91,0.000000
-6.28,-32.91,0.000000
-5.78,-32.91,0.000000
-5.28,-32.91,0.000000
-4.77,-32.91,0.000000
-4.27,-32.91,0.000000
-3.77,-32.91,0.000000
-3.27,-32.91,0.000000
-2.76,-32.91,0.000000
-2.26,-32.91,0.000000
-1.76,-32.91,0.000000
-1.26,-32.91,0.000000
-0.75,-32.91,0.000000
-0.25,-32.91,0.000000
0.25,-32.91,0.002017
0.75,-32.91,0.006050
1.26,-32.91,0.010078
1.76,-32.91,0.014100
2.26,-32.91,0.018111
2.76,-32.91,0.022110
3.27,-32.91,0.026094
3.77,-32.91,0.030060
4.27,-32.91,0.034005
4.77,-32.91,0.037928
5.28,-32.91,0.041825
5.78,-32.91,0.045694
6.28,-32.91,0.049533
6.78,-32.91,0.053340
7.29,-32.91,0.057113
7.79,-32.91,0.060849
8.29,-32.91,0.064548
8.79,-32.91,0.068206
9.30,-32.91,0.071823
9.80,-32.91,0.075396
10.30,-32.91,0.078926
10.80,-32.91,0.082409
11.31,-32.91,0.085845
11.81,-32.91,0.089234
12.31,-32.91,0.092573
12.81,-32.91,0.095863
13.32,-32.91,0.099102
13.82,-32.91,0.102290
14.32,-32.91,0.105427
14.82,-32.91,0.108511
15.33,-32.91,0.111543
15.83,-32.91,0.114522
16.33,-32.91,0.117448
16.83,-32.91,0.120321
17.34,-32.91,0.123142
17.84,-32.91,0.125910
18.34,-32.91,0.128625
18.84,-32.91,0.131288
19.35,-32.91,0.133899
19.85,-32.91,0.136458
20.35,-32.91,0.138965
20.85,-32.91,0.141422
21.36,-32.91,0.143829
21.86,-32.91,0.146186
22.36,-32.91,0.148493
22.86,-32.91,0.150752
23.37,-32.91,0.152963
23.87,-32.91,0.155127
24.37,-32.91,0.157244
24.87,-32.91,0.159315
25.38,-32.91,0.161341
25.88,-32.91,0.163323
26.38,-32.91,0.165261
26.88,-32.91,0.167156
27.39,-32.91,0.169009
27.89,-32.91,0.170821
28.39,-32.91,0.172593
28.89,-32.91,0.174324
29.40,-32.91,0.176017
29.90,-32.91,0.177672
30.40,-32.91,0.179290
30.90,-32.91,0.180871
31.41,-32.91,0.182416
31.91,-32.91,0.183926
32.41,-32.91,0.185403
32.91,-32.91,0.186845
33.42,-32.91,0.188255
33.92,-32.91,0.189634
34.42,-32.91,0.190981
34.92,-32.91,0.192297
35.43,-32.91,0.193584
35.93,-32.91,0.194842
36.43,-32.91,0.196071
36.93,-32.91,0.197273
37.44,-32.91,0.198447
37.94,-32.91,0.199595
38.44,-32.91,0.200718
38.94,-32.91,0.201815
39.45,-32.91,0.202888
39.95,-32.91,0.203937
40.45,-32.91,0.204963
40.95,-32.91,0.205966
41.46,-32.91,0.206946
41.96,-32.91,0.207906
42.46,-32.91,0.208844
42.96,-32.91,0.209761
43.47,-32.91,0.210658
43.97,-32.91,0.211536
44.47,-32.91,0.212395
44.97,-32.91,0.213235
45.48,-32.91,0.214057
45.98,-32.91,0.214861
46.48,-32.91,0.215649
46.98,-32.91,0.216419
47.49,-32.91,0.217173
47.99,-32.91,0.217910
48.49,-32.91,0.218633
48.99,-32.91,0.219340
49.50,-32.91,0.220032
50.00,-32.91,0.220710
-50.00,-32.41,0.000000
-49.50,-32.41,0.000000
-48.99,-32.41,0.000000
-48.49,-32.41,0.000000
-47.99,-32.41,0.000000
-47.49,-32.41,0.000000
-46.98,-32.41,0.000000
-46.48,-32.41,0.000000
-45.98,-32.41,0.000000
-45.48,-32.41,0.000000
-44.97,-32.41,0.000000
-44.47,-32.41,0.000000
-43.97,-32.41,0.000000
-43.47,-32.41,0.000000
-42.96,-32.41,0.000000
-42.46,-32.41,0.000000
-41.96,-32.41,0.000000
-41.46,-32.41,0.000000
-40.95,-32.41,0.000000
-40.45,-32.41,0.000000
-39.95,-32.41,0.000000
-39.45,-32.41,0.000000
-38.94,-32.41,0.000000
-38.44,-32.41,0.000000
-37.94,-32.41,0.000000
-37.44,-32.41,0.000000
-36.93,-32.41,0.000000
-36.43,-32.41,0.000000
-35.93,-32.41,0.000000
-35.43,-32.41,0.000000
-34.92,-32.41,0.000000
-34.42,-32.41,0.000000
-33.92,-32.41,0.000000
-33.42,-32.41,0.000000
-32.91,-32.41,0.000000
-32.41,-32.41,0.000000
-31.91,-32.41,0.000000
-31.41,-32.41,0.000000
-30.90,-32.41,0.000000
-30.40,-32.41,0.000000
-29.90,-32.41,0.000000
-29.40,-32.41,0.000000
-28.89,-32.41,0.000000
-28.39,-32.41,0.000000
-27.89,-32.41,0.000000
-27.39,-32.41,0.000000
-26.88,-32.41,0.000000
-26.38,-32.41,0.000000
-25.88,-32.41,0.000000
-25.38,-32.41,0.000000
-24.87,-32.41,0.000000
-24.37,-32.41,0.000000
-23.87,-32.41,0.000000
-23.37,-32.41,0.000000
-22.86,-32.41,0.000000
-22.36,-32.41,0.000000
-21.86,-32.41,0.000000
-21.36,-32.41,0.000000
-20.85,-32.41,0.000000
-20.35,-32.41,0.000000
-19.85,-32.41,0.000000
-19.35,-32.41,0.000000
-18.84,-32.41,0.000000
-18.34,-32.41,0.000000
-17.84,-32.41,0.000000
-17.34,-32.41,0.000000
-16.83,-32.41,0.000000
-16.33,-32.41,0.000000
-15.83,-32.41,0.000000
-15.33,-32.41,0.000000
-14.82,-32.41,0.000000
-14.32,-32.41,0.000000
-13.82,-32.41,0.000000
-13.32,-32.41,0.000000
-12.81,-32.41,0.000000
-12.31,-32.41,0.000000
-11.81,-32.41,0.000000
-11.31,-32.41,0.000000
-10.80,-32.41,0.000000
-10.30,-32.41,0.000000
-9.80,-32.41,0.000000
-9.30,-32.41,0.000000
-8.79,-32.41,0.000000
-8.29,-32.41,0.000000
-7.79,-32.41,0.000000
-7.29,-32.41,0.000000
-6.78,-32.41,0.000000
-6.28,-32.41,0.000000
-5.78,-32.41,0.000000
-5.28,-32.41,0.000000
-4.77,-32.41,0.000000
-4.27,-32.41,0.000000
-3.77,-32.41,0.000000
-3.27,-32.41,0.000000
-2.76,-32.41,0.000000
-2.26,-32.41,0.000000
-1.76,-32.41,0.000000
-1.26,-32.41,0.000000
-0.75,-32.41,0.000000
-0.25,-32.41,0.000000
0.25,-32.41,0.002048
0.75,-32.41,0.006143
1.26,-32.41,0.010234
1.76,-32.41,0.014317
2.26,-32.41,0.018391
2.76,-32.41,0.022451
3.27,-32.41,0.026495
3.77,-32.41,0.030520
4.27,-32.41,0.034524
4.77,-32.41,0.038504
5.28,-32.41,0.042457
5.78,-32.41,0.046381
6.28,-32.41,0.050274
6.78,-32.41,0.054133
7.29,-32.41,0.057956
7.79,-32.41,0.061742
8.29,-32.41,0.065487
8.79,-32.41,0.069191
9.30,-32.41,0.072852
9.80,-32.41,0.076468
10.30,-32.41,0.080038
10.80,-32.41,0.083560
11.31,-32.41,0.087033
11.81,-32.41,0.090456
12.31,-32.41,0.093829
12.81,-32.41,0.097150
13.32,-32.41,0.100418
13.82,-32.41,0.103634
14.32,-32.41,0.106796
14.82,-32.41,0.109904
15.33,-32.41,0.112958
15.83,-32.41,0.115957
16.33,-32.41,0.118902
16.83,-32.41,0.121793
17.34,-32.41,0.124629
17.84,-32.41,0.127411
18.34,-32.41,0.130138
18.84,-32.41,0.132812
19.35,-32.41,0.135432
19.85,-32.41,0.137999
20.35,-32.41,0.140514
20.85,-32.41,0.142976
21.36,-32.41,0.145387
21.86,-32.41,0.147747
22.36,-32.41,0.150057
22.86,-32.41,0.152317
23.37,-32.41,0.154527
23.87,-32.41,0.156690
24.37,-32.41,0.158805
24.87,-32.41,0.160874
25.38,-32.41,0.162896
25.88,-32.41,0.164874
26.38,-32.41,0.166807
26.88,-32.41,0.168696
27.39,-32.41,0.170543
27.89,-32.41,0.172348
28.39,-32.41,0.174112
28.89,-32.41,0.175835
29.40,-32.41,0.177520
29.90,-32.41,0.179166
30.40,-32.41,0.180774
30.90,-32.41,0.182345
31.41,-32.41,0.183880
31.91,-32.41,0.185380
32.41,-32.41,0.186845
32.91,-32.41,0.188277
33.42,-32.41,0.189676
33.92,-32.41,0.191042
34.42,-32.41,0.192378
34.92,-32.41,0.193682
35.43,-32.41,0.194957
35.93,-32.41,0.196203
36.43,-32.41,0.197420
36.93,-32.41,0.198609
37.44,-32.41,0.199771
37.94,-32.41,0.200907
38.44,-32.41,0.202017
38.94,-32.41,0.203101
39.45,-32.41,0.204162
39.95,-32.41,0.205198
40.45,-32.41,0.206211
40.95,-32.41,0.207201
41.46,-32.41,0.208169
41.96,-32.41,0.209116
42.46,-32.41,0.210041
42.96,-32.41,0.210946
43.47,-32.41,0.211831
43.97,-32.41,0.212697
44.47,-32.41,0.213543
44.97,-32.41,0.214371
45.48,-32.41,0.215181
45.98,-32.41,0.215973
46.48,-32.41,0.216748
46.98,-32.41,0.217506
47.49,-32.41,0.218248
47.99,-32.41,0.218974
48.49,-32.41,0.219685
48.99,-32.41,0.220380
49.50,-32.41,0.221061
50.00,-32.41,0.221728
-50.00,-31.91,0.000000
-49.50,-31.91,0.000000
-48.99,-31.91,0.000000
-48.49,-31.91,0.000000
-47.99,-31.91,0.000000
-47.49,-31.91,0.000000
-46.98,-31.91,0.000000
-46.48,-31.91,0.000000
-45.98,-31.91,0.000000
-45.48,-31.91,0.000000
-44.97,-31.91,0.000000
-44.47,-31.91,0.000000
-43.97,-31.91,0.000000
-43.47,-31.91,0.000000
-42.96,-31.91,0.000000
-42.46,-31.91,0.000000
-41.96,-31.91,0.000000
-41.46,-31.91,0.000000
-40.95,-31.91,0.000000
-40.45,-31.91,0.000000
-39.95,-31.91,0.000000
-39.45,-31.91,0.000000
-38.94,-31.91,0.000000
-38.44,-31.91,0.000000
-37.94,-31.91,0.000000
-37.44,-31.91,0.000000
-36.93,-31.91,0.000000
-36.43,-31.91,0.000000
-35.93,-31.91,0.000000
-35.43,-31.91,0.000000
-34.92,-31.91,0.000000
-34.42,-31.91,0.000000
-33.92,-31.91,0.000000
-33.42,-31.91,0.000000
-32.91,-31.91,0.000000
-32.41,-31.91,0.000000
-31.91,-31.91,0.000000
-31.41,-31.91,0.000000
-30.90,-31.91,0.000000
-30.40,-31.91,0.000000
-29.90,-31.91,0.000000
-29.40,-31.91,0.000000
-28.89,-31.91,0.000000
-28.39,-31.91,0.000000
-27.89,-31.91,0.000000
-27.39,-31.91,0.000000
-26.88,-31.91,0.000000
-26.38,-31.91,0.000000
-25.88,-31.91,0.000000
-25.38,-31.91,0.000000
-24.87,-31.91,0.000000
-24.37,-31.91,0.000000
-23.87,-31.91,0.000000
-23.37,-31.91,0.000000
-22.86,-31.91,0.000000
-22.36,-31.91,0.000000
-21.86,-31.91,0.000000
-21.36,-31.91,0.000000
-20.85,-31.91,0.000000
-20.35,-31.91,0.000000
-19.85,-31.91,0.000000
-19.35,-31.91,0.000000
-18.84,-31.91,0.000000
-18.34,-31.91,0.000000
-17.84,-31.91,0.000000
-17.34,-31.91,0.000000
-16.83,-31.91,0.000000
-16.33,-31.91,0.000000
-15.83,-31.91,0.000000
-15.33,-31.91,0.000000
-14.82,-31.91,0.000000
-14.32,-31.91,0.000000
-13.82,-31.91,0.000000
-13.32,-31.91,0.000000
-12.81,-31.91,0.000000
-12.31,-31.91,0.000000
-11.81,-31.91,0.000000
-11.31,-31.91,0.000000
-10.80,-31.91,0.000000
-10.30,-31.91,0.000000
-9.80,-31.91,0.000000
-9.30,-31.91,0.000000
-8.79,-31.91,0.000000
-8.29,-31.91,0.000000
-7.79,-31.91,0.000000
-7.29,-31.91,0.000000
-6.78,-31.91,0.000000
-6.28,-31.91,0.000000
-5.78,-31.91,0.000000
-5.28,-31.91,0.000000
-4.77,-31.91,0.000000
-4.27,-31.91,0.000000
-3.77,-31.91,0.000000
-3.27,-31.91,0.000000
-2.76,-31.91,0.000000
-2.26,-31.91,0.000000
-1.76,-31.91,0.000000
-1.26,-31.91,0.000000
-0.75,-31.91,0.000000
-0.25,-31.91,0.000000
0.25,-31.91,0.002081
0.75,-31.91,0.006240
1.26,-31.91,0.010395
1.76,-31.91,0.014542
2.26,-31.91,0.018679
2.76,-31.91,0.022801
3.27,-31.91,0.026907
3.77,-31.91,0.030994
4.27,-31.91,0.035058
4.77,-31.91,0.039097
5.28,-31.91,0.043108
5.78,-31.91,0.047088
6.28,-31.91,0.051036
6.78,-31.91,0.054949
7.29,-31.91,0.058824
7.79,-31.91,0.062660
8.29,-31.91,0.066454
8.79,-31.91,0.070205
9.30,-31.91,0.073910
9.80,-31.91,0.077569
10.30,-31.91,0.081180
10.80,-31.91,0.084741
11.31,-31.91,0.088252
11.81,-31.91,0.091710
12.31,-31.91,0.095116
12.81,-31.91,0.098469
13.32,-31.91,0.101767
13.82,-31.91,0.105010
14.32,-31.91,0.108198
14.82,-31.91,0.111330
15.33,-31.91,0.114405
15.83,-31.91,0.117425
16.33,-31.91,0.120389
16.83,-31.91,0.123296
17.34,-31.91,0.126147
17.84,-31.91,0.128942
18.34,-31.91,0.131682
18.84,-31.91,0.134366
19.35,-31.91,0.136995
19.85,-31.91,0.139570
20.35,-31.91,0.142090
20.85,-31.91,0.144558
21.36,-31.91,0.146972
21.86,-31.91,0.149335
22.36,-31.91,0.151646
22.86,-31.91,0.153906
23.37,-31.91,0.156116
23.87,-31.91,0.158277
24.37,-31.91,0.160389
24.87,-31.91,0.162454
25.38,-31.91,0.164472
25.88,-31.91,0.166445
26.38,-31.91,0.168372
26.88,-31.91,0.170255
27.39,-31.91,0.172095
27.89,-31.91,0.173892
28.39,-31.91,0.175647
28.89,-31.91,0.177362
29.40,-31.91,0.179037
29.90,-31.91,0.180673
30.40,-31.91,0.182271
30.90,-31.91,0.183832
31.41,-31.91,0.185357
31.91,-31.91,0.186845
32.41,-31.91,0.188299
32.91,-31.91,0.189719
33.42,-31.91,0.191106
33.92,-31.91,0.192461
34.42,-31.91,0.193784
34.92,-31.91,0.195076
35.43,-31.91,0.196338
35.93,-31.91,0.197571
36.43,-31.91,0.198775
36.93,-31.91,0.199952
37.44,-31.91,0.201101
37.94,-31.91,0.202224
38.44,-31.91,0.203321
38.94,-31.91,0.204392
39.45,-31.91,0.205439
39.95,-31.91,0.206463
40.45,-31.91,0.207463
40.95,-31.91,0.208440
41.46,-31.91,0.209395
41.96,-31.91,0.210329
42.46,-31.91,0.211241
42.96,-31.91,0.212133
43.47,-31.91,0.213005
43.97,-31.91,0.213858
44.47,-31.91,0.214692
44.97,-31.91,0.215507
45.48,-31.91,0.216305
45.98,-31.91,0.217084
46.48,-31.91,0.217847
46.98,-31.91,0.218593
47.49,-31.91,0.219323
47.99,-31.91,0.220037
48.49,-31.91,0.220736
48.99,-31.91,0.221420
49.50,-31.91,0.222089
50.00,-31.91,0.222744
-50.00,-31.41,0.000000
-49.50,-31.41,0.000000
-48.99,-31.41,0.000000
-48.49,-31.41,0.000000
-47.99,-31.41,0.000000
-47.49,-31.41,0.000000
-46.98,-31.41,0.000000
-46.48,-31.41,0.000000
-45.98,-31.41,0.000000
-45.48,-31.41,0.000000
-44.97,-31.41,0.000000
-44.47,-31.41,0.000000
-43.97,-31.41,0.000000
-43.47,-31.41,0.000000
-42.96,-31.41,0.000000
-42.46,-31.41,0.000000
-41.96,-31.41,0.000000
-41.46,-31.41,0.000000
-40.95,-31.41,0.000000
-40.45,-31.41,0.000000
-39.95,-31.41,0.000000
-39.45,-31.41,0.000000
-38.94,-31.41,0.000000
-38.44,-31.41,0.000000
-37.94,-31.41,0.000000
-37.44,-31.41,0.000000
-36.93,-31.41,0.000000
-36.43,-31.41,0.000000
-35.93,-31.41,0.000000
-35.43,-31.41,0.000000
-34.92,-31.41,0.000000
-34.42,-31.41,0.000000
-33.92,-31.41,0.000000
-33.42,-31.41,0.000000
-32.91,-31.41,0.000000
-32.41,-31.41,0.000000
-31.91,-31.41,0.000000
-31.41,-31.41,0.000000
-30.90,-31.41,0.000000
-30.40,-31.41,0.000000
-29.90,-31.41,0.000000
-29.40,-31.41,0.000000
-28.89,-31.41,0.000000
-28.39,-31.41,0.000000
-27.89,-31.41,0.000000
-27.39,-31.41,0.000000
-26.88,-31.41,0.000000
-26.38,-31.41,0.000000
-25.88,-31.41,0.000000
-25.38,-31.41,0.000000
-24.87,-31.41,0.000000
-24.37,-31.41,0.000000
-23.87,-31.41,0.000000
-23.37,-31.41,0.000000
-22.86,-31.41,0.000000
-22.36,-31.41,0.000000
-21.86,-31.41,0.000000
-21.36,-31.41,0.000000
-20.85,-31.41,0.000000
-20.35,-31.41,0.000000
-19.85,-31.41,0.000000
-19.35,-31.41,0.000000
-18.84,-31.41,0.000000
-18.34,-31.41,0.000000
-17.84,-31.41,0.000000
-17.34,-31.41,0.000000
-16.83,-31.41,0.000000
-16.33,-31.41,0.000000
-15.83,-31.41,0.000000
-15.33,-31.41,0.000000
-14.82,-31.41,0.000000
-14.32,-31.41,0.000000
-13.82,-31.41,0.000000
-13.32,-31.41,0.000000
-12.81,-31.41,0.000000
-12.31,-31.41,0.000000
-11.81,-31.41,0.000000
-11.31,-31.41,0.000000
-10.80,-31.41,0.000000
-10.30,-31.41,0.000000
-9.80,-31.41,0.000000
-9.30,-31.41,0.000000
-8.79,-31.41,0.000000
-8.29,-31.41,0.000000
-7.79,-31.41,0.000000
-7.29,-31.41,0.000000
-6.78,-31.41,0.000000
-6.28,-31.41,0.000000
-5.78,-31.41,0.000000
-5.28,-31.41,0.000000
-4.77,-31.41,0.000000
-4.27,-31.41,0.000000
-3.77,-31.41,0.000000
-3.27,-31.41,0.000000
-2.76,-31.41,0.000000
-2.26,-31.41,0.000000
-1.76,-31.41,0.000000
-1.26,-31.41,0.000000
-0.75,-31.41,0.000000
-0.25,-31.41,0.000000
0.25,-31.41,0.002114
0.75,-31.41,0.006340
1.26,-31.41,0.010561
1.76,-31.41,0.014774
2.26,-31.41,0.018976
2.76,-31.41,0.023164
3.27,-31.41,0.027333
3.77,-31.41,0.031483
4.27,-31.41,0.035609
4.77,-31.41,0.039708
5.28,-31.41,0.043779
5.78,-31.41,0.047817
6.28,-31.41,0.051822
6.78,-31.41,0.055789
7.29,-31.41,0.059717
7.79,-31.41,0.063605
8.29,-31.41,0.067448
8.79,-31.41,0.071247
9.30,-31.41,0.074998
9.80,-31.41,0.078701
10.30,-31.41,0.082354
10.80,-31.41,0.085955
11.31,-31.41,0.089503
11.81,-31.41,0.092997
12.31,-31.41,0.096437
12.81,-31.41,0.099821
13.32,-31.41,0.103149
13.82,-31.41,0.106419
14.32,-31.41,0.109633
14.82,-31.41,0.112788
15.33,-31.41,0.115886
15.83,-31.41,0.118926
16.33,-31.41,0.121907
16.83,-31.41,0.124831
17.34,-31.41,0.127697
17.84,-31.41,0.130505
18.34,-31.41,0.133256
18.84,-31.41,0.135950
19.35,-31.41,0.138587
19.85,-31.41,0.141169
20.35,-31.41,0.143695
20.85,-31.41,0.146167
21.36,-31.41,0.148584
21.86,-31.41,0.150948
22.36,-31.41,0.153260
22.86,-31.41,0.155520
23.37,-31.41,0.157728
23.87,-31.41,0.159887
24.37,-31.41,0.161996
24.87,-31.41,0.164056
25.38,-31.41,0.166070
25.88,-31.41,0.168036
26.38,-31.41,0.169957
26.88,-31.41,0.171832
27.39,-31.41,0.173664
27.89,-31.41,0.175453
28.39,-31.41,0.177199
28.89,-31.41,0.178905
29.40,-31.41,0.180570
29.90,-31.41,0.182196
30.40,-31.41,0.183783
30.90,-31.41,0.185332
31.41,-31.41,0.186845
31.91,-31.41,0.188322
32.41,-31.41,0.189764
32.91,-31.41,0.191172
33.42,-31.41,0.192546
33.92,-31.41,0.193888
34.42,-31.41,0.195198
34.92,-31.41,0.196478
35.43,-31.41,0.197727
35.93,-31.41,0.198946
36.43,-31.41,0.200137
36.93,-31.41,0.201300
37.44,-31.41,0.202436
37.94,-31.41,0.203545
38.44,-31.41,0.204629
38.94,-31.41,0.205687
39.45,-31.41,0.206721
39.95,-31.41,0.207731
40.45,-31.41,0.208717
40.95,-31.41,0.209681
41.46,-31.41,0.210623
41.96,-31.41,0.211543
42.46,-31.41,0.212443
42.96,-31.41,0.213321
43.47,-31.41,0.214181
43.97,-31.41,0.215020
44.47,-31.41,0.215841
44.97,-31.41,0.216644
45.48,-31.41,0.217428
45.98,-31.41,0.218195
46.48,-31.41,0.218946
46.98,-31.41,0.219679
47.49,-31.41,0.220397
47.99,-31.41,0.221099
48.49,-31.41,0.221786
48.99,-31.41,0.222457
49.50,-31.41,0.223115
50.00,-31.41,0.223758
-50.00,-30.90,0.000000
-49.50,-30.90,0.000000
-48.99,-30.90,0.000000
-48.49,-30.90,0.000000
-47.99,-30.90,0.000000
-47.49,-30.90,0.000000
-46.98,-30.90,0.000000
-46.48,-30.90,0.000000
-45.98,-30.90,0.000000
-45.48,-30.90,0.000000
-44.97,-30.90,0.000000
-44.47,-30.90,0.000000
-43.97,-30.90,0.000000
-43.47,-30.90,0.000000
-42.96,-30.90,0.000000
-42.46,-30.90,0.000000
-41.96,-30.90,0.000000
-41.46,-30.90,0.000000
-40.95,-30.90,0.000000
-40.45,-30.90,0.000000
-39.95,-30.90,0.000000
-39.45,-30.90,0.000000
-38.94,-30.90,0.000000
-38.44,-30.90,0.000000
-37.94,-30.90,0.000000
-37.44,-30.90,0.000000
-36.93,-30.90,0.000000
-36.43,-30.90,0.000000
-35.93,-30.90,0.000000
-35.43,-30.90,0.000000
-34.92,-30.90,0.000000
-34.42,-30.90,0.000000
-33.92,-30.90,0.000000
-33.42,-30.90,0.000000
-32.91,-30.90,0.000000
-32.41,-30.90,0.000000
-31.91,-30.90,0.000000
-31.41,-30.90,0.000000
-30.90,-30.90,0.000000
-30.40,-30.90,0.000000
-29.90,-30.90,0.000000
-29.40,-30.90,0.000000
-28.89,-30.90,0.000000
-28.39,-30.90,0.000000
-27.89,-30.90,0.000000
-27.39,-30.90,0.000000
-26.88,-30.90,0.000000
-26.38,-30.90,0.000000
-25.88,-30.90,0.000000
-25.38,-30.90,0.000000
-24.87,-30.90,0.000000
-24.37,-30.90,0.000000
-23.87,-30.90,0.000000
-23.37,-30.90,0.000000
-22.86,-30.90,0.000000
-22.36,-30.90,0.000000
-21.86,-30.90,0.000000
-21.36,-30.90,0.000000
-20.85,-30.90,0.000000
-20.35,-30.90,0.000000
-19.85,-30.90,0.000000
-19.35,-30.90,0.000000
-18.84,-30.90,0.000000
-18.34,-30.90,0.000000
-17.84,-30.90,0.000000
-17.34,-30.90,0.000000
-16.83,-30.90,0.000000
-16.33,-30.90,0.000000
-15.83,-30.90,0.000000
-15.33,-30.90,0.000000
-14.82,-30.90,0.000000
-14.32,-30.90,0.000000
-13.82,-30.90,0.000000
-13.32,-30.90,0.000000
-12.81,-30.90,0.000000
-12.31,-30.90,0.000000
-11.81,-30.90,0.000000
-11.31,-30.90,0.000000
-10.80,-30.90,0.000000
-10.30,-30.90,0.000000
-9.80,-30.90,0.000000
-9.30,-30.90,0.000000
-8.79,-30.90,0.000000
-8.29,-30.90,0.000000
-7.79,-30.90,0.000000
-7.29,-30.90,0.000000
-6.78,-30.90,0.000000
-6.28,-30.90,0.000000
-5.78,-30.90,0.000000
-5.28,-30.90,0.000000
-4.77,-30.90,0.000000
-4.27,-30.90,0.000000
-3.77,-30.90,0.000000
-3.27,-30.90,0.000000
-2.76,-30.90,0.000000
-2.26,-30.90,0.000000
-1.76,-30.90,0.000000
-1.26,-30.90,0.000000
-0.75,-30.90,0.000000
-0.25,-30.90,0.000000
0.25,-30.90,0.002148
0.75,-30.90,0.006443
1.26,-30.90,0.010733
1.76,-30.90,0.015014
2.26,-30.90,0.019283
2.76,-30.90,0.023537
3.27,-30.90,0.027773
3.77,-30.90,0.031987
4.27,-30.90,0.036177
4.77,-30.90,0.040339
5.28,-30.90,0.044471
5.78,-30.90,0.048569
6.28,-30.90,0.052631
6.78,-30.90,0.056655
7.29,-30.90,0.060638
7.79,-30.90,0.064577
8.29,-30.90,0.068472
8.79,-30.90,0.072319
9.30,-30.90,0.076117
9.80,-30.90,0.079865
10.30,-30.90,0.083560
10.80,-30.90,0.087201
11.31,-30.90,0.090788
11.81,-30.90,0.094318
12.31,-30.90,0.097792
12.81,-30.90,0.101208
13.32,-30.90,0.104565
13.82,-30.90,0.107863
14.32,-30.90,0.111102
14.82,-30.90,0.114282
15.33,-30.90,0.117401
15.83,-30.90,0.120460
16.33,-30.90,0.123460
16.83,-30.90,0.126399
17.34,-30.90,0.129279
17.84,-30.90,0.132100
18.34,-30.90,0.134862
18.84,-30.90,0.137565
19.35,-30.90,0.140210
19.85,-30.90,0.142798
20.35,-30.90,0.145329
20.85,-30.90,0.147804
21.36,-30.90,0.150224
21.86,-30.90,0.152589
22.36,-30.90,0.154900
22.86,-30.90,0.157158
23.37,-30.90,0.159365
23.87,-30.90,0.161520
24.37,-30.90,0.163625
24.87,-30.90,0.165680
25.38,-30.90,0.167688
25.88,-30.90,0.169647
26.38,-30.90,0.171561
26.88,-30.90,0.173428
27.39,-30.90,0.175251
27.89,-30.90,0.177031
28.39,-30.90,0.178768
28.89,-30.90,0.180463
29.40,-30.90,0.182117
29.90,-30.90,0.183732
30.40,-30.90,0.185308
30.90,-30.90,0.186845
31.41,-30.90,0.188346
31.91,-30.90,0.189811
32.41,-30.90,0.191240
32.91,-30.90,0.192635
33.42,-30.90,0.193996
33.92,-30.90,0.195325
34.42,-30.90,0.196621
34.92,-30.90,0.197887
35.43,-30.90,0.199122
35.93,-30.90,0.200328
36.43,-30.90,0.201506
36.93,-30.90,0.202655
37.44,-30.90,0.203777
37.94,-30.90,0.204872
38.44,-30.90,0.205942
38.94,-30.90,0.206986
39.45,-30.90,0.208006
39.95,-30.90,0.209002
40.45,-30.90,0.209974
40.95,-30.90,0.210925
41.46,-30.90,0.211853
41.96,-30.90,0.212759
42.46,-30.90,0.213645
42.96,-30.90,0.214510
43.47,-30.90,0.215356
43.97,-30.90,0.216183
44.47,-30.90,0.216990
44.97,-30.90,0.217780
45.48,-30.90,0.218551
45.98,-30.90,0.219306
46.48,-30.90,0.220043
46.98,-30.90,0.220764
47.49,-30.90,0.221469
47.99,-30.90,0.222159
48.49,-30.90,0.222833
48.99,-30.90,0.223493
49.50,-30.90,0.224138
50.00,-30.90,0.224770
-50.00,-30.40,0.000000
-49.50,-30.40,0.000000
-48.99,-30.40,0.000000
-48.49,-30.40,0.000000
-47.99,-30.40,0.000000
-47.49,-30.40,0.000000
-46.98,-30.40,0.000000
-46.48,-30.40,0.000000
-45.98,-30.40,0.000000
-45.48,-30.40,0.000000
-44.97,-30.40,0.000000
-44.47,-30.40,0.000000
-43.97,-30.40,0.000000
-43.47,-30.40,0.000000
-42.96,-30.40,0.000000
-42.46,-30.40,0.000000
-41.96,-30.40,0.000000
-41.46,-30.40,0.000000
-40.95,-30.40,0.000000
-40.45,-30.40,0.000000
-39.95,-30.40,0.000000
-39.45,-30.40,0.000000
-38.94,-30.40,0.000000
-38.44,-30.40,0.000000
-37.94,-30.40,0.000000
-37.44,-30.40,0.000000
-36.93,-30.40,0.000000
-36.43,-30.40,0.000000
-35.93,-30.40,0.000000
-35.43,-30.40,0.000000
-34.92,-30.40,0.000000
-34.42,-30.40,0.000000
-33.92,-30.40,0.000000
-33.42,-30.40,0.000000
-32.91,-30.40,0.000000
-32.41,-30.40,0.000000
-31.91,-30.40,0.000000
-31.41,-30.40,0.000000
-30.90,-30.40,0.000000
-30.40,-30.40,0.000000
-29.90,-30.40,0.000000
-29.40,-30.40,0.000000
-28.89,-30.40,0.000000
-28.39,-30.40,0.000000
-27.89,-30.40,0.000000
-27.39,-30.40,0.000000
-26.88,-30.40,0.000000
-26.38,-30.40,0.000000
-25.88,-30.40,0.000000
-25.38,-30.40,0.000000
-24.87,-30.40,0.000000
-24.37,-30.40,0.000000
-23.87,-30.40,0.000000
-23.37,-30.40,0.000000
-22.86,-30.40,0.000000
-22.36,-30.40,0.000000
-21.86,-30.40,0.000000
-21.36,-30.40,0.000000
-20.85,-30.40,0.000000
-20.35,-30.40,0.000000
-19.85,-30.40,0.000000
-19.35,-30.40,0.000000
-18.84,-30.40,0.000000
-18.34,-30.40,0.000000
-17.84,-30.40,0.000000
-17.34,-30.40,0.000000
-16.83,-30.40,0.000000
-16.33,-30.40,0.000000
-15.83,-30.40,0.000000
-15.33,-30.40,0.000000
-14.82,-30.40,0.000000
-14.32,-30.40,0.000000
-13.82,-30.40,0.000000
-13.32,-30.40,0.000000
-12.81,-30.40,0.000000
-12.31,-30.40,0.000000
-11.81,-30.40,0.000000
-11.31,-30.40,0.000000
-10.80,-30.40,0.000000
-10.30,-30.40,0.000000
-9.80,-30.40,0.000000
-9.30,-30.40,0.000000
-8.79,-30.40,0.000000
-8.29,-30.40,0.000000
-7.79,-30.40,0.000000
-7.29,-30.40,0.000000
-6.78,-30.40,0.000000
-6.28,-30.40,0.000000
-5.78,-30.40,0.000000
-5.28,-30.40,0.000000
-4.77,-30.40,0.000000
-4.27,-30.40,0.000000
-3.77,-30.40,0.000000
-3.27,-30.40,0.000000
-2.76,-30.40,0.000000
-2.26,-30.40,0.000000
-1.76,-30.40,0.000000
-1.26,-30.40,0.000000
-0.75,-30.40,0.000000
-0.25,-30.40,0.000000
0.25,-30.40,0.002184
0.75,-30.40,0.006549
1.26,-30.40,0.010910
1.76,-30.40,0.015261
2.26,-30.40,0.019600
2.76,-30.40,0.023923
3.27,-30.40,0.028227
3.77,-30.40,0.032508
4.27,-30.40,0.036763
4.77,-30.40,0.040990
5.28,-30.40,0.045184
5.78,-30.40,0.049344
6.28,-30.40,0.053466
6.78,-30.40,0.057547
7.29,-30.40,0.061586
7.79,-30.40,0.065580
8.29,-30.40,0.069526
8.79,-30.40,0.073423
9.30,-30.40,0.077269
9.80,-30.40,0.081061
10.30,-30.40,0.084800
10.80,-30.40,0.088482
11.31,-30.40,0.092107
11.81,-30.40,0.095674
12.31,-30.40,0.099182
12.81,-30.40,0.102630
13.32,-30.40,0.106017
13.82,-30.40,0.109343
14.32,-30.40,0.112607
14.82,-30.40,0.115810
15.33,-30.40,0.118951
15.83,-30.40,0.122029
16.33,-30.40,0.125046
16.83,-30.40,0.128001
17.34,-30.40,0.130895
17.84,-30.40,0.133728
18.34,-30.40,0.136499
18.84,-30.40,0.139211
19.35,-30.40,0.141864
19.85,-30.40,0.144457
20.35,-30.40,0.146992
20.85,-30.40,0.149470
21.36,-30.40,0.151891
21.86,-30.40,0.154256
22.36,-30.40,0.156566
22.86,-30.40,0.158823
23.37,-30.40,0.161026
23.87,-30.40,0.163177
24.37,-30.40,0.165277
24.87,-30.40,0.167326
25.38,-30.40,0.169327
25.88,-30.40,0.171279
26.38,-30.40,0.173184
26.88,-30.40,0.175043
27.39,-30.40,0.176856
27.89,-30.40,0.178626
28.39,-30.40,0.180352
28.89,-30.40,0.182036
29.40,-30.40,0.183679
29.90,-30.40,0.185282
30.40,-30.40,0.186845
30.90,-30.40,0.188370
31.41,-30.40,0.189858
31.91,-30.40,0.191310
32.41,-30.40,0.192726
32.91,-30.40,0.194107
33.42,-30.40,0.195455
33.92,-30.40,0.196769
34.42,-30.40,0.198052
34.92,-30.40,0.199304
35.43,-30.40,0.200525
35.93,-30.40,0.201717
36.43,-30.40,0.202879
36.93,-30.40,0.204014
37.44,-30.40,0.205122
37.94,-30.40,0.206203
38.44,-30.40,0.207258
38.94,-30.40,0.208288
39.45,-30.40,0.209294
39.95,-30.40,0.210275
40.45,-30.40,0.211234
40.95,-30.40,0.212170
41.46,-30.40,0.213084
41.96,-30.40,0.213976
42.46,-30.40,0.214848
42.96,-30.40,0.215700
43.47,-30.40,0.216532
43.97,-30.40,0.217345
44.47,-30.40,0.218139
44.97,-30.40,0.218915
45.48,-30.40,0.219673
45.98,-30.40,0.220415
46.48,-30.40,0.221139
46.98,-30.40,0.221847
47.49,-30.40,0.222540
47.99,-30.40,0.223217
48.49,-30.40,0.223879
48.99,-30.40,0.224526
49.50,-30.40,0.225159
50.00,-30.40,0.225778
-50.00,-29.90,0.000000
-49.50,-29.90,0.000000
-48.99,-29.90,0.000000
-48.49,-29.90,0.000000
-47.99,-29.90,0.000000
-47.49,-29.90,0.000000
-46.98,-29.90,0.000000
-46.48,-29.90,0.000000
-45.98,-29.90,0.000000
-45.48,-29.90,0.000000
-44.97,-29.90,0.000000
-44.47,-29.90,0.000000
-43.97,-29.90,0.000000
-43.47,-29.90,0.000000
-42.96,-29.90,0.000000
-42.46,-29.90,0.000000
-41.96,-29.90,0.000000
-41.46,-29.90,0.000000
-40.95,-29.90,0.000000
-40.45,-29.90,0.000000
-39.95,-29.90,0.000000
-39.45,-29.90,0.000000
-38.94,-29.90,0.000000
-38.44,-29.90,0.000000
-37.94,-29.90,0.000000
-37.44,-29.90,0.000000
-36.93,-29.90,0.000000
-36.43,-29.90,0.000000
-35.93,-29.90,0.000000
-35.43,-29.90,0.000000
-34.92,-29.90,0.000000
-34.42,-29.90,0.000000
-33.92,-29.90,0.000000
-33.42,-29.90,0.000000
-32.91,-29.90,0.000000
-32.41,-29.90,0.000000
-31.91,-29.90,0.000000
-31.41,-29.90,0.000000
-30.90,-29.90,0.000000
-30.40,-29.90,0.000000
-29.90,-29.90,0.000000
-29.40,-29.90,0.000000
-28.89,-29.90,0.000000
-28.39,-29.90,0.000000
-27.89,-29.90,0.000000
-27.39,-29.90,0.000000
-26.88,-29.90,0.000000
-26.38,-29.90,0.000000
-25.88,-29.90,0.000000
-25.38,-29.90,0.000000
-24.87,-29.90,0.000000
-24.37,-29.90,0.000000
-23.87,-29.90,0.000000
-23.37,-29.90,0.000000
-22.86,-29.90,0.000000
-22.36,-29.90,0.000000
-21.86,-29.90,0.000000
-21.36,-29.90,0.000000
-20.85,-29.90,0.000000
-20.35,-29.90,0.000000
-19.85,-29.90,0.000000
-19.35,-29.90,0.000000
-18.84,-29.90,0.000000
-18.34,-29.90,0.000000
-17.84,-29.90,0.000000
-17.34,-29.90,0.000000
-16.83,-29.90,0.000000
-16.33,-29.90,0.000000
-15.83,-29.90,0.000000
-15.33,-29.90,0.000000
-14.82,-29.90,0.000000
-14.32,-29.90,0.000000
-13.82,-29.90,0.000000
-13.32,-29.90,0.000000
-12.81,-29.90,0.000000
-12.31,-29.90,0.000000
-11.81,-29.90,0.000000
-11.31,-29.90,0.000000
-10.80,-29.90,0.000000
-10.30,-29.90,0.000000
-9.80,-29.90,0.000000
-9.30,-29.90,0.000000
-8.79,-29.90,0.000000
-8.29,-29.90,0.000000
-7.79,-29.90,0.000000
-7.29,-29.90,0.000000
-6.78,-29.90,0.000000
-6.28,-29.90,0.000000
-5.78,-29.90,0.000000
-5.28,-29.90,0.000000
-4.77,-29.90,0.000000
-4.27,-29.90,0.000000
-3.77,-29.90,0.000000
-3.27,-29.90,0.000000
-2.76,-29.90,0.000000
-2.26,-29.90,0.000000
-1.76,-29.90,0.000000
-1.26,-29.90,0.000000
-0.75,-29.90,0.000000
-0.25,-29.90,0.000000
0.25,-29.90,0.002220
0.75,-29.90,0.006659
1.26,-29.90,0.011093
1.76,-29.90,0.015517
2.26,-29.90,0.019928
2.76,-29.90,0.024322
3.27,-29.90,0.028696
3.77,-29.90,0.033046
4.27,-29.90,0.037369
4.77,-29.90,0.041662
5.28,-29.90,0.045921
5.78,-29.90,0.050143
6.28,-29.90,0.054327
6.78,-29.90,0.058467
7.29,-29.90,0.062563
7.79,-29.90,0.066612
8.29,-29.90,0.070612
8.79,-29.90,0.074559
9.30,-29.90,0.078454
9.80,-29.90,0.082293
10.30,-29.90,0.086075
10.80,-29.90,0.089799
11.31,-29.90,0.093463
11.81,-29.90,0.097067
12.31,-29.90,0.100609
12.81,-29.90,0.104089
13.32,-29.90,0.107506
13.82,-29.90,0.110859
14.32,-29.90,0.114149
14.82,-29.90,0.117375
15.33,-29.90,0.120537
15.83,-29.90,0.123634
16.33,-29.90,0.126668
16.83,-29.90,0.129638
17.34,-29.90,0.132545
17.84,-29.90,0.135389
18.34,-29.90,0.138170
18.84,-29.90,0.140890
19.35,-29.90,0.143548
19.85,-29.90,0.146146
20.35,-29.90,0.148685
20.85,-29.90,0.151164
21.36,-29.90,0.153586
21.86,-29.90,0.155950
22.36,-29.90,0.158259
22.86,-29.90,0.160512
23.37,-29.90,0.162711
23.87,-29.90,0.164857
24.37,-29.90,0.166951
24.87,-29.90,0.168994
25.38,-29.90,0.170987
25.88,-29.90,0.172930
26.38,-29.90,0.174826
26.88,-29.90,0.176675
27.39,-29.90,0.178479
27.89,-29.90,0.180237
28.39,-29.90,0.181952
28.89,-29.90,0.183625
29.40,-29.90,0.185255
29.90,-29.90,0.186845
30.40,-29.90,0.188396
30.90,-29.90,0.189908
31.41,-29.90,0.191382
31.91,-29.90,0.192820
32.41,-29.90,0.194222
32.91,-29.90,0.195589
33.42,-29.90,0.196922
33.92,-29.90,0.198222
34.42,-29.90,0.199490
34.92,-29.90,0.200727
35.43,-29.90,0.201934
35.93,-29.90,0.203110
36.43,-29.90,0.204259
36.93,-29.90,0.205379
37.44,-29.90,0.206471
37.94,-29.90,0.207537
38.44,-29.90,0.208578
38.94,-29.90,0.209593
39.45,-29.90,0.210584
39.95,-29.90,0.211551
40.45,-29.90,0.212495
40.95,-29.90,0.213416
41.46,-29.90,0.214316
41.96,-29.90,0.215194
42.46,-29.90,0.216052
42.96,-29.90,0.216889
43.47,-29.90,0.217707
43.97,-29.90,0.218506
44.47,-29.90,0.219287
44.97,-29.90,0.220049
45.48,-29.90,0.220794
45.98,-29.90,0.221522
46.48,-29.90,0.222233
46.98,-29.90,0.222928
47.49,-29.90,0.223608
47.99,-29.90,0.224272
48.49,-29.90,0.224921
48.99,-29.90,0.225556
49.50,-29.90,0.226177
50.00,-29.90,0.226784
-50.00,-29.40,0.000000
-49.50,-29.40,0.000000
-48.99,-29.40,0.000000
-48.49,-29.40,0.000000
-47.99,-29.40,0.000000
-47.49,-29.40,0.000000
-46.98,-29.40,0.000000
-46.48,-29.40,0.000000
-45.98,-29.40,0.000000
-45.48,-29.40,0.000000
-44.97,-29.40,0.000000
-44.47,-29.40,0.000000
-43.97,-29.40,0.000000
-43.47,-29.40,0.000000
-42.96,-29.40,0.000000
-42.46,-29.40,0.000000
-41.96,-29.40,0.000000
-41.46,-29.40,0.000000
-40.95,-29.40,0.000000
-40.45,-29.40,0.000000
-39.95,-29.40,0.000000
-39.45,-29.40,0.000000
-38.94,-29.40,0.000000
-38.44,-29.40,0.000000
-37.94,-29.40,0.000000
-37.44,-29.40,0.000000
-36.93,-29.40,0.000000
-36.43,-29.40,0.000000
-35.93,-29.40,0.000000
-35.43,-29.40,0.000000
-34.92,-29.40,0.000000
-34.42,-29.40,0.000000
-33.92,-29.40,0.000000
-33.42,-29.40,0.000000
-32.91,-29.40,0.000000
-32.41,-29.40,0.000000
-31.91,-29.40,0.000000
-31.41,-29.40,0.000000
-30.90,-29.40,0.000000
-30.40,-29.40,0.000000
-29.90,-29.40,0.000000
-29.40,-29.40,0.000000
-28.89,-29.40,0.000000
-28.39,-29.40,0.000000
-27.89,-29.40,0.000000
-27.39,-29.40,0.000000
-26.88,-29.40,0.000000
-26.38,-29.40,0.000000
-25.88,-29.40,0.000000
-25.38,-29.40,0.000000
-24.87,-29.40,0.000000
-24.37,-29.40,0.000000
-23.87,-29.40,0.000000
-23.37,-29.40,0.000000
-22.86,-29.40,0.000000
-22.36,-29.40,0.000000
-21.86,-29.40,0.000000
-21.36,-29.40,0.000000
-20.85,-29.40,0.000000
-20.35,-29.40,0.000000
-19.85,-29.40,0.000000
-19.35,-29.40,0.000000
-18.84,-29.40,0.000000
-18.34,-29.40,0.000000
-17.84,-29.40,0.000000
-17.34,-29.40,0.000000
-16.83,-29.40,0.000000
-16.33,-29.40,0.000000
-15.83,-29.40,0.000000
-15.33,-29.40,0.000000
-14.82,-29.40,0.000000
-14.32,-29.40,0.000000
-13.82,-29.40,0.000000
-13.32,-29.40,0.000000
-12.81,-29.40,0.000000
-12.31,-29.40,0.000000
-11.81,-29.40,0.000000
-11.31,-29.40,0.000000
-10.80,-29.40,0.000000
-10.30,-29.40,0.000000
-9.80,-29.40,0.000000
-9.30,-29.40,0.000000
-8.79,-29.40,0.000000
-8.29,-29.40,0.000000
-7.79,-29.40,0.000000
-7.29,-29.40,0.000000
-6.78,-29.40,0.000000
-6.28,-29.40,0.000000
-5.78,-29.40,0.000000
-5.28,-29.40,0.000000
-4.77,-29.40,0.000000
-4.27,-29.40,0.000000
-3.77,-29.40,0.000000
-3.27,-29.40,0.000000
-2.76,-29.40,0.000000
-2.26,-29.40,0.000000
-1.76,-29.40,0.000000
-1.26,-29.40,0.000000
-0.75,-29.40,0.000000
-0.25,-29.40,0.000000
0.25,-29.40,0.002258
0.75,-29.40,0.006773
1.26,-29.40,0.011282
1.76,-29.40,0.015781
2.26,-29.40,0.020266
2.76,-29.40,0.024734
3.27,-29.40,0.029180
3.77,-29.40,0.033602
4.27,-29.40,0.037995
4.77,-29.40,0.042356
5.28,-29.40,0.046682
5.78,-29.40,0.050969
6.28,-29.40,0.055215
6.78,-29.40,0.059417
7.29,-29.40,0.063571
7.79,-29.40,0.067677
8.29,-29.40,0.071730
8.79,-29.40,0.075730
9.30,-29.40,0.079674
9.80,-29.40,0.083560
10.30,-29.40,0.087386
10.80,-29.40,0.091152
11.31,-29.40,0.094856
11.81,-29.40,0.098497
12.31,-29.40,0.102074
12.81,-29.40,0.105586
13.32,-29.40,0.109033
13.82,-29.40,0.112414
14.32,-29.40,0.115729
14.82,-29.40,0.118977
15.33,-29.40,0.122160
15.83,-29.40,0.125276
16.33,-29.40,0.128326
16.83,-29.40,0.131310
17.34,-29.40,0.134230
17.84,-29.40,0.137084
18.34,-29.40,0.139874
18.84,-29.40,0.142601
19.35,-29.40,0.145265
19.85,-29.40,0.147867
20.35,-29.40,0.150408
20.85,-29.40,0.152888
21.36,-29.40,0.155309
21.86,-29.40,0.157672
22.36,-29.40,0.159978
22.86,-29.40,0.162227
23.37,-29.40,0.164421
23.87,-29.40,0.166561
24.37,-29.40,0.168648
24.87,-29.40,0.170683
25.38,-29.40,0.172667
25.88,-29.40,0.174602
26.38,-29.40,0.176488
26.88,-29.40,0.178326
27.39,-29.40,0.180118
27.89,-29.40,0.181865
28.39,-29.40,0.183568
28.89,-29.40,0.185228
29.40,-29.40,0.186845
29.90,-29.40,0.188422
30.40,-29.40,0.189959
30.90,-29.40,0.191457
31.41,-29.40,0.192917
31.91,-29.40,0.194340
32.41,-29.40,0.195727
32.91,-29.40,0.197079
33.42,-29.40,0.198397
33.92,-29.40,0.199683
34.42,-29.40,0.200936
34.92,-29.40,0.202157
35.43,-29.40,0.203348
35.93,-29.40,0.204510
36.43,-29.40,0.205642
36.93,-29.40,0.206747
37.44,-29.40,0.207824
37.94,-29.40,0.208875
38.44,-29.40,0.209900
38.94,-29.40,0.210900
39.45,-29.40,0.211876
39.95,-29.40,0.212828
40.45,-29.40,0.213757
40.95,-29.40,0.214664
41.46,-29.40,0.215549
41.96,-29.40,0.216412
42.46,-29.40,0.217255
42.96,-29.40,0.218078
43.47,-29.40,0.218882
43.97,-29.40,0.219667
44.47,-29.40,0.220433
44.97,-29.40,0.221182
45.48,-29.40,0.221913
45.98,-29.40,0.222627
46.48,-29.40,0.223325
46.98,-29.40,0.224007
47.49,-29.40,0.224673
47.99,-29.40,0.225325
48.49,-29.40,0.225961
48.99,-29.40,0.226583
49.50,-29.40,0.227191
50.00,-29.40,0.227786
-50.00,-28.89,0.000000
-49.50,-28.89,0.000000
-48.99,-28.89,0.000000
-48.49,-28.89,0.000000
-47.99,-28.89,0.000000
-47.49,-28.89,0.000000
-46.98,-28.89,0.000000
-46.48,-28.89,0.000000
-45.98,-28.89,0.000000
-45.48,-28.89,0.000000
-44.97,-28.89,0.000000
-44.47,-28.89,0.000000
-43.97,-28.89,0.000000
-43.47,-28.89,0.000000
-42.96,-28.89,0.000000
-42.46,-28.89,0.000000
-41.96,-28.89,0.000000
-41.46,-28.89,0.000000
-40.95,-28.89,0.000000
-40.45,-28.89,0.000000
-39.95,-28.89,0.000000
-39.45,-28.89,0.000000
-38.94,-28.89,0.000000
-38.44,-28.89,0.000000
-37.94,-28.89,0.000000
-37.44,-28.89,0.000000
-36.93,-28.89,0.000000
-36.43,-28.89,0.000000
-35.93,-28.89,0.000000
-35.43,-28.89,0.000000
-34.92,-28.89,0.000000
-34.42,-28.89,0.000000
-33.92,-28.89,0.000000
-33.42,-28.89,0.000000
-32.91,-28.89,0.000000
-32.41,-28.89,0.000000
-31.91,-28.89,0.000000
-31.41,-28.89,0.000000
-30.90,-28.89,0.000000
-30.40,-28.89,0.000000
-29.90,-28.89,0.000000
-29.40,-28.89,0.000000
-28.89,-28.89,0.000000
-28.39,-28.89,0.000000
-27.89,-28.89,0.000000
-27.39,-28.89,0.000000
-26.88,-28.89,0.000000
-26.38,-28.89,0.000000
-25.88,-28.89,0.000000
-25.38,-28.89,0.000000
-24.87,-28.89,0.000000
-24.37,-28.89,0.000000
-23.87,-28.89,0.000000
-23.37,-28.89,0.000000
-22.86,-28.89,0.000000
-22.36,-28.89,0.000000
-21.86,-28.89,0.000000
-21.36,-28.89,0.000000
-20.85,-28.89,0.000000
-20.35,-28.89,0.000000
-19.85,-28.89,0.000000
-19.35,-28.89,0.000000
-18.84,-28.89,0.000000
-18.34,-28.89,0.000000
-17.84,-28.89,0.000000
-17.34,-28.89,0.000000
-16.83,-28.89,0.000000
-16.33,-28.89,0.000000
-15.83,-28.89,0.000000
-15.33,-28.89,0.000000
-14.82,-28.89,0.000000
-14.32,-28.89,0.000000
-13.82,-28.89,0.000000
-13.32,-28.89,0.000000
-12.81,-28.89,0.000000
-12.31,-28.89,0.000000
-11.81,-28.89,0.000000
-11.31,-28.89,0.000000
-10.80,-28.89,0.000000
-10.30,-28.89,0.000000
-9.80,-28.89,0.000000
-9.30,-28.89,0.000000
-8.79,-28.89,0.000000
-8.29,-28.89,0.000000
-7.79,-28.89,0.000000
-7.29,-28.89,0.000000
-6.78,-28.89,0.000000
-6.28,-28.89,0.000000
-5.78,-28.89,0.000000
-5.28,-28.89,0.000000
-4.77,-28.89,0.000000
-4.27,-28.89,0.000000
-3.77,-28.89,0.000000
-3.27,-28.89,0.000000
-2.76,-28.89,0.000000
-2.26,-28.89,0.000000
-1.76,-28.89,0.000000
-1.26,-28.89,0.000000
-0.75,-28.89,0.000000
-0.25,-28.89,0.000000
0.25,-28.89,0.002298
0.75,-28.89,0.006891
1.26,-28.89,0.011478
1.76,-28.89,0.016054
2.26,-28.89,0.020617
2.76,-28.89,0.025160
3.27,-28.89,0.029681
3.77,-28.89,0.034176
4.27,-28.89,0.038642
4.77,-28.89,0.043073
5.28,-28.89,0.047467
5.78,-28.89,0.051822
6.28,-28.89,0.056132
6.78,-28.89,0.060396
7.29,-28.89,0.064611
7.79,-28.89,0.068775
8.29,-28.89,0.072884
8.79,-28.89,0.076936
9.30,-28.89,0.080930
9.80,-28.89,0.084864
10.30,-28.89,0.088736
10.80,-28.89,0.092545
11.31,-28.89,0.096289
11.81,-28.89,0.099967
12.31,-28.89,0.103578
12.81,-28.89,0.107123
13.32,-28.89,0.110599
13.82,-28.89,0.114007
14.32,-28.89,0.117347
14.82,-28.89,0.120618
15.33,-28.89,0.123821
15.83,-28.89,0.126955
16.33,-28.89,0.130021
16.83,-28.89,0.133019
17.34,-28.89,0.135950
17.84,-28.89,0.138814
18.34,-28.89,0.141612
18.84,-28.89,0.144345
19.35,-28.89,0.147014
19.85,-28.89,0.149619
20.35,-28.89,0.152161
20.85,-28.89,0.154641
21.36,-28.89,0.157061
21.86,-28.89,0.159422
22.36,-28.89,0.161723
22.86,-28.89,0.163968
23.37,-28.89,0.166156
23.87,-28.89,0.168289
24.37,-28.89,0.170368
24.87,-28.89,0.172394
25.38,-28.89,0.174369
25.88,-28.89,0.176293
26.38,-28.89,0.178168
26.88,-28.89,0.179995
27.39,-28.89,0.181775
27.89,-28.89,0.183510
28.39,-28.89,0.185199
28.89,-28.89,0.186845
29.40,-28.89,0.188449
29.90,-28.89,0.190011
30.40,-28.89,0.191534
30.90,-28.89,0.193017
31.41,-28.89,0.194462
31.91,-28.89,0.195870
32.41,-28.89,0.197242
32.91,-28.89,0.198578
33.42,-28.89,0.199881
33.92,-28.89,0.201150
34.42,-28.89,0.202387
34.92,-28.89,0.203593
35.43,-28.89,0.204768
35.93,-28.89,0.205914
36.43,-28.89,0.207031
36.93,-28.89,0.208120
37.44,-28.89,0.209181
37.94,-28.89,0.210216
38.44,-28.89,0.211226
38.94,-28.89,0.212210
39.45,-28.89,0.213170
39.95,-28.89,0.214107
40.45,-28.89,0.215020
40.95,-28.89,0.215912
41.46,-28.89,0.216781
41.96,-28.89,0.217630
42.46,-28.89,0.218458
42.96,-28.89,0.219267
43.47,-28.89,0.220056
43.97,-28.89,0.220826
44.47,-28.89,0.221578
44.97,-28.89,0.222313
45.48,-28.89,0.223030
45.98,-28.89,0.223730
46.48,-28.89,0.224414
46.98,-28.89,0.225083
47.49,-28.89,0.225736
47.99,-28.89,0.226374
48.49,-28.89,0.226997
48.99,-28.89,0.227607
49.50,-28.89,0.228202
50.00,-28.89,0.228784
-50.00,-28.39,0.000000
-49.50,-28.39,0.000000
-48.99,-28.39,0.000000
-48.49,-28.39,0.000000
-47.99,-28.39,0.000000
-47.49,-28.39,0.000000
-46.98,-28.39,0.000000
-46.48,-28.39,0.000000
-45.98,-28.39,0.000000
-45.48,-28.39,0.000000
-44.97,-28.39,0.000000
-44.47,-28.39,0.000000
-43.97,-28.39,0.000000
-43.47,-28.39,0.000000
-42.96,-28.39,0.000000
-42.46,-28.39,0.000000
-41.96,-28.39,0.000000
-41.46,-28.39,0.000000
-40.95,-28.39,0.000000
-40.45,-28.39,0.000000
-39.95,-28.39,0.000000
-39.45,-28.39,0.000000
-38.94,-28.39,0.000000
-38.44,-28.39,0.000000
-37.94,-28.39,0.000000
-37.44,-28.39,0.000000
-36.93,-28.39,0.000000
-36.43,-28.39,0.000000
-35.93,-28.39,0.000000
-35.43,-28.39,0.000000
-34.92,-28.39,0.000000
-34.42,-28.39,0.000000
-33.92,-28.39,0.000000
-33.42,-28.39,0.000000
-32.91,-28.39,0.000000
-32.41,-28.39,0.000000
-31.91,-28.39,0.000000
-31.41,-28.39,0.000000
-30.90,-28.39,0.000000
-30.40,-28.39,0.000000
-29.90,-28.39,0.000000
-29.40,-28.39,0.000000
-28.89,-28.39,0.000000
-28.39,-28.39,0.000000
-27.89,-28.39,0.000000
-27.39,-28.39,0.000000
-26.88,-28.39,0.000000
-26.38,-28.39,0.000000
-25.88,-28.39,0.000000
-25.38,-28.39,0.000000
-24.87,-28.39,0.000000
-24.37,-28.39,0.000000
-23.87,-28.39,0.000000
-23.37,-28.39,0.000000
-22.86,-28.39,0.000000
-22.36,-28.39,0.000000
-21.86,-28.39,0.000000
-21.36,-28.39,0.000000
-20.85,-28.39,0.000000
-20.35,-28.39,0.000000
-19.85,-28.39,0.000000
-19.35,-28.39,0.000000
-18.84,-28.39,0.000000
-18.34,-28.39,0.000000
-17.84,-28.39,0.000000
-17.34,-28.39,0.000000
-16.83,-28.39,0.000000
-16.33,-28.39,0.000000
-15.83,-28.39,0.000000
-15.33,-28.39,0.000000
-14.82,-28.39,0.000000
-14.32,-28.39,0.000000
-13.82,-28.39,0.000000
-13.32,-28.39,0.000000
-12.81,-28.39,0.000000
-12.31,-28.39,0.000000
-11.81,-28.39,0.000000
-11.31,-28.39,0.000000
-10.80,-28.39,0.000000
-10.30,-28.39,0.000000
-9.80,-28.39,0.000000
-9.30,-28.39,0.000000
-8.79,-28.39,0.000000
-8.29,-28.39,0.000000
-7.79,-28.39,0.000000
-7.29,-28.39,0.000000
-6.78,-28.39,0.000000
-6.28,-28.39,0.000000
-5.78,-28.39,0.000000
-5.28,-28.39,0.000000
-4.77,-28.39,0.000000
-4.27,-28.39,0.000000
-3.77,-28.39,0.000000
-3.27,-28.39,0.000000
-2.76,-28.39,0.000000
-2.26,-28.39,0.000000
-1.76,-28.39,0.000000
-1.26,-28.39,0.000000
-0.75,-28.39,0.000000
-0.25,-28.39,0.000000
0.25,-28.39,0.002338
0.75,-28.39,0.007013
1.26,-28.39,0.011681
1.76,-28.39,0.016337
2.26,-28.39,0.020979
2.76,-28.39,0.025601
3.27,-28.39,0.030200
3.77,-28.39,0.034771
4.27,-28.39,0.039310
4.77,-28.39,0.043815
5.28,-28.39,0.048280
5.78,-28.39,0.052703
6.28,-28.39,0.057080
6.78,-28.39,0.061408
7.29,-28.39,0.065685
7.79,-28.39,0.069907
8.29,-28.39,0.074073
8.79,-28.39,0.078180
9.30,-28.39,0.082225
9.80,-28.39,0.086208
10.30,-28.39,0.090125
10.80,-28.39,0.093977
11.31,-28.39,0.097761
11.81,-28.39,0.101477
12.31,-28.39,0.105124
12.81,-28.39,0.108700
13.32,-28.39,0.112206
13.82,-28.39,0.115642
14.32,-28.39,0.119006
14.82,-28.39,0.122299
15.33,-28.39,0.125521
15.83,-28.39,0.128673
16.33,-28.39,0.131754
16.83,-28.39,0.134765
17.34,-28.39,0.137707
17.84,-28.39,0.140580
18.34,-28.39,0.143385
18.84,-28.39,0.146124
19.35,-28.39,0.148796
19.85,-28.39,0.151403
20.35,-28.39,0.153945
20.85,-28.39,0.156425
21.36,-28.39,0.158842
21.86,-28.39,0.161199
22.36,-28.39,0.163496
22.86,-28.39,0.165734
23.37,-28.39,0.167915
23.87,-28.39,0.170040
24.37,-28.39,0.172111
24.87,-28.39,0.174127
25.38,-28.39,0.176091
25.88,-28.39,0.178004
26.38,-28.39,0.179867
26.88,-28.39,0.181682
27.39,-28.39,0.183449
27.89,-28.39,0.185170
28.39,-28.39,0.186845
28.89,-28.39,0.188477
29.40,-28.39,0.190066
29.90,-28.39,0.191613
30.40,-28.39,0.193120
30.90,-28.39,0.194588
31.41,-28.39,0.196017
31.91,-28.39,0.197409
32.41,-28.39,0.198765
32.91,-28.39,0.200085
33.42,-28.39,0.201372
33.92,-28.39,0.202625
34.42,-28.39,0.203845
34.92,-28.39,0.205035
35.43,-28.39,0.206193
35.93,-28.39,0.207322
36.43,-28.39,0.208423
36.93,-28.39,0.209495
37.44,-28.39,0.210540
37.94,-28.39,0.211559
38.44,-28.39,0.212553
38.94,-28.39,0.213521
39.45,-28.39,0.214465
39.95,-28.39,0.215386
40.45,-28.39,0.216284
40.95,-28.39,0.217159
41.46,-28.39,0.218014
41.96,-28.39,0.218847
42.46,-28.39,0.219660
42.96,-28.39,0.220453
43.47,-28.39,0.221228
43.97,-28.39,0.221983
44.47,-28.39,0.222721
44.97,-28.39,0.223441
45.48,-28.39,0.224144
45.98,-28.39,0.224830
46.48,-28.39,0.225501
46.98,-28.39,0.226155
47.49,-28.39,0.226795
47.99,-28.39,0.227419
48.49,-28.39,0.228030
48.99,-28.39,0.228626
49.50,-28.39,0.229209
50.00,-28.39,0.229778
-50.00,-27.89,0.000000
-49.50,-27.89,0.000000
-48.99,-27.89,0.000000
-48.49,-27.89,0.000000
-47.99,-27.89,0.000000
-47.49,-27.89,0.000000
-46.98,-27.89,0.000000
-46.48,-27.89,0.000000
-45.98,-27.89,0.000000
-45.48,-27.89,0.000000
-44.97,-27.89,0.000000
-44.47,-27.89,0.000000
-43.97,-27.89,0.000000
-43.47,-27.89,0.000000
-42.96,-27.89,0.000000
-42.46,-27.89,0.000000
-41.96,-27.89,0.000000
-41.46,-27.89,0.000000
-40.95,-27.89,0.000000
-40.45,-27.89,0.000000
-39.95,-27.89,0.000000
-39.45,-27.89,0.000000
-38.94,-27.89,0.000000
-38.44,-27.89,0.000000
-37.94,-27.89,0.000000
-37.44,-27.89,0.000000
-36.93,-27.89,0.000000
-36.43,-27.89,0.000000
-35.93,-27.89,0.000000
-35.43,-27.89,0.000000
-34.92,-27.89,0.000000
-34.42,-27.89,0.000000
-33.92,-27.89,0.000000
-33.42,-27.89,0.000000
-32.91,-27.89,0.000000
-32.41,-27.89,0.000000
-31.91,-27.89,0.000000
-31.41,-27.89,0.000000
-30.90,-27.89,0.000000
-30.40,-27.89,0.000000
-29.90,-27.89,0.000000
-29.40,-27.89,0.000000
-28.89,-27.89,0.000000
-28.39,-27.89,0.000000
-27.89,-27.89,0.000000
-27.39,-27.89,0.000000
-26.88,-27.89,0.000000
-26.38,-27.89,0.000000
-25.88,-27.89,0.000000
-25.38,-27.89,0.000000
-24.87,-27.89,0.000000
-24.37,-27.89,0.000000
-23.87,-27.89,0.000000
-23.37,-27.89,0.000000
-22.86,-27.89,0.000000
-22.36,-27.89,0.000000
-21.86,-27.89,0.000000
-21.36,-27.89,0.000000
-20.85,-27.89,0.000000
-20.35,-27.89,0.000000
-19.85,-27.89,0.000000
-19.35,-27.89,0.000000
-18.84,-27.89,0.000000
-18.34,-27.89,0.000000
-17.84,-27.89,0.000000
-17.34,-27.89,0.000000
-16.83,-27.89,0.000000
-16.33,-27.89,0.000000
-15.83,-27.89,0.000000
-15.33,-27.89,0.000000
-14.82,-27.89,0.000000
-14.32,-27.89,0.000000
-13.82,-27.89,0.000000
-13.32,-27.89,0.000000
-12.81,-27.89,0.000000
-12.31,-27.89,0.000000
-11.81,-27.89,0.000000
-11.31,-27.89,0.000000
-10.80,-27.89,0.000000
-10.30,-27.89,0.000000
-9.80,-27.89,0.000000
-9.30,-27.89,0.000000
-8.79,-27.89,0.000000
-8.29,-27.89,0.000000
-7.79,-27.89,0.000000
-7.29,-27.89,0.000000
-6.78,-27.89,0.000000
-6.28,-27.89,0.000000
-5.78,-27.89,0.000000
-5.28,-27.89,0.000000
-4.77,-27.89,0.000000
-4.27,-27.89,0.000000
-3.77,-27.89,0.000000
-3.27,-27.89,0.000000
-2.76,-27.89,0.000000
-2.26,-27.89,0.000000
-1.76,-27.89,0.000000
-1.26,-27.89,0.000000
-0.75,-27.89,0.000000
-0.25,-27.89,0.000000
0.25,-27.89,0.002380
0.75,-27.89,0.007139
1.26,-27.89,0.011891
1.76,-27.89,0.016631
2.26,-27.89,0.021355
2.76,-27.89,0.026058
3.27,-27.89,0.030737
3.77,-27.89,0.035386
4.27,-27.89,0.040003
4.77,-27.89,0.044582
5.28,-27.89,0.049120
5.78,-27.89,0.053613
6.28,-27.89,0.058059
6.78,-27.89,0.062453
7.29,-27.89,0.066793
7.79,-27.89,0.071077
8.29,-27.89,0.075300
8.79,-27.89,0.079462
9.30,-27.89,0.083560
9.80,-27.89,0.087592
10.30,-27.89,0.091556
10.80,-27.89,0.095451
11.31,-27.89,0.099276
11.81,-27.89,0.103030
12.31,-27.89,0.106711
12.81,-27.89,0.110320
13.32,-27.89,0.113855
13.82,-27.89,0.117317
14.32,-27.89,0.120706
14.82,-27.89,0.124020
15.33,-27.89,0.127262
15.83,-27.89,0.130430
16.33,-27.89,0.133525
16.83,-27.89,0.136549
17.34,-27.89,0.139501
17.84,-27.89,0.142382
18.34,-27.89,0.145194
18.84,-27.89,0.147936
19.35,-27.89,0.150611
19.85,-27.89,0.153219
20.35,-27.89,0.155761
20.85,-27.89,0.158238
21.36,-27.89,0.160652
21.86,-27.89,0.163004
22.36,-27.89,0.165295
22.86,-27.89,0.167527
23.37,-27.89,0.169700
23.87,-27.89,0.171816
24.37,-27.89,0.173876
24.87,-27.89,0.175881
25.38,-27.89,0.177834
25.88,-27.89,0.179735
26.38,-27.89,0.181585
26.88,-27.89,0.183386
27.39,-27.89,0.185139
27.89,-27.89,0.186845
28.39,-27.89,0.188506
28.89,-27.89,0.190122
29.40,-27.89,0.191696
29.90,-27.89,0.193227
30.40,-27.89,0.194718
30.90,-27.89,0.196169
31.41,-27.89,0.197582
31.91,-27.89,0.198957
32.41,-27.89,0.200296
32.91,-27.89,0.201600
33.42,-27.89,0.202869
33.92,-27.89,0.204105
34.42,-27.89,0.205309
34.92,-27.89,0.206481
35.43,-27.89,0.207623
35.93,-27.89,0.208735
36.43,-27.89,0.209818
36.93,-27.89,0.210874
37.44,-27.89,0.211902
37.94,-27.89,0.212904
38.44,-27.89,0.213881
38.94,-27.89,0.214833
39.45,-27.89,0.215761
39.95,-27.89,0.216665
40.45,-27.89,0.217547
40.95,-27.89,0.218407
41.46,-27.89,0.219245
41.96,-27.89,0.220063
42.46,-27.89,0.220860
42.96,-27.89,0.221638
43.47,-27.89,0.222397
43.97,-27.89,0.223138
44.47,-27.89,0.223861
44.97,-27.89,0.224566
45.48,-27.89,0.225255
45.98,-27.89,0.225927
46.48,-27.89,0.226583
46.98,-27.89,0.227224
47.49,-27.89,0.227850
47.99,-27.89,0.228461
48.49,-27.89,0.229058
48.99,-27.89,0.229641
49.50,-27.89,0.230211
50.00,-27.89,0.230767
-50.00,-27.39,0.000000
-49.50,-27.39,0.000000
-48.99,-27.39,0.000000
-48.49,-27.39,0.000000
-47.99,-27.39,0.000000
-47.49,-27.39,0.000000
-46.98,-27.39,0.000000
-46.48,-27.39,0.000000
-45.98,-27.39,0.000000
-45.48,-27.39,0.000000
-44.97,-27.39,0.000000
-44.47,-27.39,0.000000
-43.97,-27.39,0.000000
-43.47,-27.39,0.000000
-42.96,-27.39,0.000000
-42.46,-27.39,0.000000
-41.96,-27.39,0.000000
-41.46,-27.39,0.000000
-40.95,-27.39,0.000000
-40.45,-27.39,0.000000
-39.95,-27.39,0.000000
-39.45,-27.39,0.000000
-38.94,-27.39,0.000000
-38.44,-27.39,0.000000
-37.94,-27.39,0.000000
-37.44,-27.39,0.000000
-36.93,-27.39,0.000000
-36.43,-27.39,0.000000
-35.93,-27.39,0.000000
-35.43,-27.39,0.000000
-34.92,-27.39,0.000000
-34.42,-27.39,0.000000
-33.92,-27.39,0.000000
-33.42,-27.39,0.000000
-32.91,-27.39,0.000000
-32.41,-27.39,0.000000
-31.91,-27.39,0.000000
-31.41,-27.39,0.000000
-30.90,-27.39,0.000000
-30.40,-27.39,0.000000
-29.90,-27.39,0.000000
-29.40,-27.39,0.000000
-28.89,-27.39,0.000000
-28.39,-27.39,0.000000
-27.89,-27.39,0.000000
-27.39,-27.39,0.000000
-26.88,-27.39,0.000000
-26.38,-27.39,0.000000
-25.88,-27.39,0.000000
-25.38,-27.39,0.000000
-24.87,-27.39,0.000000
-24.37,-27.39,0.000000
-23.87,-27.39,0.000000
-23.37,-27.39,0.000000
-22.86,-27.39,0.000000
-22.36,-27.39,0.000000
-21.86,-27.39,0.000000
-21.36,-27.39,0.000000
-20.85,-27.39,0.000000
-20.35,-27.39,0.000000
-19.85,-27.39,0.000000
-19.35,-27.39,0.000000
-18.84,-27.39,0.000000
-18.34,-27.39,0.000000
-17.84,-27.39,0.000000
-17.34,-27.39,0.000000
-16.83,-27.39,0.000000
-16.33,-27.39,0.000000
-15.83,-27.39,0.000000
-15.33,-27.39,0.000000
-14.82,-27.39,0.000000
-14.32,-27.39,0.000000
-13.82,-27.39,0.000000
-13.32,-27.39,0.000000
-12.81,-27.39,0.000000
-12.31,-27.39,0.000000
-11.81,-27.39,0.000000
-11.31,-27.39,0.000000
-10.80,-27.39,0.000000
-10.30,-27.39,0.000000
-9.80,-27.39,0.000000
-9.30,-27.39,0.000000
-8.79,-27.39,0.000000
-8.29,-27.39,0.000000
-7.79,-27.39,0.000000
-7.29,-27.39,0.000000
-6.78,-27.39,0.000000
-6.28,-27.39,0.000000
-5.78,-27.39,0.000000
-5.28,-27.39,0.000000
-4.77,-27.39,0.000000
-4.27,-27.39,0.000000
-3.77,-27.39,0.000000
-3.27,-27.39,0.000000
-2.76,-27.39,0.000000
-2.26,-27.39,0.000000
-1.76,-27.39,0.000000
-1.26,-27.39,0.000000
-0.75,-27.39,0.000000
-0.25,-27.39,0.000000
0.25,-27.39,0.002424
0.75,-27.39,0.007270
1.26,-27.39,0.012108
1.76,-27.39,0.016935
2.26,-27.39,0.021744
2.76,-27.39,0.026532
3.27,-27.39,0.031293
3.77,-27.39,0.036024
4.27,-27.39,0.040719
4.77,-27.39,0.045376
5.28,-27.39,0.049989
5.78,-27.39,0.054556
6.28,-27.39,0.059071
6.78,-27.39,0.063534
7.29,-27.39,0.067939
7.79,-27.39,0.072284
8.29,-27.39,0.076567
8.79,-27.39,0.080785
9.30,-27.39,0.084936
9.80,-27.39,0.089018
10.30,-27.39,0.093029
10.80,-27.39,0.096968
11.31,-27.39,0.100834
11.81,-27.39,0.104626
12.31,-27.39,0.108342
12.81,-27.39,0.111983
13.32,-27.39,0.115548
13.82,-27.39,0.119036
14.32,-27.39,0.122448
14.82,-27.39,0.125784
15.33,-27.39,0.129044
15.83,-27.39,0.132228
16.33,-27.39,0.135337
16.83,-27.39,0.138372
17.34,-27.39,0.141333
17.84,-27.39,0.144221
18.34,-27.39,0.147038
18.84,-27.39,0.149784
19.35,-27.39,0.152460
19.85,-27.39,0.155068
20.35,-27.39,0.157608
20.85,-27.39,0.160082
21.36,-27.39,0.162492
21.86,-27.39,0.164838
22.36,-27.39,0.167122
22.86,-27.39,0.169345
23.37,-27.39,0.171508
23.87,-27.39,0.173614
24.37,-27.39,0.175663
24.87,-27.39,0.177657
25.38,-27.39,0.179597
25.88,-27.39,0.181485
26.38,-27.39,0.183321
26.88,-27.39,0.185107
27.39,-27.39,0.186845
27.89,-27.39,0.188536
28.39,-27.39,0.190181
28.89,-27.39,0.191781
29.40,-27.39,0.193338
29.90,-27.39,0.194853
30.40,-27.39,0.196327
30.90,-27.39,0.197761
31.41,-27.39,0.199156
31.91,-27.39,0.200514
32.41,-27.39,0.201835
32.91,-27.39,0.203121
33.42,-27.39,0.204373
33.92,-27.39,0.205591
34.42,-27.39,0.206777
34.92,-27.39,0.207932
35.43,-27.39,0.209056
35.93,-27.39,0.210150
36.43,-27.39,0.211216
36.93,-27.39,0.212254
37.44,-27.39,0.213266
37.94,-27.39,0.214251
38.44,-27.39,0.215210
38.94,-27.39,0.216145
39.45,-27.39,0.217056
39.95,-27.39,0.217944
40.45,-27.39,0.218809
40.95,-27.39,0.219653
41.46,-27.39,0.220475
41.96,-27.39,0.221277
42.46,-27.39,0.222059
42.96,-27.39,0.222821
43.47,-27.39,0.223565
43.97,-27.39,0.224290
44.47,-27.39,0.224998
44.97,-27.39,0.225688
45.48,-27.39,0.226362
45.98,-27.39,0.227020
46.48,-27.39,0.227662
46.98,-27.39,0.228288
47.49,-27.39,0.228900
47.99,-27.39,0.229498
48.49,-27.39,0.230081
48.99,-27.39,0.230651
49.50,-27.39,0.231208
50.00,-27.39,0.231751
-50.00,-26.88,0.000000
-49.50,-26.88,0.000000
-48.99,-26.88,0.000000
-48.49,-26.88,0.000000
-47.99,-26.88,0.000000
-47.49,-26.88,0.000000
-46.98,-26.88,0.000000
-46.48,-26.88,0.000000
-45.98,-26.88,0.000000
-45.48,-26.88,0.000000
-44.97,-26.88,0.000000
-44.47,-26.88,0.000000
-43.97,-26.88,0.000000
-43.47,-26.88,0.000000
-42.96,-26.88,0.000000
-42.46,-26.88,0.000000
-41.96,-26.88,0.000000
-41.46,-26.88,0.000000
-40.95,-26.88,0.000000
-40.45,-26.88,0.000000
-39.95,-26.88,0.000000
-39.45,-26.88,0.000000
-38.94,-26.88,0.000000
-38.44,-26.88,0.000000
-37.94,-26.88,0.000000
-37.44,-26.88,0.000000
-36.93,-26.88,0.000000
-36.43,-26.88,0.000000
-35.93,-26.88,0.000000
-35.43,-26.88,0.000000
-34.92,-26.88,0.000000
-34.42,-26.88,0.000000
-33.92,-26.88,0.000000
-33.42,-26.88,0.000000
-32.91,-26.88,0.000000
-32.41,-26.88,0.000000
-31.91,-26.88,0.000000
-31.41,-26.88,0.000000
-30.90,-26.88,0.000000
-30.40,-26.88,0.000000
-29.90,-26.88,0.000000
-29.40,-26.88,0.000000
-28.89,-26.88,0.000000
-28.39,-26.88,0.000000
-27.89,-26.88,0.000000
-27.39,-26.88,0.000000
-26.88,-26.88,0.000000
-26.38,-26.88,0.000000
-25.88,-26.88,0.000000
-25.38,-26.88,0.000000
-24.87,-26.88,0.000000
-24.37,-26.88,0.000000
-23.87,-26.88,0.000000
-23.37,-26.88,0.000000
-22.86,-26.88,0.000000
-22.36,-26.88,0.000000
-21.86,-26.88,0.000000
-21.36,-26.88,0.000000
-20.85,-26.88,0.000000
-20.35,-26.88,0.000000
-19.85,-26.88,0.000000
-19.35,-26.88,0.000000
-18.84,-26.88,0.000000
-18.34,-26.88,0.000000
-17.84,-26.88,0.000000
-17.34,-26.88,0.000000
-16.83,-26.88,0.000000
-16.33,-26.88,0.000000
-15.83,-26.88,0.000000
-15.33,-26.88,0.000000
-14.82,-26.88,0.000000
-14.32,-26.88,0.000000
-13.82,-26.88,0.000000
-13.32,-26.88,0.000000
-12.81,-26.88,0.000000
-12.31,-26.88,0.000000
-11.81,-26.88,0.000000
-11.31,-26.88,0.000000
-10.80,-26.88,0.000000
-10.30,-26.88,0.000000
-9.80,-26.88,0.000000
-9.30,-26.88,0.000000
-8.79,-26.88,0.000000
-8.29,-26.88,0.000000
-7.79,-26.88,0.000000
-7.29,-26.88,0.000000
-6.78,-26.88,0.000000
-6.28,-26.88,0.000000
-5.78,-26.88,0.000000
-5.28,-26.88,0.000000
-4.77,-26.88,0.000000
-4.27,-26.88,0.000000
-3.77,-26.88,0.000000
-3.27,-26.88,0.000000
-2.76,-26.88,0.000000
-2.26,-26.88,0.000000
-1.76,-26.88,0.000000
-1.26,-26.88,0.000000
-0.75,-26.88,0.000000
-0.25,-26.88,0.000000
0.25,-26.88,0.002469
0.75,-26.88,0.007406
1.26,-26.88,0.012334
1.76,-26.88,0.017250
2.26,-26.88,0.022148
2.76,-26.88,0.027022
3.27,-26.88,0.031869
3.77,-26.88,0.036684
4.27,-26.88,0.041462
4.77,-26.88,0.046198
5.28,-26.88,0.050889
5.78,-26.88,0.055531
6.28,-26.88,0.060119
6.78,-26.88,0.064651
7.29,-26.88,0.069122
7.79,-26.88,0.073531
8.29,-26.88,0.077875
8.79,-26.88,0.082150
9.30,-26.88,0.086355
9.80,-26.88,0.090488
10.30,-26.88,0.094547
10.80,-26.88,0.098531
11.31,-26.88,0.102438
11.81,-26.88,0.106268
12.31,-26.88,0.110019
12.81,-26.88,0.113692
13.32,-26.88,0.117285
13.82,-26.88,0.120800
14.32,-26.88,0.124235
14.82,-26.88,0.127591
15.33,-26.88,0.130868
15.83,-26.88,0.134068
16.33,-26.88,0.137189
16.83,-26.88,0.140235
17.34,-26.88,0.143204
17.84,-26.88,0.146098
18.34,-26.88,0.148919
18.84,-26.88,0.151667
19.35,-26.88,0.154343
19.85,-26.88,0.156950
20.35,-26.88,0.159487
20.85,-26.88,0.161957
21.36,-26.88,0.164360
21.86,-26.88,0.166699
22.36,-26.88,0.168975
22.86,-26.88,0.171189
23.37,-26.88,0.173342
23.87,-26.88,0.175436
24.37,-26.88,0.177473
24.87,-26.88,0.179454
25.38,-26.88,0.181380
25.88,-26.88,0.183253
26.38,-26.88,0.185074
26.88,-26.88,0.186845
27.39,-26.88,0.188567
27.89,-26.88,0.190242
28.39,-26.88,0.191870
28.89,-26.88,0.193453
29.40,-26.88,0.194992
29.90,-26.88,0.196489
30.40,-26.88,0.197945
30.90,-26.88,0.199361
31.41,-26.88,0.200739
31.91,-26.88,0.202078
32.41,-26.88,0.203381
32.91,-26.88,0.204649
33.42,-26.88,0.205882
33.92,-26.88,0.207082
34.42,-26.88,0.208250
34.92,-26.88,0.209386
35.43,-26.88,0.210492
35.93,-26.88,0.211569
36.43,-26.88,0.212617
36.93,-26.88,0.213637
37.44,-26.88,0.214630
37.94,-26.88,0.215598
38.44,-26.88,0.216540
38.94,-26.88,0.217457
39.45,-26.88,0.218351
39.95,-26.88,0.219222
40.45,-26.88,0.220070
40.95,-26.88,0.220897
41.46,-26.88,0.221703
41.96,-26.88,0.222488
42.46,-26.88,0.223254
42.96,-26.88,0.224001
43.47,-26.88,0.224729
43.97,-26.88,0.225439
44.47,-26.88,0.226131
44.97,-26.88,0.226806
45.48,-26.88,0.227465
45.98,-26.88,0.228108
46.48,-26.88,0.228736
46.98,-26.88,0.229348
47.49,-26.88,0.229946
47.99,-26.88,0.230530
48.49,-26.88,0.231099
48.99,-26.88,0.231656
49.50,-26.88,0.232199
50.00,-26.88,0.232730
-50.00,-26.38,0.000000
-49.50,-26.38,0.000000
-48.99,-26.38,0.000000
-48.49,-26.38,0.000000
-47.99,-26.38,0.000000
-47.49,-26.38,0.000000
-46.98,-26.38,0.000000
-46.48,-26.38,0.000000
-45.98,-26.38,0.000000
-45.48,-26.38,0.000000
-44.97,-26.38,0.000000
-44.47,-26.38,0.000000
-43.97,-26.38,0.000000
-43.47,-26.38,0.000000
-42.96,-26.38,0.000000
-42.46,-26.38,0.000000
-41.96,-26.38,0.000000
-41.46,-26.38,0.000000
-40.95,-26.38,0.000000
-40.45,-26.38,0.000000
-39.95,-26.38,0.000000
-39.45,-26.38,0.000000
-38.94,-26.38,0.000000
-38.44,-26.38,0.000000
-37.94,-26.38,0.000000
-37.44,-26.38,0.000000
-36.93,-26.38,0.000000
-36.43,-26.38,0.000000
-35.93,-26.38,0.000000
-35.43,-26.38,0.000000
-34.92,-26.38,0.000000
-34.42,-26.38,0.000000
-33.92,-26.38,0.000000
-33.42,-26.38,0.000000
-32.91,-26.38,0.000000
-32.41,-26.38,0.000000
-31.91,-26.38,0.000000
-31.41,-26.38,0.000000
-30.90,-26.38,0.000000
-30.40,-26.38,0.000000
-29.90,-26.38,0.000000
-29.40,-26.38,0.000000
-28.89,-26.38,0.000000
-28.39,-26.38,0.000000
-27.89,-26.38,0.000000
-27.39,-26.38,0.000000
-26.88,-26.38,0.000000
-26.38,-26.38,0.000000
-25.88,-26.38,0.000000
-25.38,-26.38,0.000000
-24.87,-26.38,0.000000
-24.37,-26.38,0.000000
-23.87,-26.38,0.000000
-23.37,-26.38,0.000000
-22.86,-26.38,0.000000
-22.36,-26.38,0.000000
-21.86,-26.38,0.000000
-21.36,-26.38,0.000000
-20.85,-26.38,0.000000
-20.35,-26.38,0.000000
-19.85,-26.38,0.000000
-19.35,-26.38,0.000000
-18.84,-26.38,0.000000
-18.34,-26.38,0.000000
-17.84,-26.38,0.000000
-17.34,-26.38,0.000000
-16.83,-26.38,0.000000
-16.33,-26.38,0.000000
-15.83,-26.38,0.000000
-15.33,-26.38,0.000000
-14.82,-26.38,0.000000
-14.32,-26.38,0.000000
-13.82,-26.38,0.000000
-13.32,-26.38,0.000000
-12.81,-26.38,0.000000
-12.31,-26.38,0.000000
-11.81,-26.38,0.000000
-11.31,-26.38,0.000000
-10.80,-26.38,0.000000
-10.30,-26.38,0.000000
-9.80,-26.38,0.000000
-9.30,-26.38,0.000000
-8.79,-26.38,0.000000
-8.29,-26.38,0.000000
-7.79,-26.38,0.000000
-7.29,-26.38,0.000000
-6.78,-26.38,0.000000
-6.28,-26.38,0.000000
-5.78,-26.38,0.000000
-5.28,-26.38,0.000000
-4.77,-26.38,0.000000
-4.27,-26.38,0.000000
-3.77,-26.38,0.000000
-3.27,-26.38,0.000000
-2.76,-26.38,0.000000
-2.26,-26.38,0.000000
-1.76,-26.38,0.000000
-1.26,-26.38,0.000000
-0.75,-26.38,0.000000
-0.25,-26.38,0.000000
0.25,-26.38,0.002516
0.75,-26.38,0.007547
1.26,-26.38,0.012569
1.76,-26.38,0.017577
2.26,-26.38,0.022566
2.76,-26.38,0.027532
3.27,-26.38,0.032467
3.77,-26.38,0.037369
4.27,-26.38,0.042232
4.77,-26.38,0.047051
5.28,-26.38,0.051822
5.78,-26.38,0.056540
6.28,-26.38,0.061203
6.78,-26.38,0.065806
7.29,-26.38,0.070347
7.79,-26.38,0.074821
8.29,-26.38,0.079226
8.79,-26.38,0.083560
9.30,-26.38,0.087820
9.80,-26.38,0.092005
10.30,-26.38,0.096112
10.80,-26.38,0.100140
11.31,-26.38,0.104089
11.81,-26.38,0.107957
12.31,-26.38,0.111743
12.81,-26.38,0.115447
13.32,-26.38,0.119069
13.82,-26.38,0.122609
14.32,-26.38,0.126066
14.82,-26.38,0.129442
15.33,-26.38,0.132736
15.83,-26.38,0.135950
16.33,-26.38,0.139083
16.83,-26.38,0.142138
17.34,-26.38,0.145114
17.84,-26.38,0.148014
18.34,-26.38,0.150837
18.84,-26.38,0.153586
19.35,-26.38,0.156261
19.85,-26.38,0.158865
20.35,-26.38,0.161398
20.85,-26.38,0.163862
21.36,-26.38,0.166259
21.86,-26.38,0.168589
22.36,-26.38,0.170855
22.86,-26.38,0.173058
23.37,-26.38,0.175200
23.87,-26.38,0.177282
24.37,-26.38,0.179305
24.87,-26.38,0.181271
25.38,-26.38,0.183183
25.88,-26.38,0.185040
26.38,-26.38,0.186845
26.88,-26.38,0.188600
27.39,-26.38,0.190304
27.89,-26.38,0.191961
28.39,-26.38,0.193572
28.89,-26.38,0.195137
29.40,-26.38,0.196658
29.90,-26.38,0.198136
30.40,-26.38,0.199574
30.90,-26.38,0.200971
31.41,-26.38,0.202329
31.91,-26.38,0.203650
32.41,-26.38,0.204934
32.91,-26.38,0.206182
33.42,-26.38,0.207397
33.92,-26.38,0.208578
34.42,-26.38,0.209726
34.92,-26.38,0.210844
35.43,-26.38,0.211931
35.93,-26.38,0.212989
36.43,-26.38,0.214018
36.93,-26.38,0.215020
37.44,-26.38,0.215995
37.94,-26.38,0.216945
38.44,-26.38,0.217869
38.94,-26.38,0.218769
39.45,-26.38,0.219645
39.95,-26.38,0.220498
40.45,-26.38,0.221329
40.95,-26.38,0.222139
41.46,-26.38,0.222928
41.96,-26.38,0.223697
42.46,-26.38,0.224447
42.96,-26.38,0.225177
43.47,-26.38,0.225889
43.97,-26.38,0.226583
44.47,-26.38,0.227260
44.97,-26.38,0.227920
45.48,-26.38,0.228564
45.98,-26.38,0.229192
46.48,-26.38,0.229805
46.98,-26.38,0.230403
47.49,-26.38,0.230987
47.99,-26.38,0.231556
48.49,-26.38,0.232112
48.99,-26.38,0.232655
49.50,-26.38,0.233185
50.00,-26.38,0.233703
-50.00,-25.88,0.000000
-49.50,-25.88,0.000000
-48.99,-25.88,0.000000
-48.49,-25.88,0.000000
-47.99,-25.88,0.000000
-47.49,-25.88,0.000000
-46.98,-25.88,0.000000
-46.48,-25.88,0.000000
-45.98,-25.88,0.000000
-45.48,-25.88,0.000000
-44.97,-25.88,0.000000
-44.47,-25.88,0.000000
-43.97,-25.88,0.000000
-43.47,-25.88,0.000000
-42.96,-25.88,0.000000
-42.46,-25.88,0.000000
-41.96,-25.88,0.000000
-41.46,-25.88,0.000000
-40.95,-25.88,0.000000
-40.45,-25.88,0.000000
-39.95,-25.88,0.000000
-39.45,-25.88,0.000000
-38.94,-25.88,0.000000
-38.44,-25.88,0.000000
-37.94,-25.88,0.000000
-37.44,-25.88,0.000000
-36.93,-25.88,0.000000
-36.43,-25.88,0.000000
-35.93,-25.88,0.000000
-35.43,-25.88,0.000000
-34.92,-25.88,0.000000
-34.42,-25.88,0.000000
-33.92,-25.88,0.000000
-33.42,-25.88,0.000000
-32.91,-25.88,0.000000
-32.41,-25.88,0.000000
-31.91,-25.88,0.000000
-31.41,-25.88,0.000000
-30.90,-25.88,0.000000
-30.40,-25.88,0.000000
-29.90,-25.88,0.000000
-29.40,-25.88,0.000000
-28.89,-25.88,0.000000
-28.39,-25.88,0.000000
-27.89,-25.88,0.000000
-27.39,-25.88,0.000000
-26.88,-25.88,0.000000
-26.38,-25.88,0.000000
-25.88,-25.88,0.000000
-25.38,-25.88,0.000000
-24.87,-25.88,0.000000
-24.37,-25.88,0.000000
-23.87,-25.88,0.000000
-23.37,-25.88,0.000000
-22.86,-25.88,0.000000
-22.36,-25.88,0.000000
-21.86,-25.88,0.000000
-21.36,-25.88,0.000000
-20.85,-25.88,0.000000
-20.35,-25.88,0.000000
-19.85,-25.88,0.000000
-19.35,-25.88,0.000000
-18.84,-25.88,0.000000
-18.34,-25.88,0.000000
-17.84,-25.88,0.000000
-17.34,-25.88,0.000000
-16.83,-25.88,0.000000
-16.33,-25.88,0.000000
-15.83,-25.88,0.000000
-15.33,-25.88,0.000000
-14.82,-25.88,0.000000
-14.32,-25.88,0.000000
-13.82,-25.88,0.000000
-13.32,-25.88,0.000000
-12.81,-25.88,0.000000
-12.31,-25.88,0.000000
-11.81,-25.88,0.000000
-11.31,-25.88,0.000000
-10.80,-25.88,0.000000
-10.30,-25.88,0.000000
-9.80,-25.88,0.000000
-9.30,-25.88,0.000000
-8.79,-25.88,0.000000
-8.29,-25.88,0.000000
-7.79,-25.88,0.000000
-7.29,-25.88,0.000000
-6.78,-25.88,0.000000
-6.28,-25.88,0.000000
-5.78,-25.88,0.000000
-5.28,-25.88,0.000000
-4.77,-25.88,0.000000
-4.27,-25.88,0.000000
-3.77,-25.88,0.000000
-3.27,-25.88,0.000000
-2.76,-25.88,0.000000
-2.26,-25.88,0.000000
-1.76,-25.88,0.000000
-1.26,-25.88,0.000000
-0.75,-25.88,0.000000
-0.25,-25.88,0.000000
0.25,-25.88,0.002565
0.75,-25.88,0.007693
1.26,-25.88,0.012812
1.76,-25.88,0.017917
2.26,-25.88,0.023001
2.76,-25.88,0.028060
3.27,-25.88,0.033088
3.77,-25.88,0.038080
4.27,-25.88,0.043030
4.77,-25.88,0.047934
5.28,-25.88,0.052788
5.78,-25.88,0.057587
6.28,-25.88,0.062326
6.78,-25.88,0.067003
7.29,-25.88,0.071613
7.79,-25.88,0.076154
8.29,-25.88,0.080622
8.79,-25.88,0.085016
9.30,-25.88,0.089332
9.80,-25.88,0.093569
10.30,-25.88,0.097725
10.80,-25.88,0.101799
11.31,-25.88,0.105789
11.81,-25.88,0.109694
12.31,-25.88,0.113515
12.81,-25.88,0.117251
13.32,-25.88,0.120901
13.82,-25.88,0.124465
14.32,-25.88,0.127945
14.82,-25.88,0.131339
15.33,-25.88,0.134649
15.83,-25.88,0.137876
16.33,-25.88,0.141020
16.83,-25.88,0.144083
17.34,-25.88,0.147065
17.84,-25.88,0.149968
18.34,-25.88,0.152793
18.84,-25.88,0.155541
19.35,-25.88,0.158215
19.85,-25.88,0.160814
20.35,-25.88,0.163342
20.85,-25.88,0.165799
21.36,-25.88,0.168187
21.86,-25.88,0.170507
22.36,-25.88,0.172762
22.86,-25.88,0.174953
23.37,-25.88,0.177082
23.87,-25.88,0.179150
24.37,-25.88,0.181158
24.87,-25.88,0.183109
25.38,-25.88,0.185005
25.88,-25.88,0.186845
26.38,-25.88,0.188633
26.88,-25.88,0.190370
27.39,-25.88,0.192056
27.89,-25.88,0.193695
28.39,-25.88,0.195286
28.89,-25.88,0.196832
29.40,-25.88,0.198334
29.90,-25.88,0.199793
30.40,-25.88,0.201211
30.90,-25.88,0.202589
31.41,-25.88,0.203927
31.91,-25.88,0.205228
32.41,-25.88,0.206492
32.91,-25.88,0.207721
33.42,-25.88,0.208916
33.92,-25.88,0.210077
34.42,-25.88,0.211206
34.92,-25.88,0.212304
35.43,-25.88,0.213372
35.93,-25.88,0.214411
36.43,-25.88,0.215421
36.93,-25.88,0.216404
37.44,-25.88,0.217360
37.94,-25.88,0.218291
38.44,-25.88,0.219197
38.94,-25.88,0.220078
39.45,-25.88,0.220937
39.95,-25.88,0.221772
40.45,-25.88,0.222586
40.95,-25.88,0.223379
41.46,-25.88,0.224151
41.96,-25.88,0.224903
42.46,-25.88,0.225635
42.96,-25.88,0.226349
43.47,-25.88,0.227045
43.97,-25.88,0.227723
44.47,-25.88,0.228384
44.97,-25.88,0.229029
45.48,-25.88,0.229658
45.98,-25.88,0.230271
46.48,-25.88,0.230869
46.98,-25.88,0.231452
47.49,-25.88,0.232021
47.99,-25.88,0.232577
48.49,-25.88,0.233119
48.99,-25.88,0.233648
49.50,-25.88,0.234164
50.00,-25.88,0.234669
-50.00,-25.38,0.000000
-49.50,-25.38,0.000000
-48.99,-25.38,0.000000
-48.49,-25.38,0.000000
-47.99,-25.38,0.000000
-47.49,-25.38,0.000000
-46.98,-25.38,0.000000
-46.48,-25.38,0.000000
-45.98,-25.38,0.000000
-45.48,-25.38,0.000000
-44.97,-25.38,0.000000
-44.47,-25.38,0.000000
-43.97,-25.38,0.000000
-43.47,-25.38,0.000000
-42.96,-25.38,0.000000
-42.46,-25.38,0.000000
-41.96,-25.38,0.000000
-41.46,-25.38,0.000000
-40.95,-25.38,0.000000
-40.45,-25.38,0.000000
-39.95,-25.38,0.000000
-39.45,-25.38,0.000000
-38.94,-25.38,0.000000
-38.44,-25.38,0.000000
-37.94,-25.38,0.000000
-37.44,-25.38,0.000000
-36.93,-25.38,0.000000
-36.43,-25.38,0.000000
-35.93,-25.38,0.000000
-35.43,-25.38,0.000000
-34.92,-25.38,0.000000
-34.42,-25.38,0.000000
-33.92,-25.38,0.000000
-33.42,-25.38,0.000000
-32.91,-25.38,0.000000
-32.41,-25.38,0.000000
-31.91,-25.38,0.000000
-31.41,-25.38,0.000000
-30.90,-25.38,0.000000
-30.40,-25.38,0.000000
-29.90,-25.38,0.000000
-29.40,-25.38,0.000000
-28.89,-25.38,0.000000
-28.39,-25.38,0.000000
-27.89,-25.38,0.000000
-27.39,-25.38,0.000000
-26.88,-25.38,0.000000
-26.38,-25.38,0.000000
-25.88,-25.38,0.000000
-25.38,-25.38,0.000000
-24.87,-25.38,0.000000
-24.37,-25.38,0.000000
-23.87,-25.38,0.000000
-23.37,-25.38,0.000000
-22.86,-25.38,0.000000
-22.36,-25.38,0.000000
-21.86,-25.38,0.000000
-21.36,-25.38,0.000000
-20.85,-25.38,0.000000
-20.35,-25.38,0.000000
-19.85,-25.38,0.000000
-19.35,-25.38,0.000000
-18.84,-25.38,0.000000
-18.34,-25.38,0.000000
-17.84,-25.38,0.000000
-17.34,-25.38,0.000000
-16.83,-25.38,0.000000
-16.33,-25.38,0.000000
-15.83,-25.38,0.000000
-15.33,-25.38,0.000000
-14.82,-25.38,0.000000
-14.32,-25.38,0.000000
-13.82,-25.38,0.000000
-13.32,-25.38,0.000000
-12.81,-25.38,0.000000
-12.31,-25.38,0.000000
-11.81,-25.38,0.000000
-11.31,-25.38,0.000000
-10.80,-25.38,0.000000
-10.30,-25.38,0.000000
-9.80,-25.38,0.000000
-9.30,-25.38,0.000000
-8.79,-25.38,0.000000
-8.29,-25.38,0.000000
-7.79,-25.38,0.000000
-7.29,-25.38,0.000000
-6.78,-25.38,0.000000
-6.28,-25.38,0.000000
-5.78,-25.38,0.000000
-5.28,-25.38,0.000000
-4.77,-25.38,0.000000
-4.27,-25.38,0.000000
-3.77,-25.38,0.000000
-3.27,-25.38,0.000000
-2.76,-25.38,0.000000
-2.26,-25.38,0.000000
-1.76,-25.38,0.000000
-1.26,-25.38,0.000000
-0.75,-25.38,0.000000
-0.25,-25.38,0.000000
0.25,-25.38,0.002616
0.75,-25.38,0.007845
1.26,-25.38,0.013065
1.76,-25.38,0.018270
2.26,-25.38,0.023453
2.76,-25.38,0.028609
3.27,-25.38,0.033733
3.77,-25.38,0.038818
4.27,-25.38,0.043859
4.77,-25.38,0.048851
5.28,-25.38,0.053790
5.78,-25.38,0.058671
6.28,-25.38,0.063490
6.78,-25.38,0.068242
7.29,-25.38,0.072924
7.79,-25.38,0.077533
8.29,-25.38,0.082066
8.79,-25.38,0.086520
9.30,-25.38,0.090893
9.80,-25.38,0.095183
10.30,-25.38,0.099389
10.80,-25.38,0.103508
11.31,-25.38,0.107539
11.81,-25.38,0.111483
12.31,-25.38,0.115338
12.81,-25.38,0.119105
13.32,-25.38,0.122782
13.82,-25.38,0.126370
14.32,-25.38,0.129871
14.82,-25.38,0.133283
15.33,-25.38,0.136608
15.83,-25.38,0.139847
16.33,-25.38,0.143000
16.83,-25.38,0.146070
17.34,-25.38,0.149057
17.84,-25.38,0.151962
18.34,-25.38,0.154787
18.84,-25.38,0.157533
19.35,-25.38,0.160203
19.85,-25.38,0.162797
20.35,-25.38,0.165318
20.85,-25.38,0.167766
21.36,-25.38,0.170144
21.86,-25.38,0.172454
22.36,-25.38,0.174696
22.86,-25.38,0.176874
23.37,-25.38,0.178988
23.87,-25.38,0.181041
24.37,-25.38,0.183033
24.87,-25.38,0.184968
25.38,-25.38,0.186845
25.88,-25.38,0.188668
26.38,-25.38,0.190437
26.88,-25.38,0.192155
27.39,-25.38,0.193823
27.89,-25.38,0.195441
28.39,-25.38,0.197013
28.89,-25.38,0.198539
29.40,-25.38,0.200021
29.90,-25.38,0.201459
30.40,-25.38,0.202857
30.90,-25.38,0.204214
31.41,-25.38,0.205532
31.91,-25.38,0.206812
32.41,-25.38,0.208056
32.91,-25.38,0.209264
33.42,-25.38,0.210438
33.92,-25.38,0.211579
34.42,-25.38,0.212688
34.92,-25.38,0.213766
35.43,-25.38,0.214814
35.93,-25.38,0.215833
36.43,-25.38,0.216824
36.93,-25.38,0.217787
37.44,-25.38,0.218725
37.94,-25.38,0.219636
38.44,-25.38,0.220523
38.94,-25.38,0.221386
39.45,-25.38,0.222226
39.95,-25.38,0.223044
40.45,-25.38,0.223840
40.95,-25.38,0.224615
41.46,-25.38,0.225369
41.96,-25.38,0.226104
42.46,-25.38,0.226820
42.96,-25.38,0.227517
43.47,-25.38,0.228196
43.97,-25.38,0.228858
44.47,-25.38,0.229504
44.97,-25.38,0.230132
45.48,-25.38,0.230746
45.98,-25.38,0.231343
46.48,-25.38,0.231926
46.98,-25.38,0.232495
47.49,-25.38,0.233050
47.99,-25.38,0.233591
48.49,-25.38,0.234119
48.99,-25.38,0.234634
49.50,-25.38,0.235137
50.00,-25.38,0.235628
-50.00,-24.87,0.000000
-49.50,-24.87,0.000000
-48.99,-24.87,0.000000
-48.49,-24.87,0.000000
-47.99,-24.87,0.000000
-47.49,-24.87,0.000000
-46.98,-24.87,0.000000
-46.48,-24.87,0.000000
-45.98,-24.87,0.000000
-45.48,-24.87,0.000000
-44.97,-24.87,0.000000
-44.47,-24.87,0.000000
-43.97,-24.87,0.000000
-43.47,-24.87,0.000000
-42.96,-24.87,0.000000
-42.46,-24.87,0.000000
-41.96,-24.87,0.000000
-41.46,-24.87,0.000000
-40.95,-24.87,0.000000
-40.45,-24.87,0.000000
-39.95,-24.87,0.000000
-39.45,-24.87,0.000000
-38.94,-24.87,0.000000
-38.44,-24.87,0.000000
-37.94,-24.87,0.000000
-37.44,-24.87,0.000000
-36.93,-24.87,0.000000
-36.43,-24.87,0.000000
-35.93,-24.87,0.000000
-35.43,-24.87,0.000000
-34.92,-24.87,0.000000
-34.42,-24.87,0.000000
-33.92,-24.87,0.000000
-33.42,-24.87,0.000000
-32.91,-24.87,0.000000
-32.41,-24.87,0.000000
-31.91,-24.87,0.000000
-31.41,-24.87,0.000000
-30.90,-24.87,0.000000
-30.40,-24.87,0.000000
-29.90,-24.87,0.000000
-29.40,-24.87,0.000000
-28.89,-24.87,0.000000
-28.39,-24.87,0.000000
-27.89,-24.87,0.000000
-27.39,-24.87,0.000000
-26.88,-24.87,0.000000
-26.38,-24.87,0.000000
-25.88,-24.87,0.000000
-25.38,-24.87,0.000000
-24.87,-24.87,0.000000
-24.37,-24.87,0.000000
-23.87,-24.87,0.000000
-23.37,-24.87,0.000000
-22.86,-24.87,0.000000
-22.36,-24.87,0.000000
-21.86,-24.87,0.000000
-21.36,-24.87,0.000000
-20.85,-24.87,0.000000
-20.35,-24.87,0.000000
-19.85,-24.87,0.000000
-19.35,-24.87,0.000000
-18.84,-24.87,0.000000
-18.34,-24.87,0.000000
-17.84,-24.87,0.000000
-17.34,-24.87,0.000000
-16.83,-24.87,0.000000
-16.33,-24.87,0.000000
-15.83,-24.87,0.000000
-15.33,-24.87,0.000000
-14.82,-24.87,0.000000
-14.32,-24.87,0.000000
-13.82,-24.87,0.000000
-13.32,-24.87,0.000000
-12.81,-24.87,0.000000
-12.31,-24.87,0.000000
-11.81,-24.87,0.000000
-11.31,-24.87,0.000000
-10.80,-24.87,0.000000
-10.30,-24.87,0.000000
-9.80,-24.87,0.000000
-9.30,-24.87,0.000000
-8.79,-24.87,0.000000
-8.29,-24.87,0.000000
-7.79,-24.87,0.000000
-7.29,-24.87,0.000000
-6.78,-24.87,0.000000
-6.28,-24.87,0.000000
-5.78,-24.87,0.000000
-5.28,-24.87,0.000000
-4.77,-24.87,0.000000
-4.27,-24.87,0.000000
-3.77,-24.87,0.000000
-3.27,-24.87,0.000000
-2.76,-24.87,0.000000
-2.26,-24.87,0.000000
-1.76,-24.87,0.000000
-1.26,-24.87,0.000000
-0.75,-24.87,0.000000
-0.25,-24.87,0.000000
0.25,-24.87,0.002669
0.75,-24.87,0.008004
1.26,-24.87,0.013328
1.76,-24.87,0.018637
2.26,-24.87,0.023923
2.76,-24.87,0.029180
3.27,-24.87,0.034403
3.77,-24.87,0.039584
4.27,-24.87,0.044720
4.77,-24.87,0.049804
5.28,-24.87,0.054831
5.78,-24.87,0.059796
6.28,-24.87,0.064696
6.78,-24.87,0.069526
7.29,-24.87,0.074282
7.79,-24.87,0.078961
8.29,-24.87,0.083560
8.79,-24.87,0.088076
9.30,-24.87,0.092507
9.80,-24.87,0.096850
10.30,-24.87,0.101105
10.80,-24.87,0.105270
11.31,-24.87,0.109343
11.81,-24.87,0.113324
12.31,-24.87,0.117214
12.81,-24.87,0.121010
13.32,-24.87,0.124714
13.82,-24.87,0.128326
14.32,-24.87,0.131846
14.82,-24.87,0.135275
15.33,-24.87,0.138614
15.83,-24.87,0.141864
16.33,-24.87,0.145025
16.83,-24.87,0.148100
17.34,-24.87,0.151090
17.84,-24.87,0.153996
18.34,-24.87,0.156820
18.84,-24.87,0.159563
19.35,-24.87,0.162227
19.85,-24.87,0.164814
20.35,-24.87,0.167326
20.85,-24.87,0.169765
21.36,-24.87,0.172131
21.86,-24.87,0.174428
22.36,-24.87,0.176657
22.86,-24.87,0.178820
23.37,-24.87,0.180918
23.87,-24.87,0.182954
24.37,-24.87,0.184929
24.87,-24.87,0.186845
25.38,-24.87,0.188704
25.88,-24.87,0.190508
26.38,-24.87,0.192258
26.88,-24.87,0.193955
27.39,-24.87,0.195602
27.89,-24.87,0.197200
28.39,-24.87,0.198751
28.89,-24.87,0.200256
29.40,-24.87,0.201717
29.90,-24.87,0.203134
30.40,-24.87,0.204510
30.90,-24.87,0.205845
31.41,-24.87,0.207142
31.91,-24.87,0.208401
32.41,-24.87,0.209623
32.91,-24.87,0.210811
33.42,-24.87,0.211964
33.92,-24.87,0.213084
34.42,-24.87,0.214172
34.92,-24.87,0.215229
35.43,-24.87,0.216257
35.93,-24.87,0.217255
36.43,-24.87,0.218226
36.93,-24.87,0.219170
37.44,-24.87,0.220087
37.94,-24.87,0.220979
38.44,-24.87,0.221847
38.94,-24.87,0.222691
39.45,-24.87,0.223513
39.95,-24.87,0.224312
40.45,-24.87,0.225089
40.95,-24.87,0.225846
41.46,-24.87,0.226583
41.96,-24.87,0.227301
42.46,-24.87,0.227999
42.96,-24.87,0.228679
43.47,-24.87,0.229342
43.97,-24.87,0.229988
44.47,-24.87,0.230617
44.97,-24.87,0.231230
45.48,-24.87,0.231827
45.98,-24.87,0.232410
46.48,-24.87,0.232978
46.98,-24.87,0.233531
47.49,-24.87,0.234071
47.99,-24.87,0.234598
48.49,-24.87,0.235112
48.99,-24.87,0.235613
49.50,-24.87,0.236102
50.00,-24.87,0.236580
-50.00,-24.37,0.000000
-49.50,-24.37,0.000000
-48.99,-24.37,0.000000
-48.49,-24.37,0.000000
-47.99,-24.37,0.000000
-47.49,-24.37,0.000000
-46.98,-24.37,0.000000
-46.48,-24.37,0.000000
-45.98,-24.37,0.000000
-45.48,-24.37,0.000000
-44.97,-24.37,0.000000
-44.47,-24.37,0.000000
-43.97,-24.37,0.000000
-43.47,-24.37,0.000000
-42.96,-24.37,0.000000
-42.46,-24.37,0.000000
-41.96,-24.37,0.000000
-41.46,-24.37,0.000000
-40.95,-24.37,0.000000
-40.45,-24.37,0.000000
-39.95,-24.37,0.000000
-39.45,-24.37,0.000000
-38.94,-24.37,0.000000
-38.44,-24.37,0.000000
-37.94,-24.37,0.000000
-37.44,-24.37,0.000000
-36.93,-24.37,0.000000
-36.43,-24.37,0.000000
-35.93,-24.37,0.000000
-35.43,-24.37,0.000000
-34.92,-24.37,0.000000
-34.42,-24.37,0.000000
-33.92,-24.37,0.000000
-33.42,-24.37,0.000000
-32.91,-24.37,0.000000
-32.41,-24.37,0.000000
-31.91,-24.37,0.000000
-31.41,-24.37,0.000000
-30.90,-24.37,0.000000
-30.40,-24.37,0.000000
-29.90,-24.37,0.000000
-29.40,-24.37,0.000000
-28.89,-24.37,0.000000
-28.39,-24.37,0.000000
-27.89,-24.37,0.000000
-27.39,-24.37,0.000000
-26.88,-24.37,0.000000
-26.38,-24.37,0.000000
-25.88,-24.37,0.000000
-25.38,-24.37,0.000000
-24.87,-24.37,0.000000
-24.37,-24.37,0.000000
-23.87,-24.37,0.000000
-23.37,-24.37,0.000000
-22.86,-24.37,0.000000
-22.36,-24.37,0.000000
-21.86,-24.37,0.000000
-21.36,-24.37,0.000000
-20.85,-24.37,0.000000
-20.35,-24.37,0.000000
-19.85,-24.37,0.000000
-19.35,-24.37,0.000000
-18.84,-24.37,0.000000
-18.34,-24.37,0.000000
-17.84,-24.37,0.000000
-17.34,-24.37,0.000000
-16.83,-24.37,0.000000
-16.33,-24.37,0.000000
-15.83,-24.37,0.000000
-15.33,-24.37,0.000000
-14.82,-24.37,0.000000
-14.32,-24.37,0.000000
-13.82,-24.37,0.000000
-13.32,-24.37,0.000000
-12.81,-24.37,0.000000
-12.31,-24.37,0.000000
-11.81,-24.37,0.000000
-11.31,-24.37,0.000000
-10.80,-24.37,0.000000
-10.30,-24.37,0.000000
-9.80,-24.37,0.000000
-9.30,-24.37,0.000000
-8.79,-24.37,0.000000
-8.29,-24.37,0.000000
-7.79,-24.37,0.000000
-7.29,-24.37,0.000000
-6.78,-24.37,0.000000
-6.28,-24.37,0.000000
-5.78,-24.37,0.000000
-5.28,-24.37,0.000000
-4.77,-24.37,0.000000
-4.27,-24.37,0.000000
-3.77,-24.37,0.000000
-3.27,-24.37,0.000000
-2.76,-24.37,0.000000
-2.26,-24.37,0.000000
-1.76,-24.37,0.000000
-1.26,-24.37,0.000000
-0.75,-24.37,0.000000
-0.25,-24.37,0.000000
0.25,-24.37,0.002724
0.75,-24.37,0.008168
1.26,-24.37,0.013603
1.76,-24.37,0.019019
2.26,-24.37,0.024412
2.76,-24.37,0.029774
3.27,-24.37,0.035100
3.77,-24.37,0.040382
4.27,-24.37,0.045615
4.77,-24.37,0.050793
5.28,-24.37,0.055911
5.78,-24.37,0.060964
6.28,-24.37,0.065948
6.78,-24.37,0.070857
7.29,-24.37,0.075689
7.79,-24.37,0.080440
8.29,-24.37,0.085106
8.79,-24.37,0.089684
9.30,-24.37,0.094174
9.80,-24.37,0.098572
10.30,-24.37,0.102876
10.80,-24.37,0.107087
11.31,-24.37,0.111201
11.81,-24.37,0.115220
12.31,-24.37,0.119143
12.81,-24.37,0.122969
13.32,-24.37,0.126699
13.82,-24.37,0.130333
14.32,-24.37,0.133872
14.82,-24.37,0.137316
15.33,-24.37,0.140668
15.83,-24.37,0.143927
16.33,-24.37,0.147095
16.83,-24.37,0.150174
17.34,-24.37,0.153166
17.84,-24.37,0.156071
18.34,-24.37,0.158892
18.84,-24.37,0.161630
19.35,-24.37,0.164287
19.85,-24.37,0.166866
20.35,-24.37,0.169367
20.85,-24.37,0.171794
21.36,-24.37,0.174148
21.86,-24.37,0.176430
22.36,-24.37,0.178644
22.86,-24.37,0.180790
23.37,-24.37,0.182871
23.87,-24.37,0.184889
24.37,-24.37,0.186845
24.87,-24.37,0.188742
25.38,-24.37,0.190581
25.88,-24.37,0.192364
26.38,-24.37,0.194093
26.88,-24.37,0.195769
27.39,-24.37,0.197395
27.89,-24.37,0.198971
28.39,-24.37,0.200500
28.89,-24.37,0.201983
29.40,-24.37,0.203421
29.90,-24.37,0.204816
30.40,-24.37,0.206170
30.90,-24.37,0.207483
31.41,-24.37,0.208757
31.91,-24.37,0.209994
32.41,-24.37,0.211195
32.91,-24.37,0.212360
33.42,-24.37,0.213491
33.92,-24.37,0.214590
34.42,-24.37,0.215657
34.92,-24.37,0.216693
35.43,-24.37,0.217699
35.93,-24.37,0.218677
36.43,-24.37,0.219627
36.93,-24.37,0.220550
37.44,-24.37,0.221448
37.94,-24.37,0.222320
38.44,-24.37,0.223168
38.94,-24.37,0.223993
39.45,-24.37,0.224795
39.95,-24.37,0.225576
40.45,-24.37,0.226335
40.95,-24.37,0.227073
41.46,-24.37,0.227792
41.96,-24.37,0.228492
42.46,-24.37,0.229173
42.96,-24.37,0.229836
43.47,-24.37,0.230482
43.97,-24.37,0.231111
44.47,-24.37,0.231724
44.97,-24.37,0.232321
45.48,-24.37,0.232902
45.98,-24.37,0.233469
46.48,-24.37,0.234022
46.98,-24.37,0.234560
47.49,-24.37,0.235086
47.99,-24.37,0.235598
48.49,-24.37,0.236097
48.99,-24.37,0.236585
49.50,-24.37,0.237060
50.00,-24.37,0.237524
-50.00,-23.87,0.000000
-49.50,-23.87,0.000000
-48.99,-23.87,0.000000
-48.49,-23.87,0.000000
-47.99,-23.87,0.000000
-47.49,-23.87,0.000000
-46.98,-23.87,0.000000
-46.48,-23.87,0.000000
-45.98,-23.87,0.000000
-45.48,-23.87,0.000000
-44.97,-23.87,0.000000
-44.47,-23.87,0.000000
-43.97,-23.87,0.000000
-43.47,-23.87,0.000000
-42.96,-23.87,0.000000
-42.46,-23.87,0.000000
-41.96,-23.87,0.000000
-41.46,-23.87,0.000000
-40.95,-23.87,0.000000
-40.45,-23.87,0.000000
-39.95,-23.87,0.000000
-39.45,-23.87,0.000000
-38.94,-23.87,0.000000
-38.44,-23.87,0.000000
-37.94,-23.87,0.000000
-37.44,-23.87,0.000000
-36.93,-23.87,0.000000
-36.43,-23.87,0.000000
-35.93,-23.87,0.000000
-35.43,-23.87,0.000000
-34.92,-23.87,0.000000
-34.42,-23.87,0.000000
-33.92,-23.87,0.000000
-33.42,-23.87,0.000000
-32.91,-23.87,0.000000
-32.41,-23.87,0.000000
-31.91,-23.87,0.000000
-31.41,-23.87,0.000000
-30.90,-23.87,0.000000
-30.40,-23.87,0.000000
-29.90,-23.87,0.000000
-29.40,-23.87,0.000000
-28.89,-23.87,0.000000
-28.39,-23.87,0.000000
-27.89,-23.87,0.000000
-27.39,-23.87,0.000000
-26.88,-23.87,0.000000
-26.38,-23.87,0.000000
-25.88,-23.87,0.000000
-25.38,-23.87,0.000000
-24.87,-23.87,0.000000
-24.37,-23.87,0.000000
-23.87,-23.87,0.000000
-23.37,-23.87,0.000000
-22.86,-23.87,0.000000
-22.36,-23.87,0.000000
-21.86,-23.87,0.000000
-21.36,-23.87,0.000000
-20.85,-23.87,0.000000
-20.35,-23.87,0.000000
-19.85,-23.87,0.000000
-19.35,-23.87,0.000000
-18.84,-23.87,0.000000
-18.34,-23.87,0.000000
-17.84,-23.87,0.000000
-17.34,-23.87,0.000000
-16.83,-23.87,0.000000
-16.33,-23.87,0.000000
-15.83,-23.87,0.000000
-15.33,-23.87,0.000000
-14.82,-23.87,0.000000
-14.32,-23.87,0.000000
-13.82,-23.87,0.000000
-13.32,-23.87,0.000000
-12.81,-23.87,0.000000
-12.31,-23.87,0.000000
-11.81,-23.87,0.000000
-11.31,-23.87,0.000000
-10.80,-23.87,0.000000
-10.30,-23.87,0.000000
-9.80,-23.87,0.000000
-9.30,-23.87,0.000000
-8.79,-23.87,0.000000
-8.29,-23.87,0.000000
-7.79,-23.87,0.000000
-7.29,-23.87,0.000000
-6.78,-23.87,0.000000
-6.28,-23.87,0.000000
-5.78,-23.87,0.000000
-5.28,-23.87,0.000000
-4.77,-23.87,0.000000
-4.27,-23.87,0.000000
-3.77,-23.87,0.000000
-3.27,-23.87,0.000000
-2.76,-23.87,0.000000
-2.26,-23.87,0.000000
-1.76,-23.87,0.000000
-1.26,-23.87,0.000000
-0.75,-23.87,0.000000
-0.25,-23.87,0.000000
0.25,-23.87,0.002781
0.75,-23.87,0.008340
1.26,-23.87,0.013888
1.76,-23.87,0.019418
2.26,-23.87,0.024922
2.76,-23.87,0.030393
3.27,-23.87,0.035825
3.77,-23.87,0.041211
4.27,-23.87,0.046546
4.77,-23.87,0.051822
5.28,-23.87,0.057034
5.78,-23.87,0.062177
6.28,-23.87,0.067247
6.78,-23.87,0.072239
7.29,-23.87,0.077148
7.79,-23.87,0.081972
8.29,-23.87,0.086706
8.79,-23.87,0.091349
9.30,-23.87,0.095898
9.80,-23.87,0.100350
10.30,-23.87,0.104705
10.80,-23.87,0.108961
11.31,-23.87,0.113117
11.81,-23.87,0.117173
12.31,-23.87,0.121128
12.81,-23.87,0.124983
13.32,-23.87,0.128738
13.82,-23.87,0.132393
14.32,-23.87,0.135950
14.82,-23.87,0.139409
15.33,-23.87,0.142771
15.83,-23.87,0.146038
16.33,-23.87,0.149212
16.83,-23.87,0.152293
17.34,-23.87,0.155284
17.84,-23.87,0.158187
18.34,-23.87,0.161003
18.84,-23.87,0.163734
19.35,-23.87,0.166383
19.85,-23.87,0.168951
20.35,-23.87,0.171441
20.85,-23.87,0.173854
21.36,-23.87,0.176193
21.86,-23.87,0.178460
22.36,-23.87,0.180656
22.86,-23.87,0.182785
23.37,-23.87,0.184847
23.87,-23.87,0.186845
24.37,-23.87,0.188781
24.87,-23.87,0.190657
25.38,-23.87,0.192475
25.88,-23.87,0.194236
26.38,-23.87,0.195943
26.88,-23.87,0.197597
27.39,-23.87,0.199199
27.89,-23.87,0.200753
28.39,-23.87,0.202259
28.89,-23.87,0.203718
29.40,-23.87,0.205133
29.90,-23.87,0.206505
30.40,-23.87,0.207836
30.90,-23.87,0.209126
31.41,-23.87,0.210377
31.91,-23.87,0.211591
32.41,-23.87,0.212769
32.91,-23.87,0.213911
33.42,-23.87,0.215020
33.92,-23.87,0.216096
34.42,-23.87,0.217141
34.92,-23.87,0.218155
35.43,-23.87,0.219140
35.93,-23.87,0.220097
36.43,-23.87,0.221026
36.93,-23.87,0.221928
37.44,-23.87,0.222805
37.94,-23.87,0.223657
38.44,-23.87,0.224486
38.94,-23.87,0.225291
39.45,-23.87,0.226073
39.95,-23.87,0.226835
40.45,-23.87,0.227575
40.95,-23.87,0.228295
41.46,-23.87,0.228996
41.96,-23.87,0.229677
42.46,-23.87,0.230341
42.96,-23.87,0.230987
43.47,-23.87,0.231615
43.97,-23.87,0.232227
44.47,-23.87,0.232824
44.97,-23.87,0.233404
45.48,-23.87,0.233970
45.98,-23.87,0.234521
46.48,-23.87,0.235058
46.98,-23.87,0.235582
47.49,-23.87,0.236092
47.99,-23.87,0.236590
48.49,-23.87,0.237075
48.99,-23.87,0.237548
49.50,-23.87,0.238010
50.00,-23.87,0.238460
-50.00,-23.37,0.000000
-49.50,-23.37,0.000000
-48.99,-23.37,0.000000
-48.49,-23.37,0.000000
-47.99,-23.37,0.000000
-47.49,-23.37,0.000000
-46.98,-23.37,0.000000
-46.48,-23.37,0.000000
-45.98,-23.37,0.000000
-45.48,-23.37,0.000000
-44.97,-23.37,0.000000
-44.47,-23.37,0.000000
-43.97,-23.37,0.000000
-43.47,-23.37,0.000000
-42.96,-23.37,0.000000
-42.46,-23.37,0.000000
-41.96,-23.37,0.000000
-41.46,-23.37,0.000000
-40.95,-23.37,0.000000
-40.45,-23.37,0.000000
-39.95,-23.37,0.000000
-39.45,-23.37,0.000000
-38.94,-23.37,0.000000
-38.44,-23.37,0.000000
-37.94,-23.37,0.000000
-37.44,-23.37,0.000000
-36.93,-23.37,0.000000
-36.43,-23.37,0.000000
-35.93,-23.37,0.000000
-35.43,-23.37,0.000000
-34.92,-23.37,0.000000
-34.42,-23.37,0.000000
-33.92,-23.37,0.000000
-33.42,-23.37,0.000000
-32.91,-23.37,0.000000
-32.41,-23.37,0.000000
-31.91,-23.37,0.000000
-31.41,-23.37,0.000000
-30.90,-23.37,0.000000
-30.40,-23.37,0.000000
-29.90,-23.37,0.000000
-29.40,-23.37,0.000000
-28.89,-23.37,0.000000
-28.39,-23.37,0.000000
-27.89,-23.37,0.000000
-27.39,-23.37,0.000000
-26.88,-23.37,0.000000
-26.38,-23.37,0.000000
-25.88,-23.37,0.000000
-25.38,-23.37,0.000000
-24.87,-23.37,0.000000
-24.37,-23.37,0.000000
-23.87,-23.37,0.000000
-23.37,-23.37,0.000000
-22.86,-23.37,0.000000
-22.36,-23.37,0.000000
-21.86,-23.37,0.000000
-21.36,-23.37,0.000000
-20.85,-23.37,0.000000
-20.35,-23.37,0.000000
-19.85,-23.37,0.000000
-19.35,-23.37,0.000000
-18.84,-23.37,0.000000
-18.34,-23.37,0.000000
-17.84,-23.37,0.000000
-17.34,-23.37,0.000000
-16.83,-23.37,0.000000
-16.33,-23.37,0.000000
-15.83,-23.37,0.000000
-15.33,-23.37,0.000000
-14.82,-23.37,0.000000
-14.32,-23.37,0.000000
-13.82,-23.37,0.000000
-13.32,-23.37,0.000000
-12.81,-23.37,0.000000
-12.31,-23.37,0.000000
-11.81,-23.37,0.000000
-11.31,-23.37,0.000000
-10.80,-23.37,0.000000
-10.30,-23.37,0.000000
-9.80,-23.37,0.000000
-9.30,-23.37,0.000000
-8.79,-23.37,0.000000
-8.29,-23.37,0.000000
-7.79,-23.37,0.000000
-7.29,-23.37,0.000000
-6.78,-23.37,0.000000
-6.28,-23.37,0.000000
-5.78,-23.37,0.000000
-5.28,-23.37,0.000000
-4.77,-23.37,0.000000
-4.27,-23.37,0.000000
-3.77,-23.37,0.000000
-3.27,-23.37,0.000000
-2.76,-23.37,0.000000
-2.26,-23.37,0.000000
-1.76,-23.37,0.000000
-1.26,-23.37,0.000000
-0.75,-23.37,0.000000
-0.25,-23.37,0.000000
0.25,-23.37,0.002841
0.75,-23.37,0.008519
1.26,-23.37,0.014186
1.76,-23.37,0.019833
2.26,-23.37,0.025453
2.76,-23.37,0.031038
3.27,-23.37,0.036581
3.77,-23.37,0.042075
4.27,-23.37,0.047514
4.77,-23.37,0.052892
5.28,-23.37,0.058202
5.78,-23.37,0.063438
6.28,-23.37,0.068597
6.78,-23.37,0.073673
7.29,-23.37,0.078661
7.79,-23.37,0.083560
8.29,-23.37,0.088364
8.79,-23.37,0.093072
9.30,-23.37,0.097681
9.80,-23.37,0.102188
10.30,-23.37,0.106594
10.80,-23.37,0.110895
11.31,-23.37,0.115092
11.81,-23.37,0.119185
12.31,-23.37,0.123172
12.81,-23.37,0.127055
13.32,-23.37,0.130833
13.82,-23.37,0.134509
14.32,-23.37,0.138081
14.82,-23.37,0.141553
15.33,-23.37,0.144925
15.83,-23.37,0.148198
16.33,-23.37,0.151375
16.83,-23.37,0.154457
17.34,-23.37,0.157446
17.84,-23.37,0.160344
18.34,-23.37,0.163154
18.84,-23.37,0.165877
19.35,-23.37,0.168515
19.85,-23.37,0.171071
20.35,-23.37,0.173547
20.85,-23.37,0.175945
21.36,-23.37,0.178268
21.86,-23.37,0.180517
22.36,-23.37,0.182695
22.86,-23.37,0.184803
23.37,-23.37,0.186845
23.87,-23.37,0.188822
24.37,-23.37,0.190737
24.87,-23.37,0.192590
25.38,-23.37,0.194385
25.88,-23.37,0.196123
26.38,-23.37,0.197806
26.88,-23.37,0.199436
27.39,-23.37,0.201015
27.89,-23.37,0.202545
28.39,-23.37,0.204026
28.89,-23.37,0.205462
29.40,-23.37,0.206853
29.90,-23.37,0.208200
30.40,-23.37,0.209507
30.90,-23.37,0.210773
31.41,-23.37,0.212000
31.91,-23.37,0.213190
32.41,-23.37,0.214345
32.91,-23.37,0.215464
33.42,-23.37,0.216550
33.92,-23.37,0.217603
34.42,-23.37,0.218625
34.92,-23.37,0.219617
35.43,-23.37,0.220580
35.93,-23.37,0.221514
36.43,-23.37,0.222422
36.93,-23.37,0.223303
37.44,-23.37,0.224159
37.94,-23.37,0.224990
38.44,-23.37,0.225798
38.94,-23.37,0.226583
39.45,-23.37,0.227346
39.95,-23.37,0.228088
40.45,-23.37,0.228809
40.95,-23.37,0.229510
41.46,-23.37,0.230192
41.96,-23.37,0.230856
42.46,-23.37,0.231502
42.96,-23.37,0.232130
43.47,-23.37,0.232741
43.97,-23.37,0.233336
44.47,-23.37,0.233916
44.97,-23.37,0.234480
45.48,-23.37,0.235030
45.98,-23.37,0.235565
46.48,-23.37,0.236087
46.98,-23.37,0.236595
47.49,-23.37,0.237091
47.99,-23.37,0.237573
48.49,-23.37,0.238044
48.99,-23.37,0.238503
49.50,-23.37,0.238951
50.00,-23.37,0.239388
-50.00,-22.86,0.000000
-49.50,-22.86,0.000000
-48.99,-22.86,0.000000
-48.49,-22.86,0.000000
-47.99,-22.86,0.000000
-47.49,-22.86,0.000000
-46.98,-22.86,0.000000
-46.48,-22.86,0.000000
-45.98,-22.86,0.000000
-45.48,-22.86,0.000000
-44.97,-22.86,0.000000
-44.47,-22.86,0.000000
-43.97,-22.86,0.000000
-43.47,-22.86,0.000000
-42.96,-22.86,0.000000
-42.46,-22.86,0.000000
-41.96,-22.86,0.000000
-41.46,-22.86,0.000000
-40.95,-22.86,0.000000
-40.45,-22.86,0.000000
-39.95,-22.86,0.000000
-39.45,-22.86,0.000000
-38.94,-22.86,0.000000
-38.44,-22.86,0.000000
-37.94,-22.86,0.000000
-37.44,-22.86,0.000000
-36.93,-22.86,0.000000
-36.43,-22.86,0.000000
-35.93,-22.86,0.000000
-35.43,-22.86,0.000000
-34.92,-22.86,0.000000
-34.42,-22.86,0.000000
-33.92,-22.86,0.000000
-33.42,-22.86,0.000000
-32.91,-22.86,0.000000
-32.41,-22.86,0.000000
-31.91,-22.86,0.000000
-31.41,-22.86,0.000000
-30.90,-22.86,0.000000
-30.40,-22.86,0.000000
-29.90,-22.86,0.000000
-29.40,-22.86,0.000000
-28.89,-22.86,0.000000
-28.39,-22.86,0.000000
-27.89,-22.86,0.000000
-27.39,-22.86,0.000000
-26.88,-22.86,0.000000
-26.38,-22.86,0.000000
-25.88,-22.86,0.000000
-25.38,-22.86,0.000000
-24.87,-22.86,0.000000
-24.37,-22.86,0.000000
-23.87,-22.86,0.000000
-23.37,-22.86,0.000000
-22.86,-22.86,0.000000
-22.36,-22.86,0.000000
-21.86,-22.86,0.000000
-21.36,-22.86,0.000000
-20.85,-22.86,0.000000
-20.35,-22.86,0.000000
-19.85,-22.86,0.000000
-19.35,-22.86,0.000000
-18.84,-22.86,0.000000
-18.34,-22.86,0.000000
-17.84,-22.86,0.000000
-17.34,-22.86,0.000000
-16.83,-22.86,0.000000
-16.33,-22.86,0.000000
-15.83,-22.86,0.000000
-15.33,-22.86,0.000000
-14.82,-22.86,0.000000
-14.32,-22.86,0.000000
-13.82,-22.86,0.000000
-13.32,-22.86,0.000000
-12.81,-22.86,0.000000
-12.31,-22.86,0.000000
-11.81,-22.86,0.000000
-11.31,-22.86,0.000000
-10.80,-22.86,0.000000
-10.30,-22.86,0.000000
-9.80,-22.86,0.000000
-9.30,-22.86,0.000000
-8.79,-22.86,0.000000
-8.29,-22.86,0.000000
-7.79,-22.86,0.000000
-7.29,-22.86,0.000000
-6.78,-22.86,0.000000
-6.28,-22.86,0.000000
-5.78,-22.86,0.000000
-5.28,-22.86,0.000000
-4.77,-22.86,0.000000
-4.27,-22.86,0.000000
-3.77,-22.86,0.000000
-3.27,-22.86,0.000000
-2.76,-22.86,0.000000
-2.26,-22.86,0.000000
-1.76,-22.86,0.000000
-1.26,-22.86,0.000000
-0.75,-22.86,0.000000
-0.25,-22.86,0.000000
0.25,-22.86,0.002904
0.75,-22.86,0.008706
1.26,-22.86,0.014497
1.76,-22.86,0.020266
2.26,-22.86,0.026007
2.76,-22.86,0.031710
3.27,-22.86,0.037369
3.77,-22.86,0.042976
4.27,-22.86,0.048524
4.77,-22.86,0.054006
5.28,-22.86,0.059417
5.78,-22.86,0.064750
6.28,-22.86,0.070000
6.78,-22.86,0.075162
7.29,-22.86,0.080232
7.79,-22.86,0.085207
8.29,-22.86,0.090083
8.79,-22.86,0.094856
9.30,-22.86,0.099526
9.80,-22.86,0.104089
10.30,-22.86,0.108544
10.80,-22.86,0.112891
11.31,-22.86,0.117129
11.81,-22.86,0.121257
12.31,-22.86,0.125276
12.81,-22.86,0.129185
13.32,-22.86,0.132986
13.82,-22.86,0.136680
14.32,-22.86,0.140268
14.82,-22.86,0.143750
15.33,-22.86,0.147130
15.83,-22.86,0.150408
16.33,-22.86,0.153586
16.83,-22.86,0.156667
17.34,-22.86,0.159652
17.84,-22.86,0.162544
18.34,-22.86,0.165345
18.84,-22.86,0.168057
19.35,-22.86,0.170683
19.85,-22.86,0.173225
20.35,-22.86,0.175686
20.85,-22.86,0.178067
21.36,-22.86,0.180371
21.86,-22.86,0.182600
22.36,-22.86,0.184758
22.86,-22.86,0.186845
23.37,-22.86,0.188865
23.87,-22.86,0.190819
24.37,-22.86,0.192710
24.87,-22.86,0.194540
25.38,-22.86,0.196311
25.88,-22.86,0.198024
26.38,-22.86,0.199683
26.88,-22.86,0.201288
27.39,-22.86,0.202841
27.89,-22.86,0.204346
28.39,-22.86,0.205802
28.89,-22.86,0.207212
29.40,-22.86,0.208578
29.90,-22.86,0.209900
30.40,-22.86,0.211182
30.90,-22.86,0.212423
31.41,-22.86,0.213626
31.91,-22.86,0.214791
32.41,-22.86,0.215921
32.91,-22.86,0.217017
33.42,-22.86,0.218078
33.92,-22.86,0.219108
34.42,-22.86,0.220107
34.92,-22.86,0.221076
35.43,-22.86,0.222016
35.93,-22.86,0.222928
36.43,-22.86,0.223814
36.93,-22.86,0.224673
37.44,-22.86,0.225508
37.94,-22.86,0.226318
38.44,-22.86,0.227105
38.94,-22.86,0.227870
39.45,-22.86,0.228613
39.95,-22.86,0.229335
40.45,-22.86,0.230037
40.95,-22.86,0.230719
41.46,-22.86,0.231382
41.96,-22.86,0.232027
42.46,-22.86,0.232655
42.96,-22.86,0.233265
43.47,-22.86,0.233859
43.97,-22.86,0.234437
44.47,-22.86,0.235000
44.97,-22.86,0.235548
45.48,-22.86,0.236081
45.98,-22.86,0.236601
46.48,-22.86,0.237107
46.98,-22.86,0.237600
47.49,-22.86,0.238080
47.99,-22.86,0.238548
48.49,-22.86,0.239004
48.99,-22.86,0.239449
49.50,-22.86,0.239883
50.00,-22.86,0.240306
-50.00,-22.36,0.000000
-49.50,-22.36,0.000000
-48.99,-22.36,0.000000
-48.49,-22.36,0.000000
-47.99,-22.36,0.000000
-47.49,-22.36,0.000000
-46.98,-22.36,0.000000
-46.48,-22.36,0.000000
-45.98,-22.36,0.000000
-45.48,-22.36,0.000000
-44.97,-22.36,0.000000
-44.47,-22.36,0.000000
-43.97,-22.36,0.000000
-43.47,-22.36,0.000000
-42.96,-22.36,0.000000
-42.46,-22.36,0.000000
-41.96,-22.36,0.000000
-41.46,-22.36,0.000000
-40.95,-22.36,0.000000
-40.45,-22.36,0.000000
-39.95,-22.36,0.000000
-39.45,-22.36,0.000000
-38.94,-22.36,0.000000
-38.44,-22.36,0.000000
-37.94,-22.36,0.000000
-37.44,-22.36,0.000000
-36.93,-22.36,0.000000
-36.43,-22.36,0.000000
-35.93,-22.36,0.000000
-35.43,-22.36,0.000000
-34.92,-22.36,0.000000
-34.42,-22.36,0.000000
-33.92,-22.36,0.000000
-33.42,-22.36,0.000000
-32.91,-22.36,0.000000
-32.41,-22.36,0.000000
-31.91,-22.36,0.000000
-31.41,-22.36,0.000000
-30.90,-22.36,0.000000
-30.40,-22.36,0.000000
-29.90,-22.36,0.000000
-29.40,-22.36,0.000000
-28.89,-22.36,0.000000
-28.39,-22.36,0.000000
-27.89,-22.36,0.000000
-27.39,-22.36,0.000000
-26.88,-22.36,0.000000
-26.38,-22.36,0.000000
-25.88,-22.36,0.000000
-25.38,-22.36,0.000000
-24.87,-22.36,0.000000
-24.37,-22.36,0.000000
-23.87,-22.36,0.000000
-23.37,-22.36,0.000000
-22.86,-22.36,0.000000
-22.36,-22.36,0.000000
-21.86,-22.36,0.000000
-21.36,-22.36,0.000000
-20.85,-22.36,0.000000
-20.35,-22.36,0.000000
-19.85,-22.36,0.000000
-19.35,-22.36,0.000000
-18.84,-22.36,0.000000
-18.34,-22.36,0.000000
-17.84,-22.36,0.000000
-17.34,-22.36,0.000000
-16.83,-22.36,0.000000
-16.33,-22.36,0.000000
-15.83,-22.36,0.000000
-15.33,-22.36,0.000000
-14.82,-22.36,0.000000
-14.32,-22.36,0.000000
-13.82,-22.36,0.000000
-13.32,-22.36,0.000000
-12.81,-22.36,0.000000
-12.31,-22.36,0.000000
-11.81,-22.36,0.000000
-11.31,-22.36,0.000000
-10.80,-22.36,0.000000
-10.30,-22.36,0.000000
-9.80,-22.36,0.000000
-9.30,-22.36,0.000000
-8.79,-22.36,0.000000
-8.29,-22.36,0.000000
-7.79,-22.36,0.000000
-7.29,-22.36,0.000000
-6.78,-22.36,0.000000
-6.28,-22.36,0.000000
-5.78,-22.36,0.000000
-5.28,-22.36,0.000000
-4.77,-22.36,0.000000
-4.27,-22.36,0.000000
-3.77,-22.36,0.000000
-3.27,-22.36,0.000000
-2.76,-22.36,0.000000
-2.26,-22.36,0.000000
-1.76,-22.36,0.000000
-1.26,-22.36,0.000000
-0.75,-22.36,0.000000
-0.25,-22.36,0.000000
0.25,-22.36,0.002969
0.75,-22.36,0.008902
1.26,-22.36,0.014822
1.76,-22.36,0.020719
2.26,-22.36,0.026585
2.76,-22.36,0.032412
3.27,-22.36,0.038191
3.77,-22.36,0.043915
4.27,-22.36,0.049576
4.77,-22.36,0.055167
5.28,-22.36,0.060682
5.78,-22.36,0.066114
6.28,-22.36,0.071459
6.78,-22.36,0.076710
7.29,-22.36,0.081864
7.79,-22.36,0.086917
8.29,-22.36,0.091865
8.79,-22.36,0.096705
9.30,-22.36,0.101436
9.80,-22.36,0.106055
10.30,-22.36,0.110561
10.80,-22.36,0.114952
11.31,-22.36,0.119230
11.81,-22.36,0.123393
12.31,-22.36,0.127442
12.81,-22.36,0.131377
13.32,-22.36,0.135199
13.82,-22.36,0.138910
14.32,-22.36,0.142510
14.82,-22.36,0.146002
15.33,-22.36,0.149387
15.83,-22.36,0.152668
16.33,-22.36,0.155845
16.83,-22.36,0.158923
17.34,-22.36,0.161902
17.84,-22.36,0.164786
18.34,-22.36,0.167576
18.84,-22.36,0.170276
19.35,-22.36,0.172887
19.85,-22.36,0.175413
20.35,-22.36,0.177856
20.85,-22.36,0.180218
21.36,-22.36,0.182502
21.86,-22.36,0.184710
22.36,-22.36,0.186845
22.86,-22.36,0.188910
23.37,-22.36,0.190906
23.87,-22.36,0.192836
24.37,-22.36,0.194702
24.87,-22.36,0.196506
25.38,-22.36,0.198251
25.88,-22.36,0.199939
26.38,-22.36,0.201571
26.88,-22.36,0.203150
27.39,-22.36,0.204677
27.89,-22.36,0.206155
28.39,-22.36,0.207585
28.89,-22.36,0.208969
29.40,-22.36,0.210308
29.90,-22.36,0.211604
30.40,-22.36,0.212860
30.90,-22.36,0.214075
31.41,-22.36,0.215253
31.91,-22.36,0.216393
32.41,-22.36,0.217498
32.91,-22.36,0.218568
33.42,-22.36,0.219606
33.92,-22.36,0.220612
34.42,-22.36,0.221587
34.92,-22.36,0.222532
35.43,-22.36,0.223449
35.93,-22.36,0.224338
36.43,-22.36,0.225201
36.93,-22.36,0.226039
37.44,-22.36,0.226851
37.94,-22.36,0.227640
38.44,-22.36,0.228406
38.94,-22.36,0.229150
39.45,-22.36,0.229873
39.95,-22.36,0.230575
40.45,-22.36,0.231257
40.95,-22.36,0.231920
41.46,-22.36,0.232564
41.96,-22.36,0.233191
42.46,-22.36,0.233800
42.96,-22.36,0.234392
43.47,-22.36,0.234969
43.97,-22.36,0.235530
44.47,-22.36,0.236075
44.97,-22.36,0.236606
45.48,-22.36,0.237123
45.98,-22.36,0.237627
46.48,-22.36,0.238117
46.98,-22.36,0.238595
47.49,-22.36,0.239060
47.99,-22.36,0.239513
48.49,-22.36,0.239955
48.99,-22.36,0.240385
49.50,-22.36,0.240805
50.00,-22.36,0.241214
-50.00,-21.86,0.000000
-49.50,-21.86,0.000000
-48.99,-21.86,0.000000
-48.49,-21.86,0.000000
-47.99,-21.86,0.000000
-47.49,-21.86,0.000000
-46.98,-21.86,0.000000
-46.48,-21.86,0.000000
-45.98,-21.86,0.000000
-45.48,-21.86,0.000000
-44.97,-21.86,0.000000
-44.47,-21.86,0.000000
-43.97,-21.86,0.000000
-43.47,-21.86,0.000000
-42.96,-21.86,0.000000
-42.46,-21.86,0.000000
-41.96,-21.86,0.000000
-41.46,-21.86,0.000000
-40.95,-21.86,0.000000
-40.45,-21.86,0.000000
-39.95,-21.86,0.000000
-39.45,-21.86,0.000000
-38.94,-21.86,0.000000
-38.44,-21.86,0.000000
-37.94,-21.86,0.000000
-37.44,-21.86,0.000000
-36.93,-21.86,0.000000
-36.43,-21.86,0.000000
-35.93,-21.86,0.000000
-35.43,-21.86,0.000000
-34.92,-21.86,0.000000
-34.42,-21.86,0.000000
-33.92,-21.86,0.000000
-33.42,-21.86,0.000000
-32.91,-21.86,0.000000
-32.41,-21.86,0.000000
-31.91,-21.86,0.000000
-31.41,-21.86,0.000000
-30.90,-21.86,0.000000
-30.40,-21.86,0.000000
-29.90,-21.86,0.000000
-29.40,-21.86,0.000000
-28.89,-21.86,0.000000
-28.39,-21.86,0.000000
-27.89,-21.86,0.000000
-27.39,-21.86,0.000000
-26.88,-21.86,0.000000
-26.38,-21.86,0.000000
-25.88,-21.86,0.000000
-25.38,-21.86,0.000000
-24.87,-21.86,0.000000
-24.37,-21.86,0.000000
-23.87,-21.86,0.000000
-23.37,-21.86,0.000000
-22.86,-21.86,0.000000
-22.36,-21.86,0.000000
-21.86,-21.86,0.000000
-21.36,-21.86,0.000000
-20.85,-21.86,0.000000
-20.35,-21.86,0.000000
-19.85,-21.86,0.000000
-19.35,-21.86,0.000000
-18.84,-21.86,0.000000
-18.34,-21.86,0.000000
-17.84,-21.86,0.000000
-17.34,-21.86,0.000000
-16.83,-21.86,0.000000
-16.33,-21.86,0.000000
-15.83,-21.86,0.000000
-15.33,-21.86,0.000000
-14.82,-21.86,0.000000
-14.32,-21.86,0.000000
-13.82,-21.86,0.000000
-13.32,-21.86,0.000000
-12.81,-21.86,0.000000
-12.31,-21.86,0.000000
-11.81,-21.86,0.000000
-11.31,-21.86,0.000000
-10.80,-21.86,0.000000
-10.30,-21.86,0.000000
-9.80,-21.86,0.000000
-9.30,-21.86,0.000000
-8.79,-21.86,0.000000
-8.29,-21.86,0.000000
-7.79,-21.86,0.000000
-7.29,-21.86,0.000000
-6.78,-21.86,0.000000
-6.28,-21.86,0.000000
-5.78,-21.86,0.000000
-5.28,-21.86,0.000000
-4.77,-21.86,0.000000
-4.27,-21.86,0.000000
-3.77,-21.86,0.000000
-3.27,-21.86,0.000000
-2.76,-21.86,0.000000
-2.26,-21.86,0.000000
-1.76,-21.86,0.000000
-1.26,-21.86,0.000000
-0.75,-21.86,0.000000
-0.25,-21.86,0.000000
0.25,-21.86,0.003037
0.75,-21.86,0.009106
1.26,-21.86,0.015161
1.76,-21.86,0.021192
2.26,-21.86,0.027190
2.76,-21.86,0.033146
3.27,-21.86,0.039050
3.77,-21.86,0.044896
4.27,-21.86,0.050675
4.77,-21.86,0.056379
5.28,-21.86,0.062001
5.78,-21.86,0.067536
6.28,-21.86,0.072978
6.78,-21.86,0.078320
7.29,-21.86,0.083560
7.79,-21.86,0.088692
8.29,-21.86,0.093714
8.79,-21.86,0.098622
9.30,-21.86,0.103414
9.80,-21.86,0.108089
10.30,-21.86,0.112645
10.80,-21.86,0.117081
11.31,-21.86,0.121398
11.81,-21.86,0.125594
12.31,-21.86,0.129672
12.81,-21.86,0.133631
13.32,-21.86,0.137473
13.82,-21.86,0.141198
14.32,-21.86,0.144810
14.82,-21.86,0.148309
15.33,-21.86,0.151698
15.83,-21.86,0.154979
16.33,-21.86,0.158154
16.83,-21.86,0.161226
17.34,-21.86,0.164197
17.84,-21.86,0.167070
18.34,-21.86,0.169847
18.84,-21.86,0.172532
19.35,-21.86,0.175127
19.85,-21.86,0.177635
20.35,-21.86,0.180057
20.85,-21.86,0.182398
21.36,-21.86,0.184660
21.86,-21.86,0.186845
22.36,-21.86,0.188956
22.86,-21.86,0.190996
23.37,-21.86,0.192966
23.87,-21.86,0.194870
24.37,-21.86,0.196710
24.87,-21.86,0.198487
25.38,-21.86,0.200205
25.88,-21.86,0.201865
26.38,-21.86,0.203470
26.88,-21.86,0.205021
27.39,-21.86,0.206521
27.89,-21.86,0.207971
28.39,-21.86,0.209373
28.89,-21.86,0.210730
29.40,-21.86,0.212042
29.90,-21.86,0.213311
30.40,-21.86,0.214540
30.90,-21.86,0.215729
31.41,-21.86,0.216880
31.91,-21.86,0.217994
32.41,-21.86,0.219073
32.91,-21.86,0.220118
33.42,-21.86,0.221131
33.92,-21.86,0.222112
34.42,-21.86,0.223062
34.92,-21.86,0.223984
35.43,-21.86,0.224877
35.93,-21.86,0.225743
36.43,-21.86,0.226583
36.93,-21.86,0.227398
37.44,-21.86,0.228189
37.94,-21.86,0.228956
38.44,-21.86,0.229700
38.94,-21.86,0.230423
39.45,-21.86,0.231125
39.95,-21.86,0.231807
40.45,-21.86,0.232469
40.95,-21.86,0.233113
41.46,-21.86,0.233738
41.96,-21.86,0.234345
42.46,-21.86,0.234936
42.96,-21.86,0.235511
43.47,-21.86,0.236069
43.97,-21.86,0.236612
44.47,-21.86,0.237141
44.97,-21.86,0.237655
45.48,-21.86,0.238156
45.98,-21.86,0.238643
46.48,-21.86,0.239118
46.98,-21.86,0.239580
47.49,-21.86,0.240030
47.99,-21.86,0.240468
48.49,-21.86,0.240895
48.99,-21.86,0.241311
49.50,-21.86,0.241717
50.00,-21.86,0.242113
-50.00,-21.36,0.000000
-49.50,-21.36,0.000000
-48.99,-21.36,0.000000
-48.49,-21.36,0.000000
-47.99,-21.36,0.000000
-47.49,-21.36,0.000000
-46.98,-21.36,0.000000
-46.48,-21.36,0.000000
-45.98,-21.36,0.000000
-45.48,-21.36,0.000000
-44.97,-21.36,0.000000
-44.47,-21.36,0.000000
-43.97,-21.36,0.000000
-43.47,-21.36,0.000000
-42.96,-21.36,0.000000
-42.46,-21.36,0.000000
-41.96,-21.36,0.000000
-41.46,-21.36,0.000000
-40.95,-21.36,0.000000
-40.45,-21.36,0.000000
-39.95,-21.36,0.000000
-39.45,-21.36,0.000000
-38.94,-21.36,0.000000
-38.44,-21.36,0.000000
-37.94,-21.36,0.000000
-37.44,-21.36,0.000000
-36.93,-21.36,0.000000
-36.43,-21.36,0.000000
-35.93,-21.36,0.000000
-35.43,-21.36,0.000000
-34.92,-21.36,0.000000
-34.42,-21.36,0.000000
-33.92,-21.36,0.000000
-33.42,-21.36,0.000000
-32.91,-21.36,0.000000
-32.41,-21.36,0.000000
-31.91,-21.36,0.000000
-31.41,-21.36,0.000000
-30.90,-21.36,0.000000
-30.40,-21.36,0.000000
-29.90,-21.36,0.000000
-29.40,-21.36,0.000000
-28.89,-21.36,0.000000
-28.39,-21.36,0.000000
-27.89,-21.36,0.000000
-27.39,-21.36,0.000000
-26.88,-21.36,0.000000
-26.38,-21.36,0.000000
-25.88,-21.36,0.000000
-25.38,-21.36,0.000000
-24.87,-21.36,0.000000
-24.37,-21.36,0.000000
-23.87,-21.36,0.000000
-23.37,-21.36,0.000000
-22.86,-21.36,0.000000
-22.36,-21.36,0.000000
-21.86,-21.36,0.000000
-21.36,-21.36,0.000000
-20.85,-21.36,0.000000
-20.35,-21.36,0.000000
-19.85,-21.36,0.000000
-19.35,-21.36,0.000000
-18.84,-21.36,0.000000
-18.34,-21.36,0.000000
-17.84,-21.36,0.000000
-17.34,-21.36,0.000000
-16.83,-21.36,0.000000
-16.33,-21.36,0.000000
-15.83,-21.36,0.000000
-15.33,-21.36,0.000000
-14.82,-21.36,0.000000
-14.32,-21.36,0.000000
-13.82,-21.36,0.000000
-13.32,-21.36,0.000000
-12.81,-21.36,0.000000
-12.31,-21.36,0.000000
-11.81,-21.36,0.000000
-11.31,-21.36,0.000000
-10.80,-21.36,0.000000
-10.30,-21.36,0.000000
-9.80,-21.36,0.000000
-9.30,-21.36,0.000000
-8.79,-21.36,0.000000
-8.29,-21.36,0.000000
-7.79,-21.36,0.000000
-7.29,-21.36,0.000000
-6.78,-21.36,0.000000
-6.28,-21.36,0.000000
-5.78,-21.36,0.000000
-5.28,-21.36,0.000000
-4.77,-21.36,0.000000
-4.27,-21.36,0.000000
-3.77,-21.36,0.000000
-3.27,-21.36,0.000000
-2.76,-21.36,0.000000
-2.26,-21.36,0.000000
-1.76,-21.36,0.000000
-1.26,-21.36,0.000000
-0.75,-21.36,0.000000
-0.25,-21.36,0.000000
0.25,-21.36,0.003108
0.75,-21.36,0.009320
1.26,-21.36,0.015517
1.76,-21.36,0.021687
2.26,-21.36,0.027823
2.76,-21.36,0.033913
3.27,-21.36,0.039949
3.77,-21.36,0.045921
4.27,-21.36,0.051822
4.77,-21.36,0.057643
5.28,-21.36,0.063377
5.78,-21.36,0.069018
6.28,-21.36,0.074559
6.78,-21.36,0.079996
7.29,-21.36,0.085323
7.79,-21.36,0.090536
8.29,-21.36,0.095633
8.79,-21.36,0.100609
9.30,-21.36,0.105463
9.80,-21.36,0.110194
10.30,-21.36,0.114799
10.80,-21.36,0.119280
11.31,-21.36,0.123634
11.81,-21.36,0.127864
12.31,-21.36,0.131968
12.81,-21.36,0.135950
13.32,-21.36,0.139809
13.82,-21.36,0.143548
14.32,-21.36,0.147169
14.82,-21.36,0.150673
15.33,-21.36,0.154063
15.83,-21.36,0.157342
16.33,-21.36,0.160512
16.83,-21.36,0.163576
17.34,-21.36,0.166536
17.84,-21.36,0.169396
18.34,-21.36,0.172159
18.84,-21.36,0.174826
19.35,-21.36,0.177402
19.85,-21.36,0.179889
20.35,-21.36,0.182290
20.85,-21.36,0.184608
21.36,-21.36,0.186845
21.86,-21.36,0.189005
22.36,-21.36,0.191090
22.86,-21.36,0.193103
23.37,-21.36,0.195046
23.87,-21.36,0.196922
24.37,-21.36,0.198733
24.87,-21.36,0.200482
25.38,-21.36,0.202171
25.88,-21.36,0.203803
26.38,-21.36,0.205379
26.88,-21.36,0.206901
27.39,-21.36,0.208372
27.89,-21.36,0.209793
28.39,-21.36,0.211167
28.89,-21.36,0.212495
29.40,-21.36,0.213779
29.90,-21.36,0.215020
30.40,-21.36,0.216221
30.90,-21.36,0.217383
31.41,-21.36,0.218506
31.91,-21.36,0.219594
32.41,-21.36,0.220646
32.91,-21.36,0.221666
33.42,-21.36,0.222652
33.92,-21.36,0.223608
34.42,-21.36,0.224533
34.92,-21.36,0.225430
35.43,-21.36,0.226299
35.93,-21.36,0.227142
36.43,-21.36,0.227959
36.93,-21.36,0.228750
37.44,-21.36,0.229519
37.94,-21.36,0.230264
38.44,-21.36,0.230987
38.94,-21.36,0.231688
39.45,-21.36,0.232369
39.95,-21.36,0.233030
40.45,-21.36,0.233672
40.95,-21.36,0.234296
41.46,-21.36,0.234902
41.96,-21.36,0.235491
42.46,-21.36,0.236063
42.96,-21.36,0.236619
43.47,-21.36,0.237159
43.97,-21.36,0.237685
44.47,-21.36,0.238197
44.97,-21.36,0.238694
45.48,-21.36,0.239178
45.98,-21.36,0.239649
46.48,-21.36,0.240108
46.98,-21.36,0.240554
47.49,-21.36,0.240989
47.99,-21.36,0.241413
48.49,-21.36,0.241825
48.99,-21.36,0.242227
49.50,-21.36,0.242619
50.00,-21.36,0.243000
-50.00,-20.85,0.000000
-49.50,-20.85,0.000000
-48.99,-20.85,0.000000
-48.49,-20.85,0.000000
-47.99,-20.85,0.000000
-47.49,-20.85,0.000000
-46.98,-20.85,0.000000
-46.48,-20.85,0.000000
-45.98,-20.85,0.000000
-45.48,-20.85,0.000000
-44.97,-20.85,0.000000
-44.47,-20.85,0.000000
-43.97,-20.85,0.000000
-43.47,-20.85,0.000000
-42.96,-20.85,0.000000
-42.46,-20.85,0.000000
-41.96,-20.85,0.000000
-41.46,-20.85,0.000000
-40.95,-20.85,0.000000
-40.45,-20.85,0.000000
-39.95,-20.85,0.000000
-39.45,-20.85,0.000000
-38.94,-20.85,0.000000
-38.44,-20.85,0.000000
-37.94,-20.85,0.000000
-37.44,-20.85,0.000000
-36.93,-20.85,0.000000
-36.43,-20.85,0.000000
-35.93,-20.85,0.000000
-35.43,-20.85,0.000000
-34.92,-20.85,0.000000
-34.42,-20.85,0.000000
-33.92,-20.85,0.000000
-33.42,-20.85,0.000000
-32.91,-20.85,0.000000
-32.41,-20.85,0.000000
-31.91,-20.85,0.000000
-31.41,-20.85,0.000000
-30.90,-20.85,0.000000
-30.40,-20.85,0.000000
-29.90,-20.85,0.000000
-29.40,-20.85,0.000000
-28.89,-20.85,0.000000
-28.39,-20.85,0.000000
-27.89,-20.85,0.000000
-27.39,-20.85,0.000000
-26.88,-20.85,0.000000
-26.38,-20.85,0.000000
-25.88,-20.85,0.000000
-25.38,-20.85,0.000000
-24.87,-20.85,0.000000
-24.37,-20.85,0.000000
-23.87,-20.85,0.000000
-23.37,-20.85,0.000000
-22.86,-20.85,0.000000
-22.36,-20.85,0.000000
-21.86,-20.85,0.000000
-21.36,-20.85,0.000000
-20.85,-20.85,0.000000
-20.35,-20.85,0.000000
-19.85,-20.85,0.000000
-19.35,-20.85,0.000000
-18.84,-20.85,0.000000
-18.34,-20.85,0.000000
-17.84,-20.85,0.000000
-17.34,-20.85,0.000000
-16.83,-20.85,0.000000
-16.33,-20.85,0.000000
-15.83,-20.85,0.000000
-15.33,-20.85,0.000000
-14.82,-20.85,0.000000
-14.32,-20.85,0.000000
-13.82,-20.85,0.000000
-13.32,-20.85,0.000000
-12.81,-20.85,0.000000
-12.31,-20.85,0.000000
-11.81,-20.85,0.000000
-11.31,-20.85,0.000000
-10.80,-20.85,0.000000
-10.30,-20.85,0.000000
-9.80,-20.85,0.000000
-9.30,-20.85,0.000000
-8.79,-20.85,0.000000
-8.29,-20.85,0.000000
-7.79,-20.85,0.000000
-7.29,-20.85,0.000000
-6.78,-20.85,0.000000
-6.28,-20.85,0.000000
-5.78,-20.85,0.000000
-5.28,-20.85,0.000000
-4.77,-20.85,0.000000
-4.27,-20.85,0.000000
-3.77,-20.85,0.000000
-3.27,-20.85,0.000000
-2.76,-20.85,0.000000
-2.26,-20.85,0.000000
-1.76,-20.85,0.000000
-1.26,-20.85,0.000000
-0.75,-20.85,0.000000
-0.25,-20.85,0.000000
0.25,-20.85,0.003183
0.75,-20.85,0.009545
1.26,-20.85,0.015889
1.76,-20.85,0.022206
2.26,-20.85,0.028485
2.76,-20.85,0.034716
3.27,-20.85,0.040888
3.77,-20.85,0.046993
4.27,-20.85,0.053021
4.77,-20.85,0.058963
5.28,-20.85,0.064813
5.78,-20.85,0.070564
6.28,-20.85,0.076208
6.78,-20.85,0.081741
7.29,-20.85,0.087158
7.79,-20.85,0.092454
8.29,-20.85,0.097626
8.79,-20.85,0.102671
9.30,-20.85,0.107587
9.80,-20.85,0.112373
10.30,-20.85,0.117028
10.80,-20.85,0.121551
11.31,-20.85,0.125943
11.81,-20.85,0.130203
12.31,-20.85,0.134334
12.81,-20.85,0.138336
13.32,-20.85,0.142211
13.82,-20.85,0.145961
14.32,-20.85,0.149588
14.82,-20.85,0.153095
15.33,-20.85,0.156484
15.83,-20.85,0.159758
16.33,-20.85,0.162920
16.83,-20.85,0.165974
17.34,-20.85,0.168921
17.84,-20.85,0.171765
18.34,-20.85,0.174510
18.84,-20.85,0.177158
19.35,-20.85,0.179712
19.85,-20.85,0.182176
20.35,-20.85,0.184553
20.85,-20.85,0.186845
21.36,-20.85,0.189056
21.86,-20.85,0.191189
22.36,-20.85,0.193246
22.86,-20.85,0.195230
23.37,-20.85,0.197144
23.87,-20.85,0.198990
24.37,-20.85,0.200771
24.87,-20.85,0.202490
25.38,-20.85,0.204149
25.88,-20.85,0.205750
26.38,-20.85,0.207296
26.88,-20.85,0.208788
27.39,-20.85,0.210228
27.89,-20.85,0.211620
28.39,-20.85,0.212964
28.89,-20.85,0.214262
29.40,-20.85,0.215517
29.90,-20.85,0.216730
30.40,-20.85,0.217902
30.90,-20.85,0.219035
31.41,-20.85,0.220131
31.91,-20.85,0.221191
32.41,-20.85,0.222216
32.91,-20.85,0.223209
33.42,-20.85,0.224169
33.92,-20.85,0.225099
34.42,-20.85,0.225999
34.92,-20.85,0.226871
35.43,-20.85,0.227715
35.93,-20.85,0.228533
36.43,-20.85,0.229326
36.93,-20.85,0.230095
37.44,-20.85,0.230840
37.94,-20.85,0.231563
38.44,-20.85,0.232264
38.94,-20.85,0.232944
39.45,-20.85,0.233604
39.95,-20.85,0.234244
40.45,-20.85,0.234866
40.95,-20.85,0.235470
41.46,-20.85,0.236056
41.96,-20.85,0.236625
42.46,-20.85,0.237179
42.96,-20.85,0.237716
43.47,-20.85,0.238239
43.97,-20.85,0.238747
44.47,-20.85,0.239241
44.97,-20.85,0.239722
45.48,-20.85,0.240190
45.98,-20.85,0.240644
46.48,-20.85,0.241087
46.98,-20.85,0.241518
47.49,-20.85,0.241937
47.99,-20.85,0.242346
48.49,-20.85,0.242744
48.99,-20.85,0.243131
49.50,-20.85,0.243509
50.00,-20.85,0.243877
-50.00,-20.35,0.000000
-49.50,-20.35,0.000000
-48.99,-20.35,0.000000
-48.49,-20.35,0.000000
-47.99,-20.35,0.000000
-47.49,-20.35,0.000000
-46.98,-20.35,0.000000
-46.48,-20.35,0.000000
-45.98,-20.35,0.000000
-45.48,-20.35,0.000000
-44.97,-20.35,0.000000
-44.47,-20.35,0.000000
-43.97,-20.35,0.000000
-43.47,-20.35,0.000000
-42.96,-20.35,0.000000
-42.46,-20.35,0.000000
-41.96,-20.35,0.000000
-41.46,-20.35,0.000000
-40.95,-20.35,0.000000
-40.45,-20.35,0.000000
-39.95,-20.35,0.000000
-39.45,-20.35,0.000000
-38.94,-20.35,0.000000
-38.44,-20.35,0.000000
-37.94,-20.35,0.000000
-37.44,-20.35,0.000000
-36.93,-20.35,0.000000
-36.43,-20.35,0.000000
-35.93,-20.35,0.000000
-35.43,-20.35,0.000000
-34.92,-20.35,0.000000
-34.42,-20.35,0.000000
-33.92,-20.35,0.000000
-33.42,-20.35,0.000000
-32.91,-20.35,0.000000
-32.41,-20.35,0.000000
-31.91,-20.35,0.000000
-31.41,-20.35,0.000000
-30.90,-20.35,0.000000
-30.40,-20.35,0.000000
-29.90,-20.35,0.000000
-29.40,-20.35,0.000000
-28.89,-20.35,0.000000
-28.39,-20.35,0.000000
-27.89,-20.35,0.000000
-27.39,-20.35,0.000000
-26.88,-20.35,0.000000
-26.38,-20.35,0.000000
-25.88,-20.35,0.000000
-25.38,-20.35,0.000000
-24.87,-20.35,0.000000
-24.37,-20.35,0.000000
-23.87,-20.35,0.000000
-23.37,-20.35,0.000000
-22.86,-20.35,0.000000
-22.36,-20.35,0.000000
-21.86,-20.35,0.000000
-21.36,-20.35,0.000000
-20.85,-20.35,0.000000
-20.35,-20.35,0.000000
-19.85,-20.35,0.000000
-19.35,-20.35,0.000000
-18.84,-20.35,0.000000
-18.34,-20.35,0.000000
-17.84,-20.35,0.000000
-17.34,-20.35,0.000000
-16.83,-20.35,0.000000
-16.33,-20.35,0.000000
-15.83,-20.35,0.000000
-15.33,-20.35,0.000000
-14.82,-20.35,0.000000
-14.32,-20.35,0.000000
-13.82,-20.35,0.000000
-13.32,-20.35,0.000000
-12.81,-20.35,0.000000
-12.31,-20.35,0.000000
-11.81,-20.35,0.000000
-11.31,-20.35,0.000000
-10.80,-20.35,0.000000
-10.30,-20.35,0.000000
-9.80,-20.35,0.000000
-9.30,-20.35,0.000000
-8.79,-20.35,0.000000
-8.29,-20.35,0.000000
-7.79,-20.35,0.000000
-7.29,-20.35,0.000000
-6.78,-20.35,0.000000
-6.28,-20.35,0.000000
-5.78,-20.35,0.000000
-5.28,-20.35,0.000000
-4.77,-20.35,0.000000
-4.27,-20.35,0.000000
-3.77,-20.35,0.000000
-3.27,-20.35,0.000000
-2.76,-20.35,0.000000
-2.26,-20.35,0.000000
-1.76,-20.35,0.000000
-1.26,-20.35,0.000000
-0.75,-20.35,0.000000
-0.25,-20.35,0.000000
0.25,-20.35,0.003262
0.75,-20.35,0.009780
1.26,-20.35,0.016280
1.76,-20.35,0.022751
2.26,-20.35,0.029180
2.76,-20.35,0.035558
3.27,-20.35,0.041873
3.77,-20.35,0.048115
4.27,-20.35,0.054275
4.77,-20.35,0.060344
5.28,-20.35,0.066314
5.78,-20.35,0.072178
6.28,-20.35,0.077928
6.78,-20.35,0.083560
7.29,-20.35,0.089068
7.79,-20.35,0.094448
8.29,-20.35,0.099697
8.79,-20.35,0.104811
9.30,-20.35,0.109790
9.80,-20.35,0.114631
10.30,-20.35,0.119334
10.80,-20.35,0.123899
11.31,-20.35,0.128326
11.81,-20.35,0.132616
12.31,-20.35,0.136770
12.81,-20.35,0.140790
13.32,-20.35,0.144678
13.82,-20.35,0.148437
14.32,-20.35,0.152068
14.82,-20.35,0.155575
15.33,-20.35,0.158960
15.83,-20.35,0.162227
16.33,-20.35,0.165379
16.83,-20.35,0.168419
17.34,-20.35,0.171350
17.84,-20.35,0.174176
18.34,-20.35,0.176900
18.84,-20.35,0.179526
19.35,-20.35,0.182057
19.85,-20.35,0.184495
20.35,-20.35,0.186845
20.85,-20.35,0.189110
21.36,-20.35,0.191292
21.86,-20.35,0.193395
22.36,-20.35,0.195422
22.86,-20.35,0.197375
23.37,-20.35,0.199258
23.87,-20.35,0.201073
24.37,-20.35,0.202823
24.87,-20.35,0.204510
25.38,-20.35,0.206137
25.88,-20.35,0.207706
26.38,-20.35,0.209220
26.88,-20.35,0.210680
27.39,-20.35,0.212090
27.89,-20.35,0.213450
28.39,-20.35,0.214763
28.89,-20.35,0.216031
29.40,-20.35,0.217255
29.90,-20.35,0.218438
30.40,-20.35,0.219581
30.90,-20.35,0.220685
31.41,-20.35,0.221752
31.91,-20.35,0.222784
32.41,-20.35,0.223781
32.91,-20.35,0.224746
33.42,-20.35,0.225680
33.92,-20.35,0.226583
34.42,-20.35,0.227457
34.92,-20.35,0.228304
35.43,-20.35,0.229123
35.93,-20.35,0.229917
36.43,-20.35,0.230686
36.93,-20.35,0.231431
37.44,-20.35,0.232153
37.94,-20.35,0.232853
38.44,-20.35,0.233531
38.94,-20.35,0.234190
39.45,-20.35,0.234828
39.95,-20.35,0.235447
40.45,-20.35,0.236049
40.95,-20.35,0.236632
41.46,-20.35,0.237199
41.96,-20.35,0.237749
42.46,-20.35,0.238284
42.96,-20.35,0.238803
43.47,-20.35,0.239307
43.97,-20.35,0.239798
44.47,-20.35,0.240275
44.97,-20.35,0.240738
45.48,-20.35,0.241189
45.98,-20.35,0.241628
46.48,-20.35,0.242055
46.98,-20.35,0.242470
47.49,-20.35,0.242874
47.99,-20.35,0.243268
48.49,-20.35,0.243651
48.99,-20.35,0.244024
49.50,-20.35,0.244387
50.00,-20.35,0.244742
-50.00,-19.85,0.000000
-49.50,-19.85,0.000000
-48.99,-19.85,0.000000
-48.49,-19.85,0.000000
-47.99,-19.85,0.000000
-47.49,-19.85,0.000000
-46.98,-19.85,0.000000
-46.48,-19.85,0.000000
-45.98,-19.85,0.000000
-45.48,-19.85,0.000000
-44.97,-19.85,0.000000
-44.47,-19.85,0.000000
-43.97,-19.85,0.000000
-43.47,-19.85,0.000000
-42.96,-19.85,0.000000
-42.46,-19.85,0.000000
-41.96,-19.85,0.000000
-41.46,-19.85,0.000000
-40.95,-19.85,0.000000
-40.45,-19.85,0.000000
-39.95,-19.85,0.000000
-39.45,-19.85,0.000000
-38.94,-19.85,0.000000
-38.44,-19.85,0.000000
-37.94,-19.85,0.000000
-37.44,-19.85,0.000000
-36.93,-19.85,0.000000
-36.43,-19.85,0.000000
-35.93,-19.85,0.000000
-35.43,-19.85,0.000000
-34.92,-19.85,0.000000
-34.42,-19.85,0.000000
-33.92,-19.85,0.000000
-33.42,-19.85,0.000000
-32.91,-19.85,0.000000
-32.41,-19.85,0.000000
-31.91,-19.85,0.000000
-31.41,-19.85,0.000000
-30.90,-19.85,0.000000
-30.40,-19.85,0.000000
-29.90,-19.85,0.000000
-29.40,-19.85,0.000000
-28.89,-19.85,0.000000
-28.39,-19.85,0.000000
-27.89,-19.85,0.000000
-27.39,-19.85,0.000000
-26.88,-19.85,0.000000
-26.38,-19.85,0.000000
-25.88,-19.85,0.000000
-25.38,-19.85,0.000000
-24.87,-19.85,0.000000
-24.37,-19.85,0.000000
-23.87,-19.85,0.000000
-23.37,-19.85,0.000000
-22.86,-19.85,0.000000
-22.36,-19.85,0.000000
-21.86,-19.85,0.000000
-21.36,-19.85,0.000000
-20.85,-19.85,0.000000
-20.35,-19.85,0.000000
-19.85,-19.85,0.000000
-19.35,-19.85,0.000000
-18.84,-19.85,0.000000
-18.34,-19.85,0.000000
-17.84,-19.85,0.000000
-17.34,-19.85,0.000000
-16.83,-19.85,0.000000
-16.33,-19.85,0.000000
-15.83,-19.85,0.000000
-15.33,-19.85,0.000000
-14.82,-19.85,0.000000
-14.32,-19.85,0.000000
-13.82,-19.85,0.000000
-13.32,-19.85,0.000000
-12.81,-19.85,0.000000
-12.31,-19.85,0.000000
-11.81,-19.85,0.000000
-11.31,-19.85,0.000000
-10.80,-19.85,0.000000
-10.30,-19.85,0.000000
-9.80,-19.85,0.000000
-9.30,-19.85,0.000000
-8.79,-19.85,0.000000
-8.29,-19.85,0.000000
-7.79,-19.85,0.000000
-7.29,-19.85,0.000000
-6.78,-19.85,0.000000
-6.28,-19.85,0.000000
-5.78,-19.85,0.000000
-5.28,-19.85,0.000000
-4.77,-19.85,0.000000
-4.27,-19.85,0.000000
-3.77,-19.85,0.000000
-3.27,-19.85,0.000000
-2.76,-19.85,0.000000
-2.26,-19.85,0.000000
-1.76,-19.85,0.000000
-1.26,-19.85,0.000000
-0.75,-19.85,0.000000
-0.25,-19.85,0.000000
0.25,-19.85,0.003345
0.75,-19.85,0.010027
1.26,-19.85,0.016691
1.76,-19.85,0.023322
2.26,-19.85,0.029910
2.76,-19.85,0.036441
3.27,-19.85,0.042905
3.77,-19.85,0.049291
4.27,-19.85,0.055589
4.77,-19.85,0.061789
5.28,-19.85,0.067883
5.78,-19.85,0.073864
6.28,-19.85,0.079723
6.78,-19.85,0.085456
7.29,-19.85,0.091058
7.79,-19.85,0.096523
8.29,-19.85,0.101850
8.79,-19.85,0.107034
9.30,-19.85,0.112074
9.80,-19.85,0.116970
10.30,-19.85,0.121720
10.80,-19.85,0.126326
11.31,-19.85,0.130786
11.81,-19.85,0.135104
12.31,-19.85,0.139279
12.81,-19.85,0.143315
13.32,-19.85,0.147214
13.82,-19.85,0.150978
14.32,-19.85,0.154610
14.82,-19.85,0.158114
15.33,-19.85,0.161493
15.83,-19.85,0.164750
16.33,-19.85,0.167888
16.83,-19.85,0.170912
17.34,-19.85,0.173824
17.84,-19.85,0.176629
18.34,-19.85,0.179330
18.84,-19.85,0.181931
19.35,-19.85,0.184435
19.85,-19.85,0.186845
20.35,-19.85,0.189166
20.85,-19.85,0.191400
21.36,-19.85,0.193552
21.86,-19.85,0.195623
22.36,-19.85,0.197617
22.86,-19.85,0.199538
23.37,-19.85,0.201388
23.87,-19.85,0.203169
24.37,-19.85,0.204886
24.87,-19.85,0.206539
25.38,-19.85,0.208133
25.88,-19.85,0.209669
26.38,-19.85,0.211150
26.88,-19.85,0.212577
27.39,-19.85,0.213954
27.89,-19.85,0.215282
28.39,-19.85,0.216563
28.89,-19.85,0.217799
29.40,-19.85,0.218993
29.90,-19.85,0.220144
30.40,-19.85,0.221257
30.90,-19.85,0.222331
31.41,-19.85,0.223369
31.91,-19.85,0.224372
32.41,-19.85,0.225341
32.91,-19.85,0.226278
33.42,-19.85,0.227184
33.92,-19.85,0.228060
34.42,-19.85,0.228908
34.92,-19.85,0.229728
35.43,-19.85,0.230522
35.93,-19.85,0.231291
36.43,-19.85,0.232035
36.93,-19.85,0.232757
37.44,-19.85,0.233455
37.94,-19.85,0.234132
38.44,-19.85,0.234788
38.94,-19.85,0.235424
39.45,-19.85,0.236041
39.95,-19.85,0.236640
40.45,-19.85,0.237220
40.95,-19.85,0.237783
41.46,-19.85,0.238330
41.96,-19.85,0.238861
42.46,-19.85,0.239377
42.96,-19.85,0.239877
43.47,-19.85,0.240364
43.97,-19.85,0.240836
44.47,-19.85,0.241296
44.97,-19.85,0.241742
45.48,-19.85,0.242177
45.98,-19.85,0.242599
46.48,-19.85,0.243010
46.98,-19.85,0.243409
47.49,-19.85,0.243798
47.99,-19.85,0.244177
48.49,-19.85,0.244546
48.99,-19.85,0.244904
49.50,-19.85,0.245254
50.00,-19.85,0.245594
-50.00,-19.35,0.000000
-49.50,-19.35,0.000000
-48.99,-19.35,0.000000
-48.49,-19.35,0.000000
-47.99,-19.35,0.000000
-47.49,-19.35,0.000000
-46.98,-19.35,0.000000
-46.48,-19.35,0.000000
-45.98,-19.35,0.000000
-45.48,-19.35,0.000000
-44.97,-19.35,0.000000
-44.47,-19.35,0.000000
-43.97,-19.35,0.000000
-43.47,-19.35,0.000000
-42.96,-19.35,0.000000
-42.46,-19.35,0.000000
-41.96,-19.35,0.000000
-41.46,-19.35,0.000000
-40.95,-19.35,0.000000
-40.45,-19.35,0.000000
-39.95,-19.35,0.000000
-39.45,-19.35,0.000000
-38.94,-19.35,0.000000
-38.44,-19.35,0.000000
-37.94,-19.35,0.000000
-37.44,-19.35,0.000000
-36.93,-19.35,0.000000
-36.43,-19.35,0.000000
-35.93,-19.35,0.000000
-35.43,-19.35,0.000000
-34.92,-19.35,0.000000
-34.42,-19.35,0.000000
-33.92,-19.35,0.000000
-33.42,-19.35,0.000000
-32.91,-19.35,0.000000
-32.41,-19.35,0.000000
-31.91,-19.35,0.000000
-31.41,-19.35,0.000000
-30.90,-19.35,0.000000
-30.40,-19.35,0.000000
-29.90,-19.35,0.000000
-29.40,-19.35,0.000000
-28.89,-19.35,0.000000
-28.39,-19.35,0.000000
-27.89,-19.35,0.000000
-27.39,-19.35,0.000000
-26.88,-19.35,0.000000
-26.38,-19.35,0.000000
-25.88,-19.35,0.000000
-25.38,-19.35,0.000000
-24.87,-19.35,0.000000
-24.37,-19.35,0.000000
-23.87,-19.35,0.000000
-23.37,-19.35,0.000000
-22.86,-19.35,0.000000
-22.36,-19.35,0.000000
-21.86,-19.35,0.000000
-21.36,-19.35,0.000000
-20.85,-19.35,0.000000
-20.35,-19.35,0.000000
-19.85,-19.35,0.000000
-19.35,-19.35,0.000000
-18.84,-19.35,0.000000
-18.34,-19.35,0.000000
-17.84,-19.35,0.000000
-17.34,-19.35,0.000000
-16.83,-19.35,0.000000
-16.33,-19.35,0.000000
-15.83,-19.35,0.000000
-15.33,-19.35,0.000000
-14.82,-19.35,0.000000
-14.32,-19.35,0.000000
-13.82,-19.35,0.000000
-13.32,-19.35,0.000000
-12.81,-19.35,0.000000
-12.31,-19.35,0.000000
-11.81,-19.35,0.000000
-11.31,-19.35,0.000000
-10.80,-19.35,0.000000
-10.30,-19.35,0.000000
-9.80,-19.35,0.000000
-9.30,-19.35,0.000000
-8.79,-19.35,0.000000
-8.29,-19.35,0.000000
-7.79,-19.35,0.000000
-7.29,-19.35,0.000000
-6.78,-19.35,0.000000
-6.28,-19.35,0.000000
-5.78,-19.35,0.000000
-5.28,-19.35,0.000000
-4.77,-19.35,0.000000
-4.27,-19.35,0.000000
-3.77,-19.35,0.000000
-3.27,-19.35,0.000000
-2.76,-19.35,0.000000
-2.26,-19.35,0.000000
-1.76,-19.35,0.000000
-1.26,-19.35,0.000000
-0.75,-19.35,0.000000
-0.25,-19.35,0.000000
0.25,-19.35,0.003431
0.75,-19.35,0.010287
1.26,-19.35,0.017122
1.76,-19.35,0.023923
2.26,-19.35,0.030676
2.76,-19.35,0.037369
3.27,-19.35,0.043989
3.77,-19.35,0.050525
4.27,-19.35,0.056967
4.77,-19.35,0.063303
5.28,-19.35,0.069526
5.78,-19.35,0.075627
6.28,-19.35,0.081599
6.78,-19.35,0.087436
7.29,-19.35,0.093132
7.79,-19.35,0.098685
8.29,-19.35,0.104089
8.79,-19.35,0.109343
9.30,-19.35,0.114445
9.80,-19.35,0.119394
10.30,-19.35,0.124191
10.80,-19.35,0.128834
11.31,-19.35,0.133327
11.81,-19.35,0.137669
12.31,-19.35,0.141864
12.81,-19.35,0.145913
13.32,-19.35,0.149819
13.82,-19.35,0.153586
14.32,-19.35,0.157216
14.82,-19.35,0.160714
15.33,-19.35,0.164083
15.83,-19.35,0.167326
16.33,-19.35,0.170448
16.83,-19.35,0.173452
17.34,-19.35,0.176343
17.84,-19.35,0.179123
18.34,-19.35,0.181798
18.84,-19.35,0.184371
19.35,-19.35,0.186845
19.85,-19.35,0.189225
20.35,-19.35,0.191514
20.85,-19.35,0.193716
21.36,-19.35,0.195834
21.86,-19.35,0.197871
22.36,-19.35,0.199831
22.86,-19.35,0.201717
23.37,-19.35,0.203531
23.87,-19.35,0.205278
24.37,-19.35,0.206959
24.87,-19.35,0.208578
25.38,-19.35,0.210136
25.88,-19.35,0.211638
26.38,-19.35,0.213084
26.88,-19.35,0.214477
27.39,-19.35,0.215820
27.89,-19.35,0.217114
28.39,-19.35,0.218362
28.89,-19.35,0.219566
29.40,-19.35,0.220727
29.90,-19.35,0.221847
30.40,-19.35,0.222928
30.90,-19.35,0.223972
31.41,-19.35,0.224980
31.91,-19.35,0.225953
32.41,-19.35,0.226893
32.91,-19.35,0.227801
33.42,-19.35,0.228679
33.92,-19.35,0.229528
34.42,-19.35,0.230349
34.92,-19.35,0.231143
35.43,-19.35,0.231911
35.93,-19.35,0.232655
36.43,-19.35,0.233375
36.93,-19.35,0.234071
37.44,-19.35,0.234746
37.94,-19.35,0.235400
38.44,-19.35,0.236033
38.94,-19.35,0.236647
39.45,-19.35,0.237242
39.95,-19.35,0.237819
40.45,-19.35,0.238379
40.95,-19.35,0.238922
41.46,-19.35,0.239449
41.96,-19.35,0.239960
42.46,-19.35,0.240457
42.96,-19.35,0.240939
43.47,-19.35,0.241407
43.97,-19.35,0.241862
44.47,-19.35,0.242304
44.97,-19.35,0.242734
45.48,-19.35,0.243151
45.98,-19.35,0.243557
46.48,-19.35,0.243952
46.98,-19.35,0.244336
47.49,-19.35,0.244710
47.99,-19.35,0.245073
48.49,-19.35,0.245427
48.99,-19.35,0.245772
49.50,-19.35,0.246108
50.00,-19.35,0.246434
-50.00,-18.84,0.000000
-49.50,-18.84,0.000000
-48.99,-18.84,0.000000
-48.49,-18.84,0.000000
-47.99,-18.84,0.000000
-47.49,-18.84,0.000000
-46.98,-18.84,0.000000
-46.48,-18.84,0.000000
-45.98,-18.84,0.000000
-45.48,-18.84,0.000000
-44.97,-18.84,0.000000
-44.47,-18.84,0.000000
-43.97,-18.84,0.000000
-43.47,-18.84,0.000000
-42.96,-18.84,0.000000
-42.46,-18.84,0.000000
-41.96,-18.84,0.000000
-41.46,-18.84,0.000000
-40.95,-18.84,0.000000
-40.45,-18.84,0.000000
-39.95,-18.84,0.000000
-39.45,-18.84,0.000000
-38.94,-18.84,0.000000
-38.44,-18.84,0.000000
-37.94,-18.84,0.000000
-37.44,-18.84,0.000000
-36.93,-18.84,0.000000
-36.43,-18.84,0.000000
-35.93,-18.84,0.000000
-35.43,-18.84,0.000000
-34.92,-18.84,0.000000
-34.42,-18.84,0.000000
-33.92,-18.84,0.000000
-33.42,-18.84,0.000000
-32.91,-18.84,0.000000
-32.41,-18.84,0.000000
-31.91,-18.84,0.000000
-31.41,-18.84,0.000000
-30.90,-18.84,0.000000
-30.40,-18.84,0.000000
-29.90,-18.84,0.000000
-29.40,-18.84,0.000000
-28.89,-18.84,0.000000
-28.39,-18.84,0.000000
-27.89,-18.84,0.000000
-27.39,-18.84,0.000000
-26.88,-18.84,0.000000
-26.38,-18.84,0.000000
-25.88,-18.84,0.000000
-25.38,-18.84,0.000000
-24.87,-18.84,0.000000
-24.37,-18.84,0.000000
-23.87,-18.84,0.000000
-23.37,-18.84,0.000000
-22.86,-18.84,0.000000
-22.36,-18.84,0.000000
-21.86,-18.84,0.000000
-21.36,-18.84,0.000000
-20.85,-18.84,0.000000
-20.35,-18.84,0.000000
-19.85,-18.84,0.000000
-19.35,-18.84,0.000000
-18.84,-18.84,0.000000
-18.34,-18.84,0.000000
-17.84,-18.84,0.000000
-17.34,-18.84,0.000000
-16.83,-18.84,0.000000
-16.33,-18.84,0.000000
-15.83,-18.84,0.000000
-15.33,-18.84,0.000000
-14.82,-18.84,0.000000
-14.32,-18.84,0.000000
-13.82,-18.84,0.000000
-13.32,-18.84,0.000000
-12.81,-18.84,0.000000
-12.31,-18.84,0.000000
-11.81,-18.84,0.000000
-11.31,-18.84,0.000000
-10.80,-18.84,0.000000
-10.30,-18.84,0.000000
-9.80,-18.84,0.000000
-9.30,-18.84,0.000000
-8.79,-18.84,0.000000
-8.29,-18.84,0.000000
-7.79,-18.84,0.000000
-7.29,-18.84,0.000000
-6.78,-18.84,0.000000
-6.28,-18.84,0.000000
-5.78,-18.84,0.000000
-5.28,-18.84,0.000000
-4.77,-18.84,0.000000
-4.27,-18.84,0.000000
-3.77,-18.84,0.000000
-3.27,-18.84,0.000000
-2.76,-18.84,0.000000
-2.26,-18.84,0.000000
-1.76,-18.84,0.000000
-1.26,-18.84,0.000000
-0.75,-18.84,0.000000
-0.25,-18.84,0.000000
0.25,-18.84,0.003523
0.75,-18.84,0.010561
1.26,-18.84,0.017577
1.76,-18.84,0.024556
2.26,-18.84,0.031483
2.76,-18.84,0.038345
3.27,-18.84,0.045129
3.77,-18.84,0.051822
4.27,-18.84,0.058412
4.77,-18.84,0.064891
5.28,-18.84,0.071247
5.78,-18.84,0.077472
6.28,-18.84,0.083560
6.78,-18.84,0.089503
7.29,-18.84,0.095297
7.79,-18.84,0.100936
8.29,-18.84,0.106419
8.79,-18.84,0.111743
9.30,-18.84,0.116906
9.80,-18.84,0.121907
10.30,-18.84,0.126748
10.80,-18.84,0.131428
11.31,-18.84,0.135950
11.81,-18.84,0.140315
12.31,-18.84,0.144525
12.81,-18.84,0.148584
13.32,-18.84,0.152495
13.82,-18.84,0.156261
14.32,-18.84,0.159887
14.82,-18.84,0.163375
15.33,-18.84,0.166730
15.83,-18.84,0.169957
16.33,-18.84,0.173058
16.83,-18.84,0.176040
17.34,-18.84,0.178905
17.84,-18.84,0.181658
18.34,-18.84,0.184304
18.84,-18.84,0.186845
19.35,-18.84,0.189287
19.85,-18.84,0.191634
20.35,-18.84,0.193888
20.85,-18.84,0.196055
21.36,-18.84,0.198136
21.86,-18.84,0.200137
22.36,-18.84,0.202061
22.86,-18.84,0.203909
23.37,-18.84,0.205687
23.87,-18.84,0.207397
24.37,-18.84,0.209041
24.87,-18.84,0.210623
25.38,-18.84,0.212145
25.88,-18.84,0.213610
26.38,-18.84,0.215020
26.88,-18.84,0.216378
27.39,-18.84,0.217686
27.89,-18.84,0.218946
28.39,-18.84,0.220160
28.89,-18.84,0.221329
29.40,-18.84,0.222457
29.90,-18.84,0.223545
30.40,-18.84,0.224594
30.90,-18.84,0.225606
31.41,-18.84,0.226583
31.91,-18.84,0.227526
32.41,-18.84,0.228437
32.91,-18.84,0.229316
33.42,-18.84,0.230166
33.92,-18.84,0.230987
34.42,-18.84,0.231780
34.92,-18.84,0.232547
35.43,-18.84,0.233289
35.93,-18.84,0.234007
36.43,-18.84,0.234702
36.93,-18.84,0.235374
37.44,-18.84,0.236025
37.94,-18.84,0.236655
38.44,-18.84,0.237266
38.94,-18.84,0.237857
39.45,-18.84,0.238431
39.95,-18.84,0.238986
40.45,-18.84,0.239525
40.95,-18.84,0.240048
41.46,-18.84,0.240554
41.96,-18.84,0.241046
42.46,-18.84,0.241524
42.96,-18.84,0.241987
43.47,-18.84,0.242437
43.97,-18.84,0.242874
44.47,-18.84,0.243299
44.97,-18.84,0.243711
45.48,-18.84,0.244112
45.98,-18.84,0.244502
46.48,-18.84,0.244881
46.98,-18.84,0.245249
47.49,-18.84,0.245608
47.99,-18.84,0.245957
48.49,-18.84,0.246296
48.99,-18.84,0.246626
49.50,-18.84,0.246948
50.00,-18.84,0.247261
-50.00,-18.34,0.000000
-49.50,-18.34,0.000000
-48.99,-18.34,0.000000
-48.49,-18.34,0.000000
-47.99,-18.34,0.000000
-47.49,-18.34,0.000000
-46.98,-18.34,0.000000
-46.48,-18.34,0.000000
-45.98,-18.34,0.000000
-45.48,-18.34,0.000000
-44.97,-18.34,0.000000
-44.47,-18.34,0.000000
-43.97,-18.34,0.000000
-43.47,-18.34,0.000000
-42.96,-18.34,0.000000
-42.46,-18.34,0.000000
-41.96,-18.34,0.000000
-41.46,-18.34,0.000000
-40.95,-18.34,0.000000
-40.45,-18.34,0.000000
-39.95,-18.34,0.000000
-39.45,-18.34,0.000000
-38.94,-18.34,0.000000
-38.44,-18.34,0.000000
-37.94,-18.34,0.000000
-37.44,-18.34,0.000000
-36.93,-18.34,0.000000
-36.43,-18.34,0.000000
-35.93,-18.34,0.000000
-35.43,-18.34,0.000000
-34.92,-18.34,0.000000
-34.42,-18.34,0.000000
-33.92,-18.34,0.000000
-33.42,-18.34,0.000000
-32.91,-18.34,0.000000
-32.41,-18.34,0.000000
-31.91,-18.34,0.000000
-31.41,-18.34,0.000000
-30.90,-18.34,0.000000
-30.40,-18.34,0.000000
-29.90,-18.34,0.000000
-29.40,-18.34,0.000000
-28.89,-18.34,0.000000
-28.39,-18.34,0.000000
-27.89,-18.34,0.000000
-27.39,-18.34,0.000000
-26.88,-18.34,0.000000
-26.38,-18.34,0.000000
-25.88,-18.34,0.000000
-25.38,-18.34,0.000000
-24.87,-18.34,0.000000
-24.37,-18.34,0.000000
-23.87,-18.34,0.000000
-23.37,-18.34,0.000000
-22.86,-18.34,0.000000
-22.36,-18.34,0.000000
-21.86,-18.34,0.000000
-21.36,-18.34,0.000000
-20.85,-18.34,0.000000
-20.35,-18.34,0.000000
-19.85,-18.34,0.000000
-19.35,-18.34,0.000000
-18.84,-18.34,0.000000
-18.34,-18.34,0.000000
-17.84,-18.34,0.000000
-17.34,-18.34,0.000000
-16.83,-18.34,0.000000
-16.33,-18.34,0.000000
-15.83,-18.34,0.000000
-15.33,-18.34,0.000000
-14.82,-18.34,0.000000
-14.32,-18.34,0.000000
-13.82,-18.34,0.000000
-13.32,-18.34,0.000000
-12.81,-18.34,0.000000
-12.31,-18.34,0.000000
-11.81,-18.34,0.000000
-11.31,-18.34,0.000000
-10.80,-18.34,0.000000
-10.30,-18.34,0.000000
-9.80,-18.34,0.000000
-9.30,-18.34,0.000000
-8.79,-18.34,0.000000
-8.29,-18.34,0.000000
-7.79,-18.34,0.000000
-7.29,-18.34,0.000000
-6.78,-18.34,0.000000
-6.28,-18.34,0.000000
-5.78,-18.34,0.000000
-5.28,-18.34,0.000000
-4.77,-18.34,0.000000
-4.27,-18.34,0.000000
-3.77,-18.34,0.000000
-3.27,-18.34,0.000000
-2.76,-18.34,0.000000
-2.26,-18.34,0.000000
-1.76,-18.34,0.000000
-1.26,-18.34,0.000000
-0.75,-18.34,0.000000
-0.25,-18.34,0.000000
0.25,-18.34,0.003619
0.75,-18.34,0.010850
1.26,-18.34,0.018056
1.76,-18.34,0.025222
2.26,-18.34,0.032333
2.76,-18.34,0.039372
3.27,-18.34,0.046327
3.77,-18.34,0.053185
4.27,-18.34,0.059932
4.77,-18.34,0.066557
5.28,-18.34,0.073051
5.78,-18.34,0.079405
6.28,-18.34,0.085612
6.78,-18.34,0.091663
7.29,-18.34,0.097556
7.79,-18.34,0.103284
8.29,-18.34,0.108846
8.79,-18.34,0.114238
9.30,-18.34,0.119461
9.80,-18.34,0.124514
10.30,-18.34,0.129396
10.80,-18.34,0.134111
11.31,-18.34,0.138659
11.81,-18.34,0.143043
12.31,-18.34,0.147266
12.81,-18.34,0.151332
13.32,-18.34,0.155244
13.82,-18.34,0.159006
14.32,-18.34,0.162622
14.82,-18.34,0.166097
15.33,-18.34,0.169435
15.83,-18.34,0.172641
16.33,-18.34,0.175719
16.83,-18.34,0.178674
17.34,-18.34,0.181510
17.84,-18.34,0.184232
18.34,-18.34,0.186845
18.84,-18.34,0.189353
19.35,-18.34,0.191760
19.85,-18.34,0.194070
20.35,-18.34,0.196287
20.85,-18.34,0.198415
21.36,-18.34,0.200459
21.86,-18.34,0.202421
22.36,-18.34,0.204305
22.86,-18.34,0.206115
23.37,-18.34,0.207854
23.87,-18.34,0.209524
24.37,-18.34,0.211130
24.87,-18.34,0.212673
25.38,-18.34,0.214157
25.88,-18.34,0.215584
26.38,-18.34,0.216957
26.88,-18.34,0.218278
27.39,-18.34,0.219550
27.89,-18.34,0.220774
28.39,-18.34,0.221953
28.89,-18.34,0.223088
29.40,-18.34,0.224182
29.90,-18.34,0.225236
30.40,-18.34,0.226253
30.90,-18.34,0.227233
31.41,-18.34,0.228178
31.91,-18.34,0.229090
32.41,-18.34,0.229970
32.91,-18.34,0.230820
33.42,-18.34,0.231641
33.92,-18.34,0.232433
34.42,-18.34,0.233199
34.92,-18.34,0.233939
35.43,-18.34,0.234655
35.93,-18.34,0.235347
36.43,-18.34,0.236016
36.93,-18.34,0.236664
37.44,-18.34,0.237290
37.94,-18.34,0.237897
38.44,-18.34,0.238485
38.94,-18.34,0.239054
39.45,-18.34,0.239605
39.95,-18.34,0.240139
40.45,-18.34,0.240657
40.95,-18.34,0.241159
41.46,-18.34,0.241646
41.96,-18.34,0.242118
42.46,-18.34,0.242576
42.96,-18.34,0.243021
43.47,-18.34,0.243453
43.97,-18.34,0.243872
44.47,-18.34,0.244279
44.97,-18.34,0.244674
45.48,-18.34,0.245059
45.98,-18.34,0.245432
46.48,-18.34,0.245795
46.98,-18.34,0.246148
47.49,-18.34,0.246492
47.99,-18.34,0.246826
48.49,-18.34,0.247151
48.99,-18.34,0.247467
49.50,-18.34,0.247775
50.00,-18.34,0.248074
-50.00,-17.84,0.000000
-49.50,-17.84,0.000000
-48.99,-17.84,0.000000
-48.49,-17.84,0.000000
-47.99,-17.84,0.000000
-47.49,-17.84,0.000000
-46.98,-17.84,0.000000
-46.48,-17.84,0.000000
-45.98,-17.84,0.000000
-45.48,-17.84,0.000000
-44.97,-17.84,0.000000
-44.47,-17.84,0.000000
-43.97,-17.84,0.000000
-43.47,-17.84,0.000000
-42.96,-17.84,0.000000
-42.46,-17.84,0.000000
-41.96,-17.84,0.000000
-41.46,-17.84,0.000000
-40.95,-17.84,0.000000
-40.45,-17.84,0.000000
-39.95,-17.84,0.000000
-39.45,-17.84,0.000000
-38.94,-17.84,0.000000
-38.44,-17.84,0.000000
-37.94,-17.84,0.000000
-37.44,-17.84,0.000000
-36.93,-17.84,0.000000
-36.43,-17.84,0.000000
-35.93,-17.84,0.000000
-35.43,-17.84,0.000000
-34.92,-17.84,0.000000
-34.42,-17.84,0.000000
-33.92,-17.84,0.000000
-33.42,-17.84,0.000000
-32.91,-17.84,0.000000
-32.41,-17.84,0.000000
-31.91,-17.84,0.000000
-31.41,-17.84,0.000000
-30.90,-17.84,0.000000
-30.40,-17.84,0.000000
-29.90,-17.84,0.000000
-29.40,-17.84,0.000000
-28.89,-17.84,0.000000
-28.39,-17.84,0.000000
-27.89,-17.84,0.000000
-27.39,-17.84,0.000000
-26.88,-17.84,0.000000
-26.38,-17.84,0.000000
-25.88,-17.84,0.000000
-25.38,-17.84,0.000000
-24.87,-17.84,0.000000
-24.37,-17.84,0.000000
-23.87,-17.84,0.000000
-23.37,-17.84,0.000000
-22.86,-17.84,0.000000
-22.36,-17.84,0.000000
-21.86,-17.84,0.000000
-21.36,-17.84,0.000000
-20.85,-17.84,0.000000
-20.35,-17.84,0.000000
-19.85,-17.84,0.000000
-19.35,-17.84,0.000000
-18.84,-17.84,0.000000
-18.34,-17.84,0.000000
-17.84,-17.84,0.000000
-17.34,-17.84,0.000000
-16.83,-17.84,0.000000
-16.33,-17.84,0.000000
-15.83,-17.84,0.000000
-15.33,-17.84,0.000000
-14.82,-17.84,0.000000
-14.32,-17.84,0.000000
-13.82,-17.84,0.000000
-13.32,-17.84,0.000000
-12.81,-17.84,0.000000
-12.31,-17.84,0.000000
-11.81,-17.84,0.000000
-11.31,-17.84,0.000000
-10.80,-17.84,0.000000
-10.30,-17.84,0.000000
-9.80,-17.84,0.000000
-9.30,-17.84,0.000000
-8.79,-17.84,0.000000
-8.29,-17.84,0.000000
-7.79,-17.84,0.000000
-7.29,-17.84,0.000000
-6.78,-17.84,0.000000
-6.28,-17.84,0.000000
-5.78,-17.84,0.000000
-5.28,-17.84,0.000000
-4.77,-17.84,0.000000
-4.27,-17.84,0.000000
-3.77,-17.84,0.000000
-3.27,-17.84,0.000000
-2.76,-17.84,0.000000
-2.26,-17.84,0.000000
-1.76,-17.84,0.000000
-1.26,-17.84,0.000000
-0.75,-17.84,0.000000
-0.25,-17.84,0.000000
0.25,-17.84,0.003721
0.75,-17.84,0.011155
1.26,-17.84,0.018562
1.76,-17.84,0.025926
2.26,-17.84,0.033229
2.76,-17.84,0.040456
3.27,-17.84,0.047591
3.77,-17.84,0.054620
4.27,-17.84,0.061529
4.77,-17.84,0.068308
5.28,-17.84,0.074946
5.78,-17.84,0.081432
6.28,-17.84,0.087760
6.78,-17.84,0.093923
7.29,-17.84,0.099915
7.79,-17.84,0.105733
8.29,-17.84,0.111373
8.79,-17.84,0.116834
9.30,-17.84,0.122115
9.80,-17.84,0.127217
10.30,-17.84,0.132139
10.80,-17.84,0.136885
11.31,-17.84,0.141456
11.81,-17.84,0.145857
12.31,-17.84,0.150089
12.81,-17.84,0.154157
13.32,-17.84,0.158066
13.82,-17.84,0.161819
14.32,-17.84,0.165423
14.82,-17.84,0.168880
15.33,-17.84,0.172197
15.83,-17.84,0.175378
16.33,-17.84,0.178429
16.83,-17.84,0.181353
17.34,-17.84,0.184157
17.84,-17.84,0.186845
18.34,-17.84,0.189422
18.84,-17.84,0.191892
19.35,-17.84,0.194261
19.85,-17.84,0.196531
20.35,-17.84,0.198708
20.85,-17.84,0.200796
21.36,-17.84,0.202798
21.86,-17.84,0.204719
22.36,-17.84,0.206562
22.86,-17.84,0.208331
23.37,-17.84,0.210029
23.87,-17.84,0.211658
24.37,-17.84,0.213223
24.87,-17.84,0.214727
25.38,-17.84,0.216171
25.88,-17.84,0.217559
26.38,-17.84,0.218893
26.88,-17.84,0.220176
27.39,-17.84,0.221410
27.89,-17.84,0.222597
28.39,-17.84,0.223740
28.89,-17.84,0.224840
29.40,-17.84,0.225899
29.90,-17.84,0.226919
30.40,-17.84,0.227902
30.90,-17.84,0.228849
31.41,-17.84,0.229762
31.91,-17.84,0.230643
32.41,-17.84,0.231493
32.91,-17.84,0.232312
33.42,-17.84,0.233104
33.92,-17.84,0.233868
34.42,-17.84,0.234605
34.92,-17.84,0.235318
35.43,-17.84,0.236007
35.93,-17.84,0.236673
36.43,-17.84,0.237316
36.93,-17.84,0.237939
37.44,-17.84,0.238541
37.94,-17.84,0.239124
38.44,-17.84,0.239689
38.94,-17.84,0.240235
39.45,-17.84,0.240764
39.95,-17.84,0.241277
40.45,-17.84,0.241773
40.95,-17.84,0.242255
41.46,-17.84,0.242722
41.96,-17.84,0.243174
42.46,-17.84,0.243613
42.96,-17.84,0.244040
43.47,-17.84,0.244453
43.97,-17.84,0.244854
44.47,-17.84,0.245244
44.97,-17.84,0.245623
45.48,-17.84,0.245990
45.98,-17.84,0.246348
46.48,-17.84,0.246695
46.98,-17.84,0.247033
47.49,-17.84,0.247361
47.99,-17.84,0.247680
48.49,-17.84,0.247991
48.99,-17.84,0.248293
49.50,-17.84,0.248587
50.00,-17.84,0.248873
-50.00,-17.34,0.000000
-49.50,-17.34,0.000000
-48.99,-17.34,0.000000
-48.49,-17.34,0.000000
-47.99,-17.34,0.000000
-47.49,-17.34,0.000000
-46.98,-17.34,0.000000
-46.48,-17.34,0.000000
-45.98,-17.34,0.000000
-45.48,-17.34,0.000000
-44.97,-17.34,0.000000
-44.47,-17.34,0.000000
-43.97,-17.34,0.000000
-43.47,-17.34,0.000000
-42.96,-17.34,0.000000
-42.46,-17.34,0.000000
-41.96,-17.34,0.000000
-41.46,-17.34,0.000000
-40.95,-17.34,0.000000
-40.45,-17.34,0.000000
-39.95,-17.34,0.000000
-39.45,-17.34,0.000000
-38.94,-17.34,0.000000
-38.44,-17.34,0.000000
-37.94,-17.34,0.000000
-37.44,-17.34,0.000000
-36.93,-17.34,0.000000
-36.43,-17.34,0.000000
-35.93,-17.34,0.000000
-35.43,-17.34,0.000000
-34.92,-17.34,0.000000
-34.42,-17.34,0.000000
-33.92,-17.34,0.000000
-33.42,-17.34,0.000000
-32.91,-17.34,0.000000
-32.41,-17.34,0.000000
-31.91,-17.34,0.000000
-31.41,-17.34,0.000000
-30.90,-17.34,0.000000
-30.40,-17.34,0.000000
-29.90,-17.34,0.000000
-29.40,-17.34,0.000000
-28.89,-17.34,0.000000
-28.39,-17.34,0.000000
-27.89,-17.34,0.000000
-27.39,-17.34,0.000000
-26.88,-17.34,0.000000
-26.38,-17.34,0.000000
-25.88,-17.34,0.000000
-25.38,-17.34,0.000000
-24.87,-17.34,0.000000
-24.37,-17.34,0.000000
-23.87,-17.34,0.000000
-23.37,-17.34,0.000000
-22.86,-17.34,0.000000
-22.36,-17.34,0.000000
-21.86,-17.34,0.000000
-21.36,-17.34,0.000000
-20.85,-17.34,0.000000
-20.35,-17.34,0.000000
-19.85,-17.34,0.000000
-19.35,-17.34,0.000000
-18.84,-17.34,0.000000
-18.34,-17.34,0.000000
-17.84,-17.34,0.000000
-17.34,-17.34,0.000000
-16.83,-17.34,0.000000
-16.33,-17.34,0.000000
-15.83,-17.34,0.000000
-15.33,-17.34,0.000000
-14.82,-17.34,0.000000
-14.32,-17.34,0.000000
-13.82,-17.34,0.000000
-13.32,-17.34,0.000000
-12.81,-17.34,0.000000
-12.31,-17.34,0.000000
-11.81,-17.34,0.000000
-11.31,-17.34,0.000000
-10.80,-17.34,0.000000
-10.30,-17.34,0.000000
-9.80,-17.34,0.000000
-9.30,-17.34,0.000000
-8.79,-17.34,0.000000
-8.29,-17.34,0.000000
-7.79,-17.34,0.000000
-7.29,-17.34,0.000000
-6.78,-17.34,0.000000
-6.28,-17.34,0.000000
-5.78,-17.34,0.000000
-5.28,-17.34,0.000000
-4.77,-17.34,0.000000
-4.27,-17.34,0.000000
-3.77,-17.34,0.000000
-3.27,-17.34,0.000000
-2.76,-17.34,0.000000
-2.26,-17.34,0.000000
-1.76,-17.34,0.000000
-1.26,-17.34,0.000000
-0.75,-17.34,0.000000
-0.25,-17.34,0.000000
0.25,-17.34,0.003829
0.75,-17.34,0.011478
1.26,-17.34,0.019098
1.76,-17.34,0.026670
2.26,-17.34,0.034176
2.76,-17.34,0.041600
3.27,-17.34,0.048923
3.77,-17.34,0.056132
4.27,-17.34,0.063212
4.77,-17.34,0.070151
5.28,-17.34,0.076936
5.78,-17.34,0.083560
6.28,-17.34,0.090013
6.78,-17.34,0.096289
7.29,-17.34,0.102382
7.79,-17.34,0.108289
8.29,-17.34,0.114007
8.79,-17.34,0.119535
9.30,-17.34,0.124873
9.80,-17.34,0.130021
10.30,-17.34,0.134980
10.80,-17.34,0.139754
11.31,-17.34,0.144345
11.81,-17.34,0.148757
12.31,-17.34,0.152995
12.81,-17.34,0.157061
13.32,-17.34,0.160963
13.82,-17.34,0.164703
14.32,-17.34,0.168289
14.82,-17.34,0.171725
15.33,-17.34,0.175016
15.83,-17.34,0.178168
16.33,-17.34,0.181187
16.83,-17.34,0.184078
17.34,-17.34,0.186845
17.84,-17.34,0.189495
18.34,-17.34,0.192032
18.84,-17.34,0.194462
19.35,-17.34,0.196788
19.85,-17.34,0.199016
20.35,-17.34,0.201150
20.85,-17.34,0.203195
21.36,-17.34,0.205153
21.86,-17.34,0.207031
22.36,-17.34,0.208830
22.86,-17.34,0.210555
23.37,-17.34,0.212210
23.87,-17.34,0.213797
24.37,-17.34,0.215320
24.87,-17.34,0.216781
25.38,-17.34,0.218184
25.88,-17.34,0.219532
26.38,-17.34,0.220826
26.88,-17.34,0.222070
27.39,-17.34,0.223265
27.89,-17.34,0.224414
28.39,-17.34,0.225520
28.89,-17.34,0.226583
29.40,-17.34,0.227607
29.90,-17.34,0.228592
30.40,-17.34,0.229540
30.90,-17.34,0.230454
31.41,-17.34,0.231335
31.91,-17.34,0.232184
32.41,-17.34,0.233002
32.91,-17.34,0.233791
33.42,-17.34,0.234553
33.92,-17.34,0.235288
34.42,-17.34,0.235997
34.92,-17.34,0.236682
35.43,-17.34,0.237344
35.93,-17.34,0.237983
36.43,-17.34,0.238601
36.93,-17.34,0.239199
37.44,-17.34,0.239777
37.94,-17.34,0.240336
38.44,-17.34,0.240877
38.94,-17.34,0.241400
39.45,-17.34,0.241907
39.95,-17.34,0.242398
40.45,-17.34,0.242874
40.95,-17.34,0.243335
41.46,-17.34,0.243782
41.96,-17.34,0.244215
42.46,-17.34,0.244635
42.96,-17.34,0.245042
43.47,-17.34,0.245438
43.97,-17.34,0.245821
44.47,-17.34,0.246194
44.97,-17.34,0.246555
45.48,-17.34,0.246907
45.98,-17.34,0.247248
46.48,-17.34,0.247579
46.98,-17.34,0.247902
47.49,-17.34,0.248215
47.99,-17.34,0.248520
48.49,-17.34,0.248816
48.99,-17.34,0.249104
49.50,-17.34,0.249385
50.00,-17.34,0.249658
-50.00,-16.83,0.000000
-49.50,-16.83,0.000000
-48.99,-16.83,0.000000
-48.49,-16.83,0.000000
-47.99,-16.83,0.000000
-47.49,-16.83,0.000000
-46.98,-16.83,0.000000
-46.48,-16.83,0.000000
-45.98,-16.83,0.000000
-45.48,-16.83,0.000000
-44.97,-16.83,0.000000
-44.47,-16.83,0.000000
-43.97,-16.83,0.000000
-43.47,-16.83,0.000000
-42.96,-16.83,0.000000
-42.46,-16.83,0.000000
-41.96,-16.83,0.000000
-41.46,-16.83,0.000000
-40.95,-16.83,0.000000
-40.45,-16.83,0.000000
-39.95,-16.83,0.000000
-39.45,-16.83,0.000000
-38.94,-16.83,0.000000
-38.44,-16.83,0.000000
-37.94,-16.83,0.000000
-37.44,-16.83,0.000000
-36.93,-16.83,0.000000
-36.43,-16.83,0.000000
-35.93,-16.83,0.000000
-35.43,-16.83,0.000000
-34.92,-16.83,0.000000
-34.42,-16.83,0.000000
-33.92,-16.83,0.000000
-33.42,-16.83,0.000000
-32.91,-16.83,0.000000
-32.41,-16.83,0.000000
-31.91,-16.83,0.000000
-31.41,-16.83,0.000000
-30.90,-16.83,0.000000
-30.40,-16.83,0.000000
-29.90,-16.83,0.000000
-29.40,-16.83,0.000000
-28.89,-16.83,0.000000
-28.39,-16.83,0.000000
-27.89,-16.83,0.000000
-27.39,-16.83,0.000000
-26.88,-16.83,0.000000
-26.38,-16.83,0.000000
-25.88,-16.83,0.000000
-25.38,-16.83,0.000000
-24.87,-16.83,0.000000
-24.37,-16.83,0.000000
-23.87,-16.83,0.000000
-23.37,-16.83,0.000000
-22.86,-16.83,0.000000
-22.36,-16.83,0.000000
-21.86,-16.83,0.000000
-21.36,-16.83,0.000000
-20.85,-16.83,0.000000
-20.35,-16.83,0.000000
-19.85,-16.83,0.000000
-19.35,-16.83,0.000000
-18.84,-16.83,0.000000
-18.34,-16.83,0.000000
-17.84,-16.83,0.000000
-17.34,-16.83,0.000000
-16.83,-16.83,0.000000
-16.33,-16.83,0.000000
-15.83,-16.83,0.000000
-15.33,-16.83,0.000000
-14.82,-16.83,0.000000
-14.32,-16.83,0.000000
-13.82,-16.83,0.000000
-13.32,-16.83,0.000000
-12.81,-16.83,0.000000
-12.31,-16.83,0.000000
-11.81,-16.83,0.000000
-11.31,-16.83,0.000000
-10.80,-16.83,0.000000
-10.30,-16.83,0.000000
-9.80,-16.83,0.000000
-9.30,-16.83,0.000000
-8.79,-16.83,0.000000
-8.29,-16.83,0.000000
-7.79,-16.83,0.000000
-7.29,-16.83,0.000000
-6.78,-16.83,0.000000
-6.28,-16.83,0.000000
-5.78,-16.83,0.000000
-5.28,-16.83,0.000000
-4.77,-16.83,0.000000
-4.27,-16.83,0.000000
-3.77,-16.83,0.000000
-3.27,-16.83,0.000000
-2.76,-16.83,0.000000
-2.26,-16.83,0.000000
-1.76,-16.83,0.000000
-1.26,-16.83,0.000000
-0.75,-16.83,0.000000
-0.25,-16.83,0.000000
0.25,-16.83,0.003943
0.75,-16.83,0.011820
1.26,-16.83,0.019665
1.76,-16.83,0.027458
2.26,-16.83,0.035179
2.76,-16.83,0.042809
3.27,-16.83,0.050332
3.77,-16.83,0.057729
4.27,-16.83,0.064986
4.77,-16.83,0.072091
5.28,-16.83,0.079030
5.78,-16.83,0.085795
6.28,-16.83,0.092375
6.78,-16.83,0.098766
7.29,-16.83,0.104962
7.79,-16.83,0.110958
8.29,-16.83,0.116754
8.79,-16.83,0.122347
9.30,-16.83,0.127739
9.80,-16.83,0.132930
10.30,-16.83,0.137924
10.80,-16.83,0.142722
11.31,-16.83,0.147328
11.81,-16.83,0.151748
12.31,-16.83,0.155985
12.81,-16.83,0.160046
13.32,-16.83,0.163935
13.82,-16.83,0.167658
14.32,-16.83,0.171221
14.82,-16.83,0.174630
15.33,-16.83,0.177892
15.83,-16.83,0.181011
16.33,-16.83,0.183993
16.83,-16.83,0.186845
17.34,-16.83,0.189573
17.84,-16.83,0.192180
18.34,-16.83,0.194674
18.84,-16.83,0.197059
19.35,-16.83,0.199341
19.85,-16.83,0.201523
20.35,-16.83,0.203611
20.85,-16.83,0.205609
21.36,-16.83,0.207522
21.86,-16.83,0.209353
22.36,-16.83,0.211106
22.86,-16.83,0.212786
23.37,-16.83,0.214395
23.87,-16.83,0.215938
24.37,-16.83,0.217417
24.87,-16.83,0.218835
25.38,-16.83,0.220195
25.88,-16.83,0.221500
26.38,-16.83,0.222753
26.88,-16.83,0.223957
27.39,-16.83,0.225112
27.89,-16.83,0.226223
28.39,-16.83,0.227290
28.89,-16.83,0.228316
29.40,-16.83,0.229303
29.90,-16.83,0.230253
30.40,-16.83,0.231167
30.90,-16.83,0.232046
31.41,-16.83,0.232894
31.91,-16.83,0.233710
32.41,-16.83,0.234497
32.91,-16.83,0.235255
33.42,-16.83,0.235987
33.92,-16.83,0.236692
34.42,-16.83,0.237373
34.92,-16.83,0.238030
35.43,-16.83,0.238665
35.93,-16.83,0.239278
36.43,-16.83,0.239870
36.93,-16.83,0.240442
37.44,-16.83,0.240996
37.94,-16.83,0.241531
38.44,-16.83,0.242048
38.94,-16.83,0.242549
39.45,-16.83,0.243034
39.95,-16.83,0.243503
40.45,-16.83,0.243958
40.95,-16.83,0.244398
41.46,-16.83,0.244825
41.96,-16.83,0.245238
42.46,-16.83,0.245639
42.96,-16.83,0.246028
43.47,-16.83,0.246406
43.97,-16.83,0.246772
44.47,-16.83,0.247127
44.97,-16.83,0.247472
45.48,-16.83,0.247806
45.98,-16.83,0.248132
46.48,-16.83,0.248448
46.98,-16.83,0.248755
47.49,-16.83,0.249053
47.99,-16.83,0.249343
48.49,-16.83,0.249625
48.99,-16.83,0.249900
49.50,-16.83,0.250167
50.00,-16.83,0.250426
-50.00,-16.33,0.000000
-49.50,-16.33,0.000000
-48.99,-16.33,0.000000
-48.49,-16.33,0.000000
-47.99,-16.33,0.000000
-47.49,-16.33,0.000000
-46.98,-16.33,0.000000
-46.48,-16.33,0.000000
-45.98,-16.33,0.000000
-45.48,-16.33,0.000000
-44.97,-16.33,0.000000
-44.47,-16.33,0.000000
-43.97,-16.33,0.000000
-43.47,-16.33,0.000000
-42.96,-16.33,0.000000
-42.46,-16.33,0.000000
-41.96,-16.33,0.000000
-41.46,-16.33,0.000000
-40.95,-16.33,0.000000
-40.45,-16.33,0.000000
-39.95,-16.33,0.000000
-39.45,-16.33,0.000000
-38.94,-16.33,0.000000
-38.44,-16.33,0.000000
-37.94,-16.33,0.000000
-37.44,-16.33,0.000000
-36.93,-16.33,0.000000
-36.43,-16.33,0.000000
-35.93,-16.33,0.000000
-35.43,-16.33,0.000000
-34.92,-16.33,0.000000
-34.42,-16.33,0.000000
-33.92,-16.33,0.000000
-33.42,-16.33,0.000000
-32.91,-16.33,0.000000
-32.41,-16.33,0.000000
-31.91,-16.33,0.000000
-31.41,-16.33,0.000000
-30.90,-16.33,0.000000
-30.40,-16.33,0.000000
-29.90,-16.33,0.000000
-29.40,-16.33,0.000000
-28.89,-16.33,0.000000
-28.39,-16.33,0.000000
-27.89,-16.33,0.000000
-27.39,-16.33,0.000000
-26.88,-16.33,0.000000
-26.38,-16.33,0.000000
-25.88,-16.33,0.000000
-25.38,-16.33,0.000000
-24.87,-16.33,0.000000
-24.37,-16.33,0.000000
-23.87,-16.33,0.000000
-23.37,-16.33,0.000000
-22.86,-16.33,0.000000
-22.36,-16.33,0.000000
-21.86,-16.33,0.000000
-21.36,-16.33,0.000000
-20.85,-16.33,0.000000
-20.35,-16.33,0.000000
-19.85,-16.33,0.000000
-19.35,-16.33,0.000000
-18.84,-16.33,0.000000
-18.34,-16.33,0.000000
-17.84,-16.33,0.000000
-17.34,-16.33,0.000000
-16.83,-16.33,0.000000
-16.33,-16.33,0.000000
-15.83,-16.33,0.000000
-15.33,-16.33,0.000000
-14.82,-16.33,0.000000
-14.32,-16.33,0.000000
-13.82,-16.33,0.000000
-13.32,-16.33,0.000000
-12.81,-16.33,0.000000
-12.31,-16.33,0.000000
-11.81,-16.33,0.000000
-11.31,-16.33,0.000000
-10.80,-16.33,0.000000
-10.30,-16.33,0.000000
-9.80,-16.33,0.000000
-9.30,-16.33,0.000000
-8.79,-16.33,0.000000
-8.29,-16.33,0.000000
-7.79,-16.33,0.000000
-7.29,-16.33,0.000000
-6.78,-16.33,0.000000
-6.28,-16.33,0.000000
-5.78,-16.33,0.000000
-5.28,-16.33,0.000000
-4.77,-16.33,0.000000
-4.27,-16.33,0.000000
-3.77,-16.33,0.000000
-3.27,-16.33,0.000000
-2.76,-16.33,0.000000
-2.26,-16.33,0.000000
-1.76,-16.33,0.000000
-1.26,-16.33,0.000000
-0.75,-16.33,0.000000
-0.25,-16.33,0.000000
0.25,-16.33,0.004065
0.75,-16.33,0.012183
1.26,-16.33,0.020266
1.76,-16.33,0.028293
2.26,-16.33,0.036241
2.76,-16.33,0.044090
3.27,-16.33,0.051822
3.77,-16.33,0.059417
4.27,-16.33,0.066860
4.77,-16.33,0.074137
5.28,-16.33,0.081235
5.78,-16.33,0.088145
6.28,-16.33,0.094856
6.78,-16.33,0.101364
7.29,-16.33,0.107662
7.79,-16.33,0.113748
8.29,-16.33,0.119619
8.79,-16.33,0.125276
9.30,-16.33,0.130719
9.80,-16.33,0.135950
10.30,-16.33,0.140972
10.80,-16.33,0.145790
11.31,-16.33,0.150408
11.81,-16.33,0.154830
12.31,-16.33,0.159062
12.81,-16.33,0.163111
13.32,-16.33,0.166983
13.82,-16.33,0.170683
14.32,-16.33,0.174219
14.82,-16.33,0.177597
15.33,-16.33,0.180823
15.83,-16.33,0.183903
16.33,-16.33,0.186845
16.83,-16.33,0.189654
17.34,-16.33,0.192337
17.84,-16.33,0.194899
18.34,-16.33,0.197346
18.84,-16.33,0.199683
19.35,-16.33,0.201915
19.85,-16.33,0.204049
20.35,-16.33,0.206088
20.85,-16.33,0.208037
21.36,-16.33,0.209900
21.86,-16.33,0.211683
22.36,-16.33,0.213388
22.86,-16.33,0.215020
23.37,-16.33,0.216582
23.87,-16.33,0.218078
24.37,-16.33,0.219511
24.87,-16.33,0.220885
25.38,-16.33,0.222201
25.88,-16.33,0.223463
26.38,-16.33,0.224673
26.88,-16.33,0.225835
27.39,-16.33,0.226950
27.89,-16.33,0.228020
28.39,-16.33,0.229049
28.89,-16.33,0.230037
29.40,-16.33,0.230987
29.90,-16.33,0.231900
30.40,-16.33,0.232778
30.90,-16.33,0.233624
31.41,-16.33,0.234437
31.91,-16.33,0.235221
32.41,-16.33,0.235976
32.91,-16.33,0.236703
33.42,-16.33,0.237404
33.92,-16.33,0.238080
34.42,-16.33,0.238732
34.92,-16.33,0.239361
35.43,-16.33,0.239968
35.93,-16.33,0.240554
36.43,-16.33,0.241121
36.93,-16.33,0.241668
37.44,-16.33,0.242196
37.94,-16.33,0.242707
38.44,-16.33,0.243202
38.94,-16.33,0.243680
39.45,-16.33,0.244142
39.95,-16.33,0.244590
40.45,-16.33,0.245024
40.95,-16.33,0.245444
41.46,-16.33,0.245850
41.96,-16.33,0.246244
42.46,-16.33,0.246626
42.96,-16.33,0.246997
43.47,-16.33,0.247356
43.97,-16.33,0.247704
44.47,-16.33,0.248043
44.97,-16.33,0.248371
45.48,-16.33,0.248689
45.98,-16.33,0.248999
46.48,-16.33,0.249299
46.98,-16.33,0.249591
47.49,-16.33,0.249875
47.99,-16.33,0.250150
48.49,-16.33,0.250419
48.99,-16.33,0.250679
49.50,-16.33,0.250933
50.00,-16.33,0.251180
-50.00,-15.83,0.000000
-49.50,-15.83,0.000000
-48.99,-15.83,0.000000
-48.49,-15.83,0.000000
-47.99,-15.83,0.000000
-47.49,-15.83,0.000000
-46.98,-15.83,0.000000
-46.48,-15.83,0.000000
-45.98,-15.83,0.000000
-45.48,-15.83,0.000000
-44.97,-15.83,0.000000
-44.47,-15.83,0.000000
-43.97,-15.83,0.000000
-43.47,-15.83,0.000000
-42.96,-15.83,0.000000
-42.46,-15.83,0.000000
-41.96,-15.83,0.000000
-41.46,-15.83,0.000000
-40.95,-15.83,0.000000
-40.45,-15.83,0.000000
-39.95,-15.83,0.000000
-39.45,-15.83,0.000000
-38.94,-15.83,0.000000
-38.44,-15.83,0.000000
-37.94,-15.83,0.000000
-37.44,-15.83,0.000000
-36.93,-15.83,0.000000
-36.43,-15.83,0.000000
-35.93,-15.83,0.000000
-35.43,-15.83,0.000000
-34.92,-15.83,0.000000
-34.42,-15.83,0.000000
-33.92,-15.83,0.000000
-33.42,-15.83,0.000000
-32.91,-15.83,0.000000
-32.41,-15.83,0.000000
-31.91,-15.83,0.000000
-31.41,-15.83,0.000000
-30.90,-15.83,0.000000
-30.40,-15.83,0.000000
-29.90,-15.83,0.000000
-29.40,-15.83,0.000000
-28.89,-15.83,0.000000
-28.39,-15.83,0.000000
-27.89,-15.83,0.000000
-27.39,-15.83,0.000000
-26.88,-15.83,0.000000
-26.38,-15.83,0.000000
-25.88,-15.83,0.000000
-25.38,-15.83,0.000000
-24.87,-15.83,0.000000
-24.37,-15.83,0.000000
-23.87,-15.83,0.000000
-23.37,-15.83,0.000000
-22.86,-15.83,0.000000
-22.36,-15.83,0.000000
-21.86,-15.83,0.000000
-21.36,-15.83,0.000000
-20.85,-15.83,0.000000
-20.35,-15.83,0.000000
-19.85,-15.83,0.000000
-19.35,-15.83,0.000000
-18.84,-15.83,0.000000
-18.34,-15.83,0.000000
-17.84,-15.83,0.000000
-17.34,-15.83,0.000000
-16.83,-15.83,0.000000
-16.33,-15.83,0.000000
-15.83,-15.83,0.000000
-15.33,-15.83,0.000000
-14.82,-15.83,0.000000
-14.32,-15.83,0.000000
-13.82,-15.83,0.000000
-13.32,-15.83,0.000000
-12.81,-15.83,0.000000
-12.31,-15.83,0.000000
-11.81,-15.83,0.000000
-11.31,-15.83,0.000000
-10.80,-15.83,0.000000
-10.30,-15.83,0.000000
-9.80,-15.83,0.000000
-9.30,-15.83,0.000000
-8.79,-15.83,0.000000
-8.29,-15.83,0.000000
-7.79,-15.83,0.000000
-7.29,-15.83,0.000000
-6.78,-15.83,0.000000
-6.28,-15.83,0.000000
-5.78,-15.83,0.000000
-5.28,-15.83,0.000000
-4.77,-15.83,0.000000
-4.27,-15.83,0.000000
-3.77,-15.83,0.000000
-3.27,-15.83,0.000000
-2.76,-15.83,0.000000
-2.26,-15.83,0.000000
-1.76,-15.83,0.000000
-1.26,-15.83,0.000000
-0.75,-15.83,0.000000
-0.25,-15.83,0.000000
0.25,-15.83,0.004194
0.75,-15.83,0.012569
1.26,-15.83,0.020906
1.76,-15.83,0.029180
2.26,-15.83,0.037369
2.76,-15.83,0.045449
3.27,-15.83,0.053400
3.77,-15.83,0.061203
4.27,-15.83,0.068840
4.77,-15.83,0.076297
5.28,-15.83,0.083560
5.78,-15.83,0.090618
6.28,-15.83,0.097463
6.78,-15.83,0.104089
7.29,-15.83,0.110490
7.79,-15.83,0.116664
8.29,-15.83,0.122609
8.79,-15.83,0.128326
9.30,-15.83,0.133816
9.80,-15.83,0.139083
10.30,-15.83,0.144131
10.80,-15.83,0.148963
11.31,-15.83,0.153586
11.81,-15.83,0.158005
12.31,-15.83,0.162227
12.81,-15.83,0.166259
13.32,-15.83,0.170107
13.82,-15.83,0.173779
14.32,-15.83,0.177282
14.82,-15.83,0.180622
15.33,-15.83,0.183808
15.83,-15.83,0.186845
16.33,-15.83,0.189742
16.83,-15.83,0.192503
17.34,-15.83,0.195137
17.84,-15.83,0.197648
18.34,-15.83,0.200044
18.84,-15.83,0.202329
19.35,-15.83,0.204510
19.85,-15.83,0.206591
20.35,-15.83,0.208578
20.85,-15.83,0.210475
21.36,-15.83,0.212287
21.86,-15.83,0.214018
22.36,-15.83,0.215673
22.86,-15.83,0.217255
23.37,-15.83,0.218769
23.87,-15.83,0.220216
24.37,-15.83,0.221602
24.87,-15.83,0.222928
25.38,-15.83,0.224199
25.88,-15.83,0.225416
26.38,-15.83,0.226583
26.88,-15.83,0.227702
27.39,-15.83,0.228775
27.89,-15.83,0.229805
28.39,-15.83,0.230794
28.89,-15.83,0.231743
29.40,-15.83,0.232655
29.90,-15.83,0.233531
30.40,-15.83,0.234374
30.90,-15.83,0.235184
31.41,-15.83,0.235964
31.91,-15.83,0.236714
32.41,-15.83,0.237437
32.91,-15.83,0.238132
33.42,-15.83,0.238803
33.92,-15.83,0.239449
34.42,-15.83,0.240072
34.92,-15.83,0.240673
35.43,-15.83,0.241253
35.93,-15.83,0.241812
36.43,-15.83,0.242352
36.93,-15.83,0.242874
37.44,-15.83,0.243378
37.94,-15.83,0.243865
38.44,-15.83,0.244336
38.94,-15.83,0.244792
39.45,-15.83,0.245232
39.95,-15.83,0.245658
40.45,-15.83,0.246071
40.95,-15.83,0.246470
41.46,-15.83,0.246857
41.96,-15.83,0.247232
42.46,-15.83,0.247595
42.96,-15.83,0.247947
43.47,-15.83,0.248288
43.97,-15.83,0.248619
44.47,-15.83,0.248940
44.97,-15.83,0.249252
45.48,-15.83,0.249554
45.98,-15.83,0.249848
46.48,-15.83,0.250133
46.98,-15.83,0.250410
47.49,-15.83,0.250679
47.99,-15.83,0.250941
48.49,-15.83,0.251195
48.99,-15.83,0.251442
49.50,-15.83,0.251683
50.00,-15.83,0.251916
-50.00,-15.33,0.000000
-49.50,-15.33,0.000000
-48.99,-15.33,0.000000
-48.49,-15.33,0.000000
-47.99,-15.33,0.000000
-47.49,-15.33,0.000000
-46.98,-15.33,0.000000
-46.48,-15.33,0.000000
-45.98,-15.33,0.000000
-45.48,-15.33,0.000000
-44.97,-15.33,0.000000
-44.47,-15.33,0.000000
-43.97,-15.33,0.000000
-43.47,-15.33,0.000000
-42.96,-15.33,0.000000
-42.46,-15.33,0.000000
-41.96,-15.33,0.000000
-41.46,-15.33,0.000000
-40.95,-15.33,0.000000
-40.45,-15.33,0.000000
-39.95,-15.33,0.000000
-39.45,-15.33,0.000000
-38.94,-15.33,0.000000
-38.44,-15.33,0.000000
-37.94,-15.33,0.000000
-37.44,-15.33,0.000000
-36.93,-15.33,0.000000
-36.43,-15.33,0.000000
-35.93,-15.33,0.000000
-35.43,-15.33,0.000000
-34.92,-15.33,0.000000
-34.42,-15.33,0.000000
-33.92,-15.33,0.000000
-33.42,-15.33,0.000000
-32.91,-15.33,0.000000
-32.41,-15.33,0.000000
-31.91,-15.33,0.000000
-31.41,-15.33,0.000000
-30.90,-15.33,0.000000
-30.40,-15.33,0.000000
-29.90,-15.33,0.000000
-29.40,-15.33,0.000000
-28.89,-15.33,0.000000
-28.39,-15.33,0.000000
-27.89,-15.33,0.000000
-27.39,-15.33,0.000000
-26.88,-15.33,0.000000
-26.38,-15.33,0.000000
-25.88,-15.33,0.000000
-25.38,-15.33,0.000000
-24.87,-15.33,0.000000
-24.37,-15.33,0.000000
-23.87,-15.33,0.000000
-23.37,-15.33,0.000000
-22.86,-15.33,0.000000
-22.36,-15.33,0.000000
-21.86,-15.33,0.000000
-21.36,-15.33,0.000000
-20.85,-15.33,0.000000
-20.35,-15.33,0.000000
-19.85,-15.33,0.000000
-19.35,-15.33,0.000000
-18.84,-15.33,0.000000
-18.34,-15.33,0.000000
-17.84,-15.33,0.000000
-17.34,-15.33,0.000000
-16.83,-15.33,0.000000
-16.33,-15.33,0.000000
-15.83,-15.33,0.000000
-15.33,-15.33,0.000000
-14.82,-15.33,0.000000
-14.32,-15.33,0.000000
-13.82,-15.33,0.000000
-13.32,-15.33,0.000000
-12.81,-15.33,0.000000
-12.31,-15.33,0.000000
-11.81,-15.33,0.000000
-11.31,-15.33,0.000000
-10.80,-15.33,0.000000
-10.30,-15.33,0.000000
-9.80,-15.33,0.000000
-9.30,-15.33,0.000000
-8.79,-15.33,0.000000
-8.29,-15.33,0.000000
-7.79,-15.33,0.000000
-7.29,-15.33,0.000000
-6.78,-15.33,0.000000
-6.28,-15.33,0.000000
-5.78,-15.33,0.000000
-5.28,-15.33,0.000000
-4.77,-15.33,0.000000
-4.27,-15.33,0.000000
-3.77,-15.33,0.000000
-3.27,-15.33,0.000000
-2.76,-15.33,0.000000
-2.26,-15.33,0.000000
-1.76,-15.33,0.000000
-1.26,-15.33,0.000000
-0.75,-15.33,0.000000
-0.25,-15.33,0.000000
0.25,-15.33,0.004331
0.75,-15.33,0.012980
1.26,-15.33,0.021587
1.76,-15.33,0.030125
2.26,-15.33,0.038569
2.76,-15.33,0.046893
3.27,-15.33,0.055076
3.77,-15.33,0.063097
4.27,-15.33,0.070937
4.77,-15.33,0.078580
5.28,-15.33,0.086013
5.78,-15.33,0.093225
6.28,-15.33,0.100206
6.78,-15.33,0.106950
7.29,-15.33,0.113453
7.79,-15.33,0.119713
8.29,-15.33,0.125730
8.79,-15.33,0.131504
9.30,-15.33,0.137038
9.80,-15.33,0.142335
10.30,-15.33,0.147402
10.80,-15.33,0.152243
11.31,-15.33,0.156865
11.81,-15.33,0.161275
12.31,-15.33,0.165480
12.81,-15.33,0.169488
13.32,-15.33,0.173307
13.82,-15.33,0.176944
14.32,-15.33,0.180408
14.82,-15.33,0.183706
15.33,-15.33,0.186845
15.83,-15.33,0.189834
16.33,-15.33,0.192680
16.83,-15.33,0.195389
17.34,-15.33,0.197969
17.84,-15.33,0.200426
18.34,-15.33,0.202766
18.84,-15.33,0.204996
19.35,-15.33,0.207121
19.85,-15.33,0.209147
20.35,-15.33,0.211078
20.85,-15.33,0.212921
21.36,-15.33,0.214678
21.86,-15.33,0.216356
22.36,-15.33,0.217958
22.86,-15.33,0.219488
23.37,-15.33,0.220951
23.87,-15.33,0.222348
24.37,-15.33,0.223685
24.87,-15.33,0.224963
25.38,-15.33,0.226187
25.88,-15.33,0.227359
26.38,-15.33,0.228481
26.88,-15.33,0.229556
27.39,-15.33,0.230586
27.89,-15.33,0.231575
28.39,-15.33,0.232523
28.89,-15.33,0.233433
29.40,-15.33,0.234306
29.90,-15.33,0.235145
30.40,-15.33,0.235951
30.90,-15.33,0.236726
31.41,-15.33,0.237472
31.91,-15.33,0.238188
32.41,-15.33,0.238878
32.91,-15.33,0.239542
33.42,-15.33,0.240182
33.92,-15.33,0.240798
34.42,-15.33,0.241392
34.92,-15.33,0.241965
35.43,-15.33,0.242517
35.93,-15.33,0.243050
36.43,-15.33,0.243564
36.93,-15.33,0.244060
37.44,-15.33,0.244540
37.94,-15.33,0.245003
38.44,-15.33,0.245450
38.94,-15.33,0.245883
39.45,-15.33,0.246302
39.95,-15.33,0.246706
40.45,-15.33,0.247098
40.95,-15.33,0.247477
41.46,-15.33,0.247844
41.96,-15.33,0.248200
42.46,-15.33,0.248544
42.96,-15.33,0.248878
43.47,-15.33,0.249202
43.97,-15.33,0.249515
44.47,-15.33,0.249820
44.97,-15.33,0.250115
45.48,-15.33,0.250401
45.98,-15.33,0.250679
46.48,-15.33,0.250949
46.98,-15.33,0.251211
47.49,-15.33,0.251466
47.99,-15.33,0.251714
48.49,-15.33,0.251954
48.99,-15.33,0.252188
49.50,-15.33,0.252415
50.00,-15.33,0.252636
-50.00,-14.82,0.000000
-49.50,-14.82,0.000000
-48.99,-14.82,0.000000
-48.49,-14.82,0.000000
-47.99,-14.82,0.000000
-47.49,-14.82,0.000000
-46.98,-14.82,0.000000
-46.48,-14.82,0.000000
-45.98,-14.82,0.000000
-45.48,-14.82,0.000000
-44.97,-14.82,0.000000
-44.47,-14.82,0.000000
-43.97,-14.82,0.000000
-43.47,-14.82,0.000000
-42.96,-14.82,0.000000
-42.46,-14.82,0.000000
-41.96,-14.82,0.000000
-41.46,-14.82,0.000000
-40.95,-14.82,0.000000
-40.45,-14.82,0.000000
-39.95,-14.82,0.000000
-39.45,-14.82,0.000000
-38.94,-14.82,0.000000
-38.44,-14.82,0.000000
-37.94,-14.82,0.000000
-37.44,-14.82,0.000000
-36.93,-14.82,0.000000
-36.43,-14.82,0.000000
-35.93,-14.82,0.000000
-35.43,-14.82,0.000000
-34.92,-14.82,0.000000
-34.42,-14.82,0.000000
-33.92,-14.82,0.000000
-33.42,-14.82,0.000000
-32.91,-14.82,0.000000
-32.41,-14.82,0.000000
-31.91,-14.82,0.000000
-31.41,-14.82,0.000000
-30.90,-14.82,0.000000
-30.40,-14.82,0.000000
-29.90,-14.82,0.000000
-29.40,-14.82,0.000000
-28.89,-14.82,0.000000
-28.39,-14.82,0.000000
-27.89,-14.82,0.000000
-27.39,-14.82,0.000000
-26.88,-14.82,0.000000
-26.38,-14.82,0.000000
-25.88,-14.82,0.000000
-25.38,-14.82,0.000000
-24.87,-14.82,0.000000
-24.37,-14.82,0.000000
-23.87,-14.82,0.000000
-23.37,-14.82,0.000000
-22.86,-14.82,0.000000
-22.36,-14.82,0.000000
-21.86,-14.82,0.000000
-21.36,-14.82,0.000000
-20.85,-14.82,0.000000
-20.35,-14.82,0.000000
-19.85,-14.82,0.000000
-19.35,-14.82,0.000000
-18.84,-14.82,0.000000
-18.34,-14.82,0.000000
-17.84,-14.82,0.000000
-17.34,-14.82,0.000000
-16.83,-14.82,0.000000
-16.33,-14.82,0.000000
-15.83,-14.82,0.000000
-15.33,-14.82,0.000000
-14.82,-14.82,0.000000
-14.32,-14.82,0.000000
-13.82,-14.82,0.000000
-13.32,-14.82,0.000000
-12.81,-14.82,0.000000
-12.31,-14.82,0.000000
-11.81,-14.82,0.000000
-11.31,-14.82,0.000000
-10.80,-14.82,0.000000
-10.30,-14.82,0.000000
-9.80,-14.82,0.000000
-9.30,-14.82,0.000000
-8.79,-14.82,0.000000
-8.29,-14.82,0.000000
-7.79,-14.82,0.000000
-7.29,-14.82,0.000000
-6.78,-14.82,0.000000
-6.28,-14.82,0.000000
-5.78,-14.82,0.000000
-5.28,-14.82,0.000000
-4.77,-14.82,0.000000
-4.27,-14.82,0.000000
-3.77,-14.82,0.000000
-3.27,-14.82,0.000000
-2.76,-14.82,0.000000
-2.26,-14.82,0.000000
-1.76,-14.82,0.000000
-1.26,-14.82,0.000000
-0.75,-14.82,0.000000
-0.25,-14.82,0.000000
0.25,-14.82,0.004478
0.75,-14.82,0.013419
1.26,-14.82,0.022313
1.76,-14.82,0.031132
2.26,-14.82,0.039847
2.76,-14.82,0.048430
3.27,-14.82,0.056858
3.77,-14.82,0.065108
4.27,-14.82,0.073160
4.77,-14.82,0.080998
5.28,-14.82,0.088606
5.78,-14.82,0.095974
6.28,-14.82,0.103093
6.78,-14.82,0.109956
7.29,-14.82,0.116561
7.79,-14.82,0.122905
8.29,-14.82,0.128989
8.79,-14.82,0.134815
9.30,-14.82,0.140387
9.80,-14.82,0.145710
10.30,-14.82,0.150790
10.80,-14.82,0.155633
11.31,-14.82,0.160248
11.81,-14.82,0.164641
12.31,-14.82,0.168823
12.81,-14.82,0.172800
13.32,-14.82,0.176583
13.82,-14.82,0.180178
14.32,-14.82,0.183597
14.82,-14.82,0.186845
15.33,-14.82,0.189933
15.83,-14.82,0.192868
16.33,-14.82,0.195657
16.83,-14.82,0.198309
17.34,-14.82,0.200831
17.84,-14.82,0.203229
18.34,-14.82,0.205510
18.84,-14.82,0.207680
19.35,-14.82,0.209746
19.85,-14.82,0.211712
20.35,-14.82,0.213586
20.85,-14.82,0.215370
21.36,-14.82,0.217071
21.86,-14.82,0.218693
22.36,-14.82,0.220240
22.86,-14.82,0.221716
23.37,-14.82,0.223126
23.87,-14.82,0.224472
24.37,-14.82,0.225758
24.87,-14.82,0.226987
25.38,-14.82,0.228162
25.88,-14.82,0.229287
26.38,-14.82,0.230363
26.88,-14.82,0.231393
27.39,-14.82,0.232381
27.89,-14.82,0.233327
28.39,-14.82,0.234233
28.89,-14.82,0.235103
29.40,-14.82,0.235938
29.90,-14.82,0.236739
30.40,-14.82,0.237509
30.90,-14.82,0.238248
31.41,-14.82,0.238958
31.91,-14.82,0.239642
32.41,-14.82,0.240299
32.91,-14.82,0.240931
33.42,-14.82,0.241540
33.92,-14.82,0.242126
34.42,-14.82,0.242690
34.92,-14.82,0.243235
35.43,-14.82,0.243759
35.93,-14.82,0.244265
36.43,-14.82,0.244753
36.93,-14.82,0.245225
37.44,-14.82,0.245680
37.94,-14.82,0.246119
38.44,-14.82,0.246543
38.94,-14.82,0.246953
39.45,-14.82,0.247350
39.95,-14.82,0.247733
40.45,-14.82,0.248104
40.95,-14.82,0.248463
41.46,-14.82,0.248811
41.96,-14.82,0.249147
42.46,-14.82,0.249473
42.96,-14.82,0.249789
43.47,-14.82,0.250095
43.97,-14.82,0.250392
44.47,-14.82,0.250679
44.97,-14.82,0.250958
45.48,-14.82,0.251229
45.98,-14.82,0.251492
46.48,-14.82,0.251747
46.98,-14.82,0.251994
47.49,-14.82,0.252235
47.99,-14.82,0.252468
48.49,-14.82,0.252695
48.99,-14.82,0.252916
49.50,-14.82,0.253131
50.00,-14.82,0.253339
-50.00,-14.32,0.000000
-49.50,-14.32,0.000000
-48.99,-14.32,0.000000
-48.49,-14.32,0.000000
-47.99,-14.32,0.000000
-47.49,-14.32,0.000000
-46.98,-14.32,0.000000
-46.48,-14.32,0.000000
-45.98,-14.32,0.000000
-45.48,-14.32,0.000000
-44.97,-14.32,0.000000
-44.47,-14.32,0.000000
-43.97,-14.32,0.000000
-43.47,-14.32,0.000000
-42.96,-14.32,0.000000
-42.46,-14.32,0.000000
-41.96,-14.32,0.000000
-41.46,-14.32,0.000000
-40.95,-14.32,0.000000
-40.45,-14.32,0.000000
-39.95,-14.32,0.000000
-39.45,-14.32,0.000000
-38.94,-14.32,0.000000
-38.44,-14.32,0.000000
-37.94,-14.32,0.000000
-37.44,-14.32,0.000000
-36.93,-14.32,0.000000
-36.43,-14.32,0.000000
-35.93,-14.32,0.000000
-35.43,-14.32,0.000000
-34.92,-14.32,0.000000
-34.42,-14.32,0.000000
-33.92,-14.32,0.000000
-33.42,-14.32,0.000000
-32.91,-14.32,0.000000
-32.41,-14.32,0.000000
-31.91,-14.32,0.000000
-31.41,-14.32,0.000000
-30.90,-14.32,0.000000
-30.40,-14.32,0.000000
-29.90,-14.32,0.000000
-29.40,-14.32,0.000000
-28.89,-14.32,0.000000
-28.39,-14.32,0.000000
-27.89,-14.32,0.000000
-27.39,-14.32,0.000000
-26.88,-14.32,0.000000
-26.38,-14.32,0.000000
-25.88,-14.32,0.000000
-25.38,-14.32,0.000000
-24.87,-14.32,0.000000
-24.37,-14.32,0.000000
-23.87,-14.32,0.000000
-23.37,-14.32,0.000000
-22.86,-14.32,0.000000
-22.36,-14.32,0.000000
-21.86,-14.32,0.000000
-21.36,-14.32,0.000000
-20.85,-14.32,0.000000
-20.35,-14.32,0.000000
-19.85,-14.32,0.000000
-19.35,-14.32,0.000000
-18.84,-14.32,0.000000
-18.34,-14.32,0.000000
-17.84,-14.32,0.000000
-17.34,-14.32,0.000000
-16.83,-14.32,0.000000
-16.33,-14.32,0.000000
-15.83,-14.32,0.000000
-15.33,-14.32,0.000000
-14.82,-14.32,0.000000
-14.32,-14.32,0.000000
-13.82,-14.32,0.000000
-13.32,-14.32,0.000000
-12.81,-14.32,0.000000
-12.31,-14.32,0.000000
-11.81,-14.32,0.000000
-11.31,-14.32,0.000000
-10.80,-14.32,0.000000
-10.30,-14.32,0.000000
-9.80,-14.32,0.000000
-9.30,-14.32,0.000000
-8.79,-14.32,0.000000
-8.29,-14.32,0.000000
-7.79,-14.32,0.000000
-7.29,-14.32,0.000000
-6.78,-14.32,0.000000
-6.28,-14.32,0.000000
-5.78,-14.32,0.000000
-5.28,-14.32,0.000000
-4.77,-14.32,0.000000
-4.27,-14.32,0.000000
-3.77,-14.32,0.000000
-3.27,-14.32,0.000000
-2.76,-14.32,0.000000
-2.26,-14.32,0.000000
-1.76,-14.32,0.000000
-1.26,-14.32,0.000000
-0.75,-14.32,0.000000
-0.25,-14.32,0.000000
0.25,-14.32,0.004635
0.75,-14.32,0.013888
1.26,-14.32,0.023090
1.76,-14.32,0.032208
2.26,-14.32,0.041211
2.76,-14.32,0.050070
3.27,-14.32,0.058756
3.77,-14.32,0.067247
4.27,-14.32,0.075521
4.77,-14.32,0.083560
5.28,-14.32,0.091349
5.78,-14.32,0.098877
6.28,-14.32,0.106135
6.78,-14.32,0.113117
7.29,-14.32,0.119821
7.79,-14.32,0.126246
8.29,-14.32,0.132393
8.79,-14.32,0.138267
9.30,-14.32,0.143871
9.80,-14.32,0.149212
10.30,-14.32,0.154297
10.80,-14.32,0.159135
11.31,-14.32,0.163734
11.81,-14.32,0.168104
12.31,-14.32,0.172254
12.81,-14.32,0.176193
13.32,-14.32,0.179932
13.82,-14.32,0.183480
14.32,-14.32,0.186845
14.82,-14.32,0.190039
15.33,-14.32,0.193068
15.83,-14.32,0.195943
16.33,-14.32,0.198671
16.83,-14.32,0.201260
17.34,-14.32,0.203718
17.84,-14.32,0.206053
18.34,-14.32,0.208270
18.84,-14.32,0.210377
19.35,-14.32,0.212380
19.85,-14.32,0.214285
20.35,-14.32,0.216096
20.85,-14.32,0.217821
21.36,-14.32,0.219462
21.86,-14.32,0.221026
22.36,-14.32,0.222516
22.86,-14.32,0.223936
23.37,-14.32,0.225291
23.87,-14.32,0.226583
24.37,-14.32,0.227817
24.87,-14.32,0.228996
25.38,-14.32,0.230122
25.88,-14.32,0.231198
26.38,-14.32,0.232227
26.88,-14.32,0.233212
27.39,-14.32,0.234155
27.89,-14.32,0.235058
28.39,-14.32,0.235924
28.89,-14.32,0.236753
29.40,-14.32,0.237548
29.90,-14.32,0.238311
30.40,-14.32,0.239044
30.90,-14.32,0.239747
31.41,-14.32,0.240423
31.91,-14.32,0.241072
32.41,-14.32,0.241696
32.91,-14.32,0.242296
33.42,-14.32,0.242874
33.92,-14.32,0.243430
34.42,-14.32,0.243966
34.92,-14.32,0.244482
35.43,-14.32,0.244979
35.93,-14.32,0.245458
36.43,-14.32,0.245920
36.93,-14.32,0.246366
37.44,-14.32,0.246797
37.94,-14.32,0.247212
38.44,-14.32,0.247614
38.94,-14.32,0.248002
39.45,-14.32,0.248376
39.95,-14.32,0.248739
40.45,-14.32,0.249089
40.95,-14.32,0.249428
41.46,-14.32,0.249756
41.96,-14.32,0.250074
42.46,-14.32,0.250381
42.96,-14.32,0.250679
43.47,-14.32,0.250968
43.97,-14.32,0.251248
44.47,-14.32,0.251519
44.97,-14.32,0.251782
45.48,-14.32,0.252037
45.98,-14.32,0.252284
46.48,-14.32,0.252525
46.98,-14.32,0.252758
47.49,-14.32,0.252984
47.99,-14.32,0.253204
48.49,-14.32,0.253418
48.99,-14.32,0.253626
49.50,-14.32,0.253828
50.00,-14.32,0.254024
-50.00,-13.82,0.000000
-49.50,-13.82,0.000000
-48.99,-13.82,0.000000
-48.49,-13.82,0.000000
-47.99,-13.82,0.000000
-47.49,-13.82,0.000000
-46.98,-13.82,0.000000
-46.48,-13.82,0.000000
-45.98,-13.82,0.000000
-45.48,-13.82,0.000000
-44.97,-13.82,0.000000
-44.47,-13.82,0.000000
-43.97,-13.82,0.000000
-43.47,-13.82,0.000000
-42.96,-13.82,0.000000
-42.46,-13.82,0.000000
-41.96,-13.82,0.000000
-41.46,-13.82,0.000000
-40.95,-13.82,0.000000
-40.45,-13.82,0.000000
-39.95,-13.82,0.000000
-39.45,-13.82,0.000000
-38.94,-13.82,0.000000
-38.44,-13.82,0.000000
-37.94,-13.82,0.000000
-37.44,-13.82,0.000000
-36.93,-13.82,0.000000
-36.43,-13.82,0.000000
-35.93,-13.82,0.000000
-35.43,-13.82,0.000000
-34.92,-13.82,0.000000
-34.42,-13.82,0.000000
-33.92,-13.82,0.000000
-33.42,-13.82,0.000000
-32.91,-13.82,0.000000
-32.41,-13.82,0.000000
-31.91,-13.82,0.000000
-31.41,-13.82,0.000000
-30.90,-13.82,0.000000
-30.40,-13.82,0.000000
-29.90,-13.82,0.000000
-29.40,-13.82,0.000000
-28.89,-13.82,0.000000
-28.39,-13.82,0.000000
-27.89,-13.82,0.000000
-27.39,-13.82,0.000000
-26.88,-13.82,0.000000
-26.38,-13.82,0.000000
-25.88,-13.82,0.000000
-25.38,-13.82,0.000000
-24.87,-13.82,0.000000
-24.37,-13.82,0.000000
-23.87,-13.82,0.000000
-23.37,-13.82,0.000000
-22.86,-13.82,0.000000
-22.36,-13.82,0.000000
-21.86,-13.82,0.000000
-21.36,-13.82,0.000000
-20.85,-13.82,0.000000
-20.35,-13.82,0.000000
-19.85,-13.82,0.000000
-19.35,-13.82,0.000000
-18.84,-13.82,0.000000
-18.34,-13.82,0.000000
-17.84,-13.82,0.000000
-17.34,-13.82,0.000000
-16.83,-13.82,0.000000
-16.33,-13.82,0.000000
-15.83,-13.82,0.000000
-15.33,-13.82,0.000000
-14.82,-13.82,0.000000
-14.32,-13.82,0.000000
-13.82,-13.82,0.000000
-13.32,-13.82,0.000000
-12.81,-13.82,0.000000
-12.31,-13.82,0.000000
-11.81,-13.82,0.000000
-11.31,-13.82,0.000000
-10.80,-13.82,0.000000
-10.30,-13.82,0.000000
-9.80,-13.82,0.000000
-9.30,-13.82,0.000000
-8.79,-13.82,0.000000
-8.29,-13.82,0.000000
-7.79,-13.82,0.000000
-7.29,-13.82,0.000000
-6.78,-13.82,0.000000
-6.28,-13.82,0.000000
-5.78,-13.82,0.000000
-5.28,-13.82,0.000000
-4.77,-13.82,0.000000
-4.27,-13.82,0.000000
-3.77,-13.82,0.000000
-3.27,-13.82,0.000000
-2.76,-13.82,0.000000
-2.26,-13.82,0.000000
-1.76,-13.82,0.000000
-1.26,-13.82,0.000000
-0.75,-13.82,0.000000
-0.25,-13.82,0.000000
0.25,-13.82,0.004804
0.75,-13.82,0.014392
1.26,-13.82,0.023923
1.76,-13.82,0.033361
2.26,-13.82,0.042672
2.76,-13.82,0.051822
3.27,-13.82,0.060782
3.77,-13.82,0.069526
4.27,-13.82,0.078031
4.77,-13.82,0.086279
5.28,-13.82,0.094255
5.78,-13.82,0.101945
6.28,-13.82,0.109343
6.78,-13.82,0.116443
7.29,-13.82,0.123244
7.79,-13.82,0.129745
8.29,-13.82,0.135950
8.79,-13.82,0.141864
9.30,-13.82,0.147492
9.80,-13.82,0.152844
10.30,-13.82,0.157927
10.80,-13.82,0.162751
11.31,-13.82,0.167326
11.81,-13.82,0.171664
12.31,-13.82,0.175773
12.81,-13.82,0.179667
13.32,-13.82,0.183354
13.82,-13.82,0.186845
14.32,-13.82,0.190151
14.82,-13.82,0.193282
15.33,-13.82,0.196247
15.83,-13.82,0.199056
16.33,-13.82,0.201717
16.83,-13.82,0.204238
17.34,-13.82,0.206628
17.84,-13.82,0.208894
18.34,-13.82,0.211044
18.84,-13.82,0.213084
19.35,-13.82,0.215020
19.85,-13.82,0.216859
20.35,-13.82,0.218607
20.85,-13.82,0.220268
21.36,-13.82,0.221847
21.86,-13.82,0.223350
22.36,-13.82,0.224781
22.86,-13.82,0.226143
23.37,-13.82,0.227442
23.87,-13.82,0.228679
24.37,-13.82,0.229860
24.87,-13.82,0.230987
25.38,-13.82,0.232062
25.88,-13.82,0.233089
26.38,-13.82,0.234071
26.88,-13.82,0.235010
27.39,-13.82,0.235908
27.89,-13.82,0.236768
28.39,-13.82,0.237591
28.89,-13.82,0.238379
29.40,-13.82,0.239135
29.90,-13.82,0.239859
30.40,-13.82,0.240554
30.90,-13.82,0.241222
31.41,-13.82,0.241862
31.91,-13.82,0.242477
32.41,-13.82,0.243069
32.91,-13.82,0.243637
33.42,-13.82,0.244184
33.92,-13.82,0.244710
34.42,-13.82,0.245216
34.92,-13.82,0.245704
35.43,-13.82,0.246174
35.93,-13.82,0.246626
36.43,-13.82,0.247063
36.93,-13.82,0.247484
37.44,-13.82,0.247890
37.94,-13.82,0.248282
38.44,-13.82,0.248661
38.94,-13.82,0.249026
39.45,-13.82,0.249380
39.95,-13.82,0.249721
40.45,-13.82,0.250051
40.95,-13.82,0.250370
41.46,-13.82,0.250679
41.96,-13.82,0.250978
42.46,-13.82,0.251268
42.96,-13.82,0.251548
43.47,-13.82,0.251819
43.97,-13.82,0.252082
44.47,-13.82,0.252337
44.97,-13.82,0.252585
45.48,-13.82,0.252824
45.98,-13.82,0.253057
46.48,-13.82,0.253283
46.98,-13.82,0.253502
47.49,-13.82,0.253715
47.99,-13.82,0.253921
48.49,-13.82,0.254122
48.99,-13.82,0.254317
49.50,-13.82,0.254506
50.00,-13.82,0.254691
-50.00,-13.32,0.000000
-49.50,-13.32,0.000000
-48.99,-13.32,0.000000
-48.49,-13.32,0.000000
-47.99,-13.32,0.000000
-47.49,-13.32,0.000000
-46.98,-13.32,0.000000
-46.48,-13.32,0.000000
-45.98,-13.32,0.000000
-45.48,-13.32,0.000000
-44.97,-13.32,0.000000
-44.47,-13.32,0.000000
-43.97,-13.32,0.000000
-43.47,-13.32,0.000000
-42.96,-13.32,0.000000
-42.46,-13.32,0.000000
-41.96,-13.32,0.000000
-41.46,-13.32,0.000000
-40.95,-13.32,0.000000
-40.45,-13.32,0.000000
-39.95,-13.32,0.000000
-39.45,-13.32,0.000000
-38.94,-13.32,0.000000
-38.44,-13.32,0.000000
-37.94,-13.32,0.000000
-37.44,-13.32,0.000000
-36.93,-13.32,0.000000
-36.43,-13.32,0.000000
-35.93,-13.32,0.000000
-35.43,-13.32,0.000000
-34.92,-13.32,0.000000
-34.42,-13.32,0.000000
-33.92,-13.32,0.000000
-33.42,-13.32,0.000000
-32.91,-13.32,0.000000
-32.41,-13.32,0.000000
-31.91,-13.32,0.000000
-31.41,-13.32,0.000000
-30.90,-13.32,0.000000
-30.40,-13.32,0.000000
-29.90,-13.32,0.000000
-29.40,-13.32,0.000000
-28.89,-13.32,0.000000
-28.39,-13.32,0.000000
-27.89,-13.32,0.000000
-27.39,-13.32,0.000000
-26.88,-13.32,0.000000
-26.38,-13.32,0.000000
-25.88,-13.32,0.000000
-25.38,-13.32,0.000000
-24.87,-13.32,0.000000
-24.37,-13.32,0.000000
-23.87,-13.32,0.000000
-23.37,-13.32,0.000000
-22.86,-13.32,0.000000
-22.36,-13.32,0.000000
-21.86,-13.32,0.000000
-21.36,-13.32,0.000000
-20.85,-13.32,0.000000
-20.35,-13.32,0.000000
-19.85,-13.32,0.000000
-19.35,-13.32,0.000000
-18.84,-13.32,0.000000
-18.34,-13.32,0.000000
-17.84,-13.32,0.000000
-17.34,-13.32,0.000000
-16.83,-13.32,0.000000
-16.33,-13.32,0.000000
-15.83,-13.32,0.000000
-15.33,-13.32,0.000000
-14.82,-13.32,0.000000
-14.32,-13.32,0.000000
-13.82,-13.32,0.000000
-13.32,-13.32,0.000000
-12.81,-13.32,0.000000
-12.31,-13.32,0.000000
-11.81,-13.32,0.000000
-11.31,-13.32,0.000000
-10.80,-13.32,0.000000
-10.30,-13.32,0.000000
-9.80,-13.32,0.000000
-9.30,-13.32,0.000000
-8.79,-13.32,0.000000
-8.29,-13.32,0.000000
-7.79,-13.32,0.000000
-7.29,-13.32,0.000000
-6.78,-13.32,0.000000
-6.28,-13.32,0.000000
-5.78,-13.32,0.000000
-5.28,-13.32,0.000000
-4.77,-13.32,0.000000
-4.27,-13.32,0.000000
-3.77,-13.32,0.000000
-3.27,-13.32,0.000000
-2.76,-13.32,0.000000
-2.26,-13.32,0.000000
-1.76,-13.32,0.000000
-1.26,-13.32,0.000000
-0.75,-13.32,0.000000
-0.25,-13.32,0.000000
0.25,-13.32,0.004985
0.75,-13.32,0.014933
1.26,-13.32,0.024818
1.76,-13.32,0.034599
2.26,-13.32,0.044238
2.76,-13.32,0.053698
3.27,-13.32,0.062947
3.77,-13.32,0.071958
4.27,-13.32,0.080706
4.77,-13.32,0.089170
5.28,-13.32,0.097336
5.78,-13.32,0.105192
6.28,-13.32,0.112729
6.78,-13.32,0.119945
7.29,-13.32,0.126838
7.79,-13.32,0.133410
8.29,-13.32,0.139666
8.79,-13.32,0.145612
9.30,-13.32,0.151257
9.80,-13.32,0.156609
10.30,-13.32,0.161681
10.80,-13.32,0.166481
11.31,-13.32,0.171024
11.81,-13.32,0.175319
12.31,-13.32,0.179380
12.81,-13.32,0.183218
13.32,-13.32,0.186845
13.82,-13.32,0.190273
14.32,-13.32,0.193512
14.82,-13.32,0.196573
15.33,-13.32,0.199467
15.83,-13.32,0.202203
16.33,-13.32,0.204790
16.83,-13.32,0.207238
17.34,-13.32,0.209555
17.84,-13.32,0.211749
18.34,-13.32,0.213826
18.84,-13.32,0.215795
19.35,-13.32,0.217662
19.85,-13.32,0.219432
20.35,-13.32,0.221112
20.85,-13.32,0.222707
21.36,-13.32,0.224222
21.86,-13.32,0.225663
22.36,-13.32,0.227032
22.86,-13.32,0.228335
23.37,-13.32,0.229576
23.87,-13.32,0.230757
24.37,-13.32,0.231883
24.87,-13.32,0.232956
25.38,-13.32,0.233981
25.88,-13.32,0.234958
26.38,-13.32,0.235892
26.88,-13.32,0.236784
27.39,-13.32,0.237636
27.89,-13.32,0.238452
28.39,-13.32,0.239232
28.89,-13.32,0.239979
29.40,-13.32,0.240695
29.90,-13.32,0.241381
30.40,-13.32,0.242039
30.90,-13.32,0.242670
31.41,-13.32,0.243275
31.91,-13.32,0.243856
32.41,-13.32,0.244415
32.91,-13.32,0.244951
33.42,-13.32,0.245467
33.92,-13.32,0.245963
34.42,-13.32,0.246441
34.92,-13.32,0.246900
35.43,-13.32,0.247343
35.93,-13.32,0.247769
36.43,-13.32,0.248180
36.93,-13.32,0.248576
37.44,-13.32,0.248958
37.94,-13.32,0.249327
38.44,-13.32,0.249683
38.94,-13.32,0.250027
39.45,-13.32,0.250358
39.95,-13.32,0.250679
40.45,-13.32,0.250989
40.95,-13.32,0.251289
41.46,-13.32,0.251579
41.96,-13.32,0.251860
42.46,-13.32,0.252131
42.96,-13.32,0.252394
43.47,-13.32,0.252649
43.97,-13.32,0.252895
44.47,-13.32,0.253135
44.97,-13.32,0.253366
45.48,-13.32,0.253591
45.98,-13.32,0.253809
46.48,-13.32,0.254020
46.98,-13.32,0.254226
47.49,-13.32,0.254425
47.99,-13.32,0.254618
48.49,-13.32,0.254806
48.99,-13.32,0.254989
49.50,-13.32,0.255166
50.00,-13.32,0.255338
-50.00,-12.81,0.000000
-49.50,-12.81,0.000000
-48.99,-12.81,0.000000
-48.49,-12.81,0.000000
-47.99,-12.81,0.000000
-47.49,-12.81,0.000000
-46.98,-12.81,0.000000
-46.48,-12.81,0.000000
-45.98,-12.81,0.000000
-45.48,-12.81,0.000000
-44.97,-12.81,0.000000
-44.47,-12.81,0.000000
-43.97,-12.81,0.000000
-43.47,-12.81,0.000000
-42.96,-12.81,0.000000
-42.46,-12.81,0.000000
-41.96,-12.81,0.000000
-41.46,-12.81,0.000000
-40.95,-12.81,0.000000
-40.45,-12.81,0.000000
-39.95,-12.81,0.000000
-39.45,-12.81,0.000000
-38.94,-12.81,0.000000
-38.44,-12.81,0.000000
-37.94,-12.81,0.000000
-37.44,-12.81,0.000000
-36.93,-12.81,0.000000
-36.43,-12.81,0.000000
-35.93,-12.81,0.000000
-35.43,-12.81,0.000000
-34.92,-12.81,0.000000
-34.42,-12.81,0.000000
-33.92,-12.81,0.000000
-33.42,-12.81,0.000000
-32.91,-12.81,0.000000
-32.41,-12.81,0.000000
-31.91,-12.81,0.000000
-31.41,-12.81,0.000000
-30.90,-12.81,0.000000
-30.40,-12.81,0.000000
-29.90,-12.81,0.000000
-29.40,-12.81,0.000000
-28.89,-12.81,0.000000
-28.39,-12.81,0.000000
-27.89,-12.81,0.000000
-27.39,-12.81,0.000000
-26.88,-12.81,0.000000
-26.38,-12.81,0.000000
-25.88,-12.81,0.000000
-25.38,-12.81,0.000000
-24.87,-12.81,0.000000
-24.37,-12.81,0.000000
-23.87,-12.81,0.000000
-23.37,-12.81,0.000000
-22.86,-12.81,0.000000
-22.36,-12.81,0.000000
-21.86,-12.81,0.000000
-21.36,-12.81,0.000000
-20.85,-12.81,0.000000
-20.35,-12.81,0.000000
-19.85,-12.81,0.000000
-19.35,-12.81,0.000000
-18.84,-12.81,0.000000
-18.34,-12.81,0.000000
-17.84,-12.81,0.000000
-17.34,-12.81,0.000000
-16.83,-12.81,0.000000
-16.33,-12.81,0.000000
-15.83,-12.81,0.000000
-15.33,-12.81,0.000000
-14.82,-12.81,0.000000
-14.32,-12.81,0.000000
-13.82,-12.81,0.000000
-13.32,-12.81,0.000000
-12.81,-12.81,0.000000
-12.31,-12.81,0.000000
-11.81,-12.81,0.000000
-11.31,-12.81,0.000000
-10.80,-12.81,0.000000
-10.30,-12.81,0.000000
-9.80,-12.81,0.000000
-9.30,-12.81,0.000000
-8.79,-12.81,0.000000
-8.29,-12.81,0.000000
-7.79,-12.81,0.000000
-7.29,-12.81,0.000000
-6.78,-12.81,0.000000
-6.28,-12.81,0.000000
-5.78,-12.81,0.000000
-5.28,-12.81,0.000000
-4.77,-12.81,0.000000
-4.27,-12.81,0.000000
-3.77,-12.81,0.000000
-3.27,-12.81,0.000000
-2.76,-12.81,0.000000
-2.26,-12.81,0.000000
-1.76,-12.81,0.000000
-1.26,-12.81,0.000000
-0.75,-12.81,0.000000
-0.25,-12.81,0.000000
0.25,-12.81,0.005180
0.75,-12.81,0.015517
1.26,-12.81,0.025782
1.76,-12.81,0.035931
2.26,-12.81,0.045921
2.76,-12.81,0.055712
3.27,-12.81,0.065268
3.77,-12.81,0.074559
4.27,-12.81,0.083560
4.77,-12.81,0.092248
5.28,-12.81,0.100609
5.78,-12.81,0.108631
6.28,-12.81,0.116307
6.78,-12.81,0.123634
7.29,-12.81,0.130614
7.79,-12.81,0.137250
8.29,-12.81,0.143548
8.79,-12.81,0.149518
9.30,-12.81,0.155169
9.80,-12.81,0.160512
10.30,-12.81,0.165561
10.80,-12.81,0.170328
11.31,-12.81,0.174826
11.81,-12.81,0.179070
12.31,-12.81,0.183072
12.81,-12.81,0.186845
13.32,-12.81,0.190403
13.82,-12.81,0.193758
14.32,-12.81,0.196922
14.82,-12.81,0.199906
15.33,-12.81,0.202721
15.83,-12.81,0.205379
16.33,-12.81,0.207887
16.83,-12.81,0.210256
17.34,-12.81,0.212495
17.84,-12.81,0.214611
18.34,-12.81,0.216612
18.84,-12.81,0.218506
19.35,-12.81,0.220299
19.85,-12.81,0.221998
20.35,-12.81,0.223608
20.85,-12.81,0.225135
21.36,-12.81,0.226583
21.86,-12.81,0.227959
22.36,-12.81,0.229265
22.86,-12.81,0.230507
23.37,-12.81,0.231688
23.87,-12.81,0.232812
24.37,-12.81,0.233882
24.87,-12.81,0.234902
25.38,-12.81,0.235874
25.88,-12.81,0.236801
26.38,-12.81,0.237685
26.88,-12.81,0.238530
27.39,-12.81,0.239337
27.89,-12.81,0.240108
28.39,-12.81,0.240846
28.89,-12.81,0.241551
29.40,-12.81,0.242227
29.90,-12.81,0.242874
30.40,-12.81,0.243494
30.90,-12.81,0.244089
31.41,-12.81,0.244659
31.91,-12.81,0.245206
32.41,-12.81,0.245732
32.91,-12.81,0.246237
33.42,-12.81,0.246722
33.92,-12.81,0.247188
34.42,-12.81,0.247637
34.92,-12.81,0.248069
35.43,-12.81,0.248484
35.93,-12.81,0.248884
36.43,-12.81,0.249270
36.93,-12.81,0.249642
37.44,-12.81,0.250000
37.94,-12.81,0.250346
38.44,-12.81,0.250679
38.94,-12.81,0.251001
39.45,-12.81,0.251312
39.95,-12.81,0.251613
40.45,-12.81,0.251903
40.95,-12.81,0.252183
41.46,-12.81,0.252455
41.96,-12.81,0.252717
42.46,-12.81,0.252971
42.96,-12.81,0.253217
43.47,-12.81,0.253455
43.97,-12.81,0.253686
44.47,-12.81,0.253909
44.97,-12.81,0.254126
45.48,-12.81,0.254336
45.98,-12.81,0.254539
46.48,-12.81,0.254737
46.98,-12.81,0.254928
47.49,-12.81,0.255114
47.99,-12.81,0.255295
48.49,-12.81,0.255470
48.99,-12.81,0.255641
49.50,-12.81,0.255806
50.00,-12.81,0.255967
-50.00,-12.31,0.000000
-49.50,-12.31,0.000000
-48.99,-12.31,0.000000
-48.49,-12.31,0.000000
-47.99,-12.31,0.000000
-47.49,-12.31,0.000000
-46.98,-12.31,0.000000
-46.48,-12.31,0.000000
-45.98,-12.31,0.000000
-45.48,-12.31,0.000000
-44.97,-12.31,0.000000
-44.47,-12.31,0.000000
-43.97,-12.31,0.000000
-43.47,-12.31,0.000000
-42.96,-12.31,0.000000
-42.46,-12.31,0.000000
-41.96,-12.31,0.000000
-41.46,-12.31,0.000000
-40.95,-12.31,0.000000
-40.45,-12.31,0.000000
-39.95,-12.31,0.000000
-39.45,-12.31,0.000000
-38.94,-12.31,0.000000
-38.44,-12.31,0.000000
-37.94,-12.31,0.000000
-37.44,-12.31,0.000000
-36.93,-12.31,0.000000
-36.43,-12.31,0.000000
-35.93,-12.31,0.000000
-35.43,-12.31,0.000000
-34.92,-12.31,0.000000
-34.42,-12.31,0.000000
-33.92,-12.31,0.000000
-33.42,-12.31,0.000000
-32.91,-12.31,0.000000
-32.41,-12.31,0.000000
-31.91,-12.31,0.000000
-31.41,-12.31,0.000000
-30.90,-12.31,0.000000
-30.40,-12.31,0.000000
-29.90,-12.31,0.000000
-29.40,-12.31,0.000000
-28.89,-12.31,0.000000
-28.39,-12.31,0.000000
-27.89,-12.31,0.000000
-27.39,-12.31,0.000000
-26.88,-12.31,0.000000
-26.38,-12.31,0.000000
-25.88,-12.31,0.000000
-25.38,-12.31,0.000000
-24.87,-12.31,0.000000
-24.37,-12.31,0.000000
-23.87,-12.31,0.000000
-23.37,-12.31,0.000000
-22.86,-12.31,0.000000
-22.36,-12.31,0.000000
-21.86,-12.31,0.000000
-21.36,-12.31,0.000000
-20.85,-12.31,0.000000
-20.35,-12.31,0.000000
-19.85,-12.31,0.000000
-19.35,-12.31,0.000000
-18.84,-12.31,0.000000
-18.34,-12.31,0.000000
-17.84,-12.31,0.000000
-17.34,-12.31,0.000000
-16.83,-12.31,0.000000
-16.33,-12.31,0.000000
-15.83,-12.31,0.000000
-15.33,-12.31,0.000000
-14.82,-12.31,0.000000
-14.32,-12.31,0.000000
-13.82,-12.31,0.000000
-13.32,-12.31,0.000000
-12.81,-12.31,0.000000
-12.31,-12.31,0.000000
-11.81,-12.31,0.000000
-11.31,-12.31,0.000000
-10.80,-12.31,0.000000
-10.30,-12.31,0.000000
-9.80,-12.31,0.000000
-9.30,-12.31,0.000000
-8.79,-12.31,0.000000
-8.29,-12.31,0.000000
-7.79,-12.31,0.000000
-7.29,-12.31,0.000000
-6.78,-12.31,0.000000
-6.28,-12.31,0.000000
-5.78,-12.31,0.000000
-5.28,-12.31,0.000000
-4.77,-12.31,0.000000
-4.27,-12.31,0.000000
-3.77,-12.31,0.000000
-3.27,-12.31,0.000000
-2.76,-12.31,0.000000
-2.26,-12.31,0.000000
-1.76,-12.31,0.000000
-1.26,-12.31,0.000000
-0.75,-12.31,0.000000
-0.25,-12.31,0.000000
0.25,-12.31,0.005392
0.75,-12.31,0.016148
1.26,-12.31,0.026824
1.76,-12.31,0.037369
2.26,-12.31,0.047735
2.76,-12.31,0.057878
3.27,-12.31,0.067760
3.77,-12.31,0.077347
4.27,-12.31,0.086610
4.77,-12.31,0.095530
5.28,-12.31,0.104089
5.78,-12.31,0.112277
6.28,-12.31,0.120089
6.78,-12.31,0.127523
7.29,-12.31,0.134583
7.79,-12.31,0.141273
8.29,-12.31,0.147604
8.79,-12.31,0.153586
9.30,-12.31,0.159231
9.80,-12.31,0.164554
10.30,-12.31,0.169568
10.80,-12.31,0.174289
11.31,-12.31,0.178733
11.81,-12.31,0.182913
12.31,-12.31,0.186845
12.81,-12.31,0.190544
13.32,-12.31,0.194023
13.82,-12.31,0.197297
14.32,-12.31,0.200377
14.82,-12.31,0.203276
15.33,-12.31,0.206006
15.83,-12.31,0.208578
16.33,-12.31,0.211001
16.83,-12.31,0.213286
17.34,-12.31,0.215441
17.84,-12.31,0.217476
18.34,-12.31,0.219397
18.84,-12.31,0.221212
19.35,-12.31,0.222928
19.85,-12.31,0.224552
20.35,-12.31,0.226089
20.85,-12.31,0.227545
21.36,-12.31,0.228925
21.86,-12.31,0.230234
22.36,-12.31,0.231476
22.86,-12.31,0.232655
23.37,-12.31,0.233775
23.87,-12.31,0.234841
24.37,-12.31,0.235854
24.87,-12.31,0.236819
25.38,-12.31,0.237738
25.88,-12.31,0.238614
26.38,-12.31,0.239449
26.88,-12.31,0.240246
27.39,-12.31,0.241007
27.89,-12.31,0.241733
28.39,-12.31,0.242428
28.89,-12.31,0.243092
29.40,-12.31,0.243728
29.90,-12.31,0.244336
30.40,-12.31,0.244919
30.90,-12.31,0.245477
31.41,-12.31,0.246013
31.91,-12.31,0.246526
32.41,-12.31,0.247019
32.91,-12.31,0.247492
33.42,-12.31,0.247947
33.92,-12.31,0.248384
34.42,-12.31,0.248804
34.92,-12.31,0.249208
35.43,-12.31,0.249597
35.93,-12.31,0.249971
36.43,-12.31,0.250332
36.93,-12.31,0.250679
37.44,-12.31,0.251014
37.94,-12.31,0.251337
38.44,-12.31,0.251649
38.94,-12.31,0.251949
39.45,-12.31,0.252240
39.95,-12.31,0.252520
40.45,-12.31,0.252791
40.95,-12.31,0.253052
41.46,-12.31,0.253305
41.96,-12.31,0.253550
42.46,-12.31,0.253787
42.96,-12.31,0.254016
43.47,-12.31,0.254238
43.97,-12.31,0.254453
44.47,-12.31,0.254661
44.97,-12.31,0.254863
45.48,-12.31,0.255058
45.98,-12.31,0.255247
46.48,-12.31,0.255431
46.98,-12.31,0.255610
47.49,-12.31,0.255783
47.99,-12.31,0.255951
48.49,-12.31,0.256114
48.99,-12.31,0.256272
49.50,-12.31,0.256426
50.00,-12.31,0.256576
-50.00,-11.81,0.000000
-49.50,-11.81,0.000000
-48.99,-11.81,0.000000
-48.49,-11.81,0.000000
-47.99,-11.81,0.000000
-47.49,-11.81,0.000000
-46.98,-11.81,0.000000
-46.48,-11.81,0.000000
-45.98,-11.81,0.000000
-45.48,-11.81,0.000000
-44.97,-11.81,0.000000
-44.47,-11.81,0.000000
-43.97,-11.81,0.000000
-43.47,-11.81,0.000000
-42.96,-11.81,0.000000
-42.46,-11.81,0.000000
-41.96,-11.81,0.000000
-41.46,-11.81,0.000000
-40.95,-11.81,0.000000
-40.45,-11.81,0.000000
-39.95,-11.81,0.000000
-39.45,-11.81,0.000000
-38.94,-11.81,0.000000
-38.44,-11.81,0.000000
-37.94,-11.81,0.000000
-37.44,-11.81,0.000000
-36.93,-11.81,0.000000
-36.43,-11.81,0.000000
-35.93,-11.81,0.000000
-35.43,-11.81,0.000000
-34.92,-11.81,0.000000
-34.42,-11.81,0.000000
-33.92,-11.81,0.000000
-33.42,-11.81,0.000000
-32.91,-11.81,0.000000
-32.41,-11.81,0.000000
-31.91,-11.81,0.000000
-31.41,-11.81,0.000000
-30.90,-11.81,0.000000
-30.40,-11.81,0.000000
-29.90,-11.81,0.000000
-29.40,-11.81,0.000000
-28.89,-11.81,0.000000
-28.39,-11.81,0.000000
-27.89,-11.81,0.000000
-27.39,-11.81,0.000000
-26.88,-11.81,0.000000
-26.38,-11.81,0.000000
-25.88,-11.81,0.000000
-25.38,-11.81,0.000000
-24.87,-11.81,0.000000
-24.37,-11.81,0.000000
-23.87,-11.81,0.000000
-23.37,-11.81,0.000000
-22.86,-11.81,0.000000
-22.36,-11.81,0.000000
-21.86,-11.81,0.000000
-21.36,-11.81,0.000000
-20.85,-11.81,0.000000
-20.35,-11.81,0.000000
-19.85,-11.81,0.000000
-19.35,-11.81,0.000000
-18.84,-11.81,0.000000
-18.34,-11.81,0.000000
-17.84,-11.81,0.000000
-17.34,-11.81,0.000000
-16.83,-11.81,0.000000
-16.33,-11.81,0.000000
-15.83,-11.81,0.000000
-15.33,-11.81,0.000000
-14.82,-11.81,0.000000
-14.32,-11.81,0.000000
-13.82,-11.81,0.000000
-13.32,-11.81,0.000000
-12.81,-11.81,0.000000
-12.31,-11.81,0.000000
-11.81,-11.81,0.000000
-11.31,-11.81,0.000000
-10.80,-11.81,0.000000
-10.30,-11.81,0.000000
-9.80,-11.81,0.000000
-9.30,-11.81,0.000000
-8.79,-11.81,0.000000
-8.29,-11.81,0.000000
-7.79,-11.81,0.000000
-7.29,-11.81,0.000000
-6.78,-11.81,0.000000
-6.28,-11.81,0.000000
-5.78,-11.81,0.000000
-5.28,-11.81,0.000000
-4.77,-11.81,0.000000
-4.27,-11.81,0.000000
-3.77,-11.81,0.000000
-3.27,-11.81,0.000000
-2.76,-11.81,0.000000
-2.26,-11.81,0.000000
-1.76,-11.81,0.000000
-1.26,-11.81,0.000000
-0.75,-11.81,0.000000
-0.25,-11.81,0.000000
0.25,-11.81,0.005621
0.75,-11.81,0.016832
1.26,-11.81,0.027953
1.76,-11.81,0.038925
2.26,-11.81,0.049696
2.76,-11.81,0.060216
3.27,-11.81,0.070442
3.77,-11.81,0.080339
4.27,-11.81,0.089877
4.77,-11.81,0.099034
5.28,-11.81,0.107794
5.78,-11.81,0.116147
6.28,-11.81,0.124090
6.78,-11.81,0.131624
7.29,-11.81,0.138754
7.79,-11.81,0.145489
8.29,-11.81,0.151840
8.79,-11.81,0.157821
9.30,-11.81,0.163448
9.80,-11.81,0.168736
10.30,-11.81,0.173703
10.80,-11.81,0.178365
11.31,-11.81,0.182740
11.81,-11.81,0.186845
12.31,-11.81,0.190697
12.81,-11.81,0.194310
13.32,-11.81,0.197700
13.82,-11.81,0.200883
14.32,-11.81,0.203871
14.82,-11.81,0.206677
15.33,-11.81,0.209315
15.83,-11.81,0.211794
16.33,-11.81,0.214126
16.83,-11.81,0.216321
17.34,-11.81,0.218389
17.84,-11.81,0.220337
18.34,-11.81,0.222173
18.84,-11.81,0.223906
19.35,-11.81,0.225543
19.85,-11.81,0.227089
20.35,-11.81,0.228551
20.85,-11.81,0.229933
21.36,-11.81,0.231243
21.86,-11.81,0.232483
22.36,-11.81,0.233659
22.86,-11.81,0.234774
23.37,-11.81,0.235833
23.87,-11.81,0.236839
24.37,-11.81,0.237795
24.87,-11.81,0.238705
25.38,-11.81,0.239570
25.88,-11.81,0.240394
26.38,-11.81,0.241180
26.88,-11.81,0.241929
27.39,-11.81,0.242643
27.89,-11.81,0.243325
28.39,-11.81,0.243977
28.89,-11.81,0.244600
29.40,-11.81,0.245195
29.90,-11.81,0.245765
30.40,-11.81,0.246310
30.90,-11.81,0.246833
31.41,-11.81,0.247333
31.91,-11.81,0.247813
32.41,-11.81,0.248274
32.91,-11.81,0.248716
33.42,-11.81,0.249140
33.92,-11.81,0.249548
34.42,-11.81,0.249940
34.92,-11.81,0.250317
35.43,-11.81,0.250679
35.93,-11.81,0.251028
36.43,-11.81,0.251364
36.93,-11.81,0.251688
37.44,-11.81,0.251999
37.94,-11.81,0.252300
38.44,-11.81,0.252590
38.94,-11.81,0.252870
39.45,-11.81,0.253140
39.95,-11.81,0.253400
40.45,-11.81,0.253652
40.95,-11.81,0.253895
41.46,-11.81,0.254130
41.96,-11.81,0.254358
42.46,-11.81,0.254578
42.96,-11.81,0.254790
43.47,-11.81,0.254996
43.97,-11.81,0.255196
44.47,-11.81,0.255389
44.97,-11.81,0.255576
45.48,-11.81,0.255757
45.98,-11.81,0.255933
46.48,-11.81,0.256103
46.98,-11.81,0.256269
47.49,-11.81,0.256429
47.99,-11.81,0.256585
48.49,-11.81,0.256736
48.99,-11.81,0.256883
49.50,-11.81,0.257025
50.00,-11.81,0.257164
-50.00,-11.31,0.000000
-49.50,-11.31,0.000000
-48.99,-11.31,0.000000
-48.49,-11.31,0.000000
-47.99,-11.31,0.000000
-47.49,-11.31,0.000000
-46.98,-11.31,0.000000
-46.48,-11.31,0.000000
-45.98,-11.31,0.000000
-45.48,-11.31,0.000000
-44.97,-11.31,0.000000
-44.47,-11.31,0.000000
-43.97,-11.31,0.000000
-43.47,-11.31,0.000000
-42.96,-11.31,0.000000
-42.46,-11.31,0.000000
-41.96,-11.31,0.000000
-41.46,-11.31,0.000000
-40.95,-11.31,0.000000
-40.45,-11.31,0.000000
-39.95,-11.31,0.000000
-39.45,-11.31,0.000000
-38.94,-11.31,0.000000
-38.44,-11.31,0.000000
-37.94,-11.31,0.000000
-37.44,-11.31,0.000000
-36.93,-11.31,0.000000
-36.43,-11.31,0.000000
-35.93,-11.31,0.000000
-35.43,-11.31,0.000000
-34.92,-11.31,0.000000
-34.42,-11.31,0.000000
-33.92,-11.31,0.000000
-33.42,-11.31,0.000000
-32.91,-11.31,0.000000
-32.41,-11.31,0.000000
-31.91,-11.31,0.000000
-31.41,-11.31,0.000000
-30.90,-11.31,0.000000
-30.40,-11.31,0.000000
-29.90,-11.31,0.000000
-29.40,-11.31,0.000000
-28.89,-11.31,0.000000
-28.39,-11.31,0.000000
-27.89,-11.31,0.000000
-27.39,-11.31,0.000000
-26.88,-11.31,0.000000
-26.38,-11.31,0.000000
-25.88,-11.31,0.000000
-25.38,-11.31,0.000000
-24.87,-11.31,0.000000
-24.37,-11.31,0.000000
-23.87,-11.31,0.000000
-23.37,-11.31,0.000000
-22.86,-11.31,0.000000
-22.36,-11.31,0.000000
-21.86,-11.31,0.000000
-21.36,-11.31,0.000000
-20.85,-11.31,0.000000
-20.35,-11.31,0.000000
-19.85,-11.31,0.000000
-19.35,-11.31,0.000000
-18.84,-11.31,0.000000
-18.34,-11.31,0.000000
-17.84,-11.31,0.000000
-17.34,-11.31,0.000000
-16.83,-11.31,0.000000
-16.33,-11.31,0.000000
-15.83,-11.31,0.000000
-15.33,-11.31,0.000000
-14.82,-11.31,0.000000
-14.32,-11.31,0.000000
-13.82,-11.31,0.000000
-13.32,-11.31,0.000000
-12.81,-11.31,0.000000
-12.31,-11.31,0.000000
-11.81,-11.31,0.000000
-11.31,-11.31,0.000000
-10.80,-11.31,0.000000
-10.30,-11.31,0.000000
-9.80,-11.31,0.000000
-9.30,-11.31,0.000000
-8.79,-11.31,0.000000
-8.29,-11.31,0.000000
-7.79,-11.31,0.000000
-7.29,-11.31,0.000000
-6.78,-11.31,0.000000
-6.28,-11.31,0.000000
-5.78,-11.31,0.000000
-5.28,-11.31,0.000000
-4.77,-11.31,0.000000
-4.27,-11.31,0.000000
-3.77,-11.31,0.000000
-3.27,-11.31,0.000000
-2.76,-11.31,0.000000
-2.26,-11.31,0.000000
-1.76,-11.31,0.000000
-1.26,-11.31,0.000000
-0.75,-11.31,0.000000
-0.25,-11.31,0.000000
0.25,-11.31,0.005871
0.75,-11.31,0.017577
1.26,-11.31,0.029180
1.76,-11.31,0.040615
2.26,-11.31,0.051822
2.76,-11.31,0.062744
3.27,-11.31,0.073337
3.77,-11.31,0.083560
4.27,-11.31,0.093382
4.77,-11.31,0.102782
5.28,-11.31,0.111743
5.78,-11.31,0.120258
6.28,-11.31,0.128326
6.78,-11.31,0.135950
7.29,-11.31,0.143139
7.79,-11.31,0.149904
8.29,-11.31,0.156261
8.79,-11.31,0.162227
9.30,-11.31,0.167820
9.80,-11.31,0.173058
10.30,-11.31,0.177962
10.80,-11.31,0.182552
11.31,-11.31,0.186845
11.81,-11.31,0.190862
12.31,-11.31,0.194620
12.81,-11.31,0.198136
13.32,-11.31,0.201428
13.82,-11.31,0.204510
14.32,-11.31,0.207397
14.82,-11.31,0.210102
15.33,-11.31,0.212640
15.83,-11.31,0.215020
16.33,-11.31,0.217255
16.83,-11.31,0.219355
17.34,-11.31,0.221329
17.84,-11.31,0.223187
18.34,-11.31,0.224936
18.84,-11.31,0.226583
19.35,-11.31,0.228137
19.85,-11.31,0.229602
20.35,-11.31,0.230987
20.85,-11.31,0.232294
21.36,-11.31,0.233531
21.86,-11.31,0.234702
22.36,-11.31,0.235810
22.86,-11.31,0.236861
23.37,-11.31,0.237857
23.87,-11.31,0.238803
24.37,-11.31,0.239701
24.87,-11.31,0.240554
25.38,-11.31,0.241366
25.88,-11.31,0.242139
26.38,-11.31,0.242874
26.88,-11.31,0.243575
27.39,-11.31,0.244243
27.89,-11.31,0.244881
28.39,-11.31,0.245489
28.89,-11.31,0.246071
29.40,-11.31,0.246626
29.90,-11.31,0.247158
30.40,-11.31,0.247666
30.90,-11.31,0.248153
31.41,-11.31,0.248619
31.91,-11.31,0.249066
32.41,-11.31,0.249495
32.91,-11.31,0.249906
33.42,-11.31,0.250300
33.92,-11.31,0.250679
34.42,-11.31,0.251043
34.92,-11.31,0.251393
35.43,-11.31,0.251730
35.93,-11.31,0.252054
36.43,-11.31,0.252365
36.93,-11.31,0.252665
37.44,-11.31,0.252955
37.94,-11.31,0.253233
38.44,-11.31,0.253502
38.94,-11.31,0.253761
39.45,-11.31,0.254011
39.95,-11.31,0.254252
40.45,-11.31,0.254486
40.95,-11.31,0.254711
41.46,-11.31,0.254928
41.96,-11.31,0.255139
42.46,-11.31,0.255342
42.96,-11.31,0.255539
43.47,-11.31,0.255729
43.97,-11.31,0.255914
44.47,-11.31,0.256092
44.97,-11.31,0.256265
45.48,-11.31,0.256433
45.98,-11.31,0.256595
46.48,-11.31,0.256753
46.98,-11.31,0.256905
47.49,-11.31,0.257053
47.99,-11.31,0.257197
48.49,-11.31,0.257337
48.99,-11.31,0.257472
49.50,-11.31,0.257604
50.00,-11.31,0.257732
-50.00,-10.80,0.000000
-49.50,-10.80,0.000000
-48.99,-10.80,0.000000
-48.49,-10.80,0.000000
-47.99,-10.80,0.000000
-47.49,-10.80,0.000000
-46.98,-10.80,0.000000
-46.48,-10.80,0.000000
-45.98,-10.80,0.000000
-45.48,-10.80,0.000000
-44.97,-10.80,0.000000
-44.47,-10.80,0.000000
-43.97,-10.80,0.000000
-43.47,-10.80,0.000000
-42.96,-10.80,0.000000
-42.46,-10.80,0.000000
-41.96,-10.80,0.000000
-41.46,-10.80,0.000000
-40.95,-10.80,0.000000
-40.45,-10.80,0.000000
-39.95,-10.80,0.000000
-39.45,-10.80,0.000000
-38.94,-10.80,0.000000
-38.44,-10.80,0.000000
-37.94,-10.80,0.000000
-37.44,-10.80,0.000000
-36.93,-10.80,0.000000
-36.43,-10.80,0.000000
-35.93,-10.80,0.000000
-35.43,-10.80,0.000000
-34.92,-10.80,0.000000
-34.42,-10.80,0.000000
-33.92,-10.80,0.000000
-33.42,-10.80,0.000000
-32.91,-10.80,0.000000
-32.41,-10.80,0.000000
-31.91,-10.80,0.000000
-31.41,-10.80,0.000000
-30.90,-10.80,0.000000
-30.40,-10.80,0.000000
-29.90,-10.80,0.000000
-29.40,-10.80,0.000000
-28.89,-10.80,0.000000
-28.39,-10.80,0.000000
-27.89,-10.80,0.000000
-27.39,-10.80,0.000000
-26.88,-10.80,0.000000
-26.38,-10.80,0.000000
-25.88,-10.80,0.000000
-25.38,-10.80,0.000000
-24.87,-10.80,0.000000
-24.37,-10.80,0.000000
-23.87,-10.80,0.000000
-23.37,-10.80,0.000000
-22.86,-10.80,0.000000
-22.36,-10.80,0.000000
-21.86,-10.80,0.000000
-21.36,-10.80,0.000000
-20.85,-10.80,0.000000
-20.35,-10.80,0.000000
-19.85,-10.80,0.000000
-19.35,-10.80,0.000000
-18.84,-10.80,0.000000
-18.34,-10.80,0.000000
-17.84,-10.80,0.000000
-17.34,-10.80,0.000000
-16.83,-10.80,0.000000
-16.33,-10.80,0.000000
-15.83,-10.80,0.000000
-15.33,-10.80,0.000000
-14.82,-10.80,0.000000
-14.32,-10.80,0.000000
-13.82,-10.80,0.000000
-13.32,-10.80,0.000000
-12.81,-10.80,0.000000
-12.31,-10.80,0.000000
-11.81,-10.80,0.000000
-11.31,-10.80,0.000000
-10.80,-10.80,0.000000
-10.30,-10.80,0.000000
-9.80,-10.80,0.000000
-9.30,-10.80,0.000000
-8.79,-10.80,0.000000
-8.29,-10.80,0.000000
-7.79,-10.80,0.000000
-7.29,-10.80,0.000000
-6.78,-10.80,0.000000
-6.28,-10.80,0.000000
-5.78,-10.80,0.000000
-5.28,-10.80,0.000000
-4.77,-10.80,0.000000
-4.27,-10.80,0.000000
-3.77,-10.80,0.000000
-3.27,-10.80,0.000000
-2.76,-10.80,0.000000
-2.26,-10.80,0.000000
-1.76,-10.80,0.000000
-1.26,-10.80,0.000000
-0.75,-10.80,0.000000
-0.25,-10.80,0.000000
0.25,-10.80,0.006143
0.75,-10.80,0.018391
1.26,-10.80,0.030520
1.76,-10.80,0.042457
2.26,-10.80,0.054133
2.76,-10.80,0.065487
3.27,-10.80,0.076468
3.77,-10.80,0.087033
4.27,-10.80,0.097150
4.77,-10.80,0.106796
5.28,-10.80,0.115957
5.78,-10.80,0.124629
6.28,-10.80,0.132812
6.78,-10.80,0.140514
7.29,-10.80,0.147747
7.79,-10.80,0.154527
8.29,-10.80,0.160874
8.79,-10.80,0.166807
9.30,-10.80,0.172348
9.80,-10.80,0.177520
10.30,-10.80,0.182345
10.80,-10.80,0.186845
11.31,-10.80,0.191042
11.81,-10.80,0.194957
12.31,-10.80,0.198609
12.81,-10.80,0.202017
13.32,-10.80,0.205198
13.82,-10.80,0.208169
14.32,-10.80,0.210946
14.82,-10.80,0.213543
15.33,-10.80,0.215973
15.83,-10.80,0.218248
16.33,-10.80,0.220380
16.83,-10.80,0.222380
17.34,-10.80,0.224257
17.84,-10.80,0.226019
18.34,-10.80,0.227677
18.84,-10.80,0.229235
19.35,-10.80,0.230703
19.85,-10.80,0.232087
20.35,-10.80,0.233391
20.85,-10.80,0.234622
21.36,-10.80,0.235785
21.86,-10.80,0.236885
22.36,-10.80,0.237925
22.86,-10.80,0.238910
23.37,-10.80,0.239843
23.87,-10.80,0.240728
24.37,-10.80,0.241567
24.87,-10.80,0.242365
25.38,-10.80,0.243122
25.88,-10.80,0.243843
26.38,-10.80,0.244529
26.88,-10.80,0.245182
27.39,-10.80,0.245804
27.89,-10.80,0.246397
28.39,-10.80,0.246963
28.89,-10.80,0.247503
29.40,-10.80,0.248019
29.90,-10.80,0.248513
30.40,-10.80,0.248984
30.90,-10.80,0.249436
31.41,-10.80,0.249868
31.91,-10.80,0.250282
32.41,-10.80,0.250679
32.91,-10.80,0.251060
33.42,-10.80,0.251425
33.92,-10.80,0.251776
34.42,-10.80,0.252113
34.92,-10.80,0.252436
35.43,-10.80,0.252747
35.93,-10.80,0.253046
36.43,-10.80,0.253334
36.93,-10.80,0.253612
37.44,-10.80,0.253878
37.94,-10.80,0.254136
38.44,-10.80,0.254384
38.94,-10.80,0.254623
39.45,-10.80,0.254853
39.95,-10.80,0.255076
40.45,-10.80,0.255291
40.95,-10.80,0.255498
41.46,-10.80,0.255699
41.96,-10.80,0.255893
42.46,-10.80,0.256080
42.96,-10.80,0.256261
43.47,-10.80,0.256437
43.97,-10.80,0.256606
44.47,-10.80,0.256771
44.97,-10.80,0.256930
45.48,-10.80,0.257084
45.98,-10.80,0.257233
46.48,-10.80,0.257378
46.98,-10.80,0.257519
47.49,-10.80,0.257655
47.99,-10.80,0.257787
48.49,-10.80,0.257915
48.99,-10.80,0.258040
49.50,-10.80,0.258161
50.00,-10.80,0.258278
-50.00,-10.30,0.000000
-49.50,-10.30,0.000000
-48.99,-10.30,0.000000
-48.49,-10.30,0.000000
-47.99,-10.30,0.000000
-47.49,-10.30,0.000000
-46.98,-10.30,0.000000
-46.48,-10.30,0.000000
-45.98,-10.30,0.000000
-45.48,-10.30,0.000000
-44.97,-10.30,0.000000
-44.47,-10.30,0.000000
-43.97,-10.30,0.000000
-43.47,-10.30,0.000000
-42.96,-10.30,0.000000
-42.46,-10.30,0.000000
-41.96,-10.30,0.000000
-41.46,-10.30,0.000000
-40.95,-10.30,0.000000
-40.45,-10.30,0.000000
-39.95,-10.30,0.000000
-39.45,-10.30,0.000000
-38.94,-10.30,0.000000
-38.44,-10.30,0.000000
-37.94,-10.30,0.000000
-37.44,-10.30,0.000000
-36.93,-10.30,0.000000
-36.43,-10.30,0.000000
-35.93,-10.30,0.000000
-35.43,-10.30,0.000000
-34.92,-10.30,0.000000
-34.42,-10.30,0.000000
-33.92,-10.30,0.000000
-33.42,-10.30,0.000000
-32.91,-10.30,0.000000
-32.41,-10.30,0.000000
-31.91,-10.30,0.000000
-31.41,-10.30,0.000000
-30.90,-10.30,0.000000
-30.40,-10.30,0.000000
-29.90,-10.30,0.000000
-29.40,-10.30,0.000000
-28.89,-10.30,0.000000
-28.39,-10.30,0.000000
-27.89,-10.30,0.000000
-27.39,-10.30,0.000000
-26.88,-10.30,0.000000
-26.38,-10.30,0.000000
-25.88,-10.30,0.000000
-25.38,-10.30,0.000000
-24.87,-10.30,0.000000
-24.37,-10.30,0.000000
-23.87,-10.30,0.000000
-23.37,-10.30,0.000000
-22.86,-10.30,0.000000
-22.36,-10.30,0.000000
-21.86,-10.30,0.000000
-21.36,-10.30,0.000000
-20.85,-10.30,0.000000
-20.35,-10.30,0.000000
-19.85,-10.30,0.000000
-19.35,-10.30,0.000000
-18.84,-10.30,0.000000
-18.34,-10.30,0.000000
-17.84,-10.30,0.000000
-17.34,-10.30,0.000000
-16.83,-10.30,0.000000
-16.33,-10.30,0.000000
-15.83,-10.30,0.000000
-15.33,-10.30,0.000000
-14.82,-10.30,0.000000
-14.32,-10.30,0.000000
-13.82,-10.30,0.000000
-13.32,-10.30,0.000000
-12.81,-10.30,0.000000
-12.31,-10.30,0.000000
-11.81,-10.30,0.000000
-11.31,-10.30,0.000000
-10.80,-10.30,0.000000
-10.30,-10.30,0.000000
-9.80,-10.30,0.000000
-9.30,-10.30,0.000000
-8.79,-10.30,0.000000
-8.29,-10.30,0.000000
-7.79,-10.30,0.000000
-7.29,-10.30,0.000000
-6.78,-10.30,0.000000
-6.28,-10.30,0.000000
-5.78,-10.30,0.000000
-5.28,-10.30,0.000000
-4.77,-10.30,0.000000
-4.27,-10.30,0.000000
-3.77,-10.30,0.000000
-3.27,-10.30,0.000000
-2.76,-10.30,0.000000
-2.26,-10.30,0.000000
-1.76,-10.30,0.000000
-1.26,-10.30,0.000000
-0.75,-10.30,0.000000
-0.25,-10.30,0.000000
0.25,-10.30,0.006443
0.75,-10.30,0.019283
1.26,-10.30,0.031987
1.76,-10.30,0.044471
2.26,-10.30,0.056655
2.76,-10.30,0.068472
3.27,-10.30,0.079865
3.77,-10.30,0.090788
4.27,-10.30,0.101208
4.77,-10.30,0.111102
5.28,-10.30,0.120460
5.78,-10.30,0.129279
6.28,-10.30,0.137565
6.78,-10.30,0.145329
7.29,-10.30,0.152589
7.79,-10.30,0.159365
8.29,-10.30,0.165680
8.79,-10.30,0.171561
9.30,-10.30,0.177031
9.80,-10.30,0.182117
10.30,-10.30,0.186845
10.80,-10.30,0.191240
11.31,-10.30,0.195325
11.81,-10.30,0.199122
12.31,-10.30,0.202655
12.81,-10.30,0.205942
13.32,-10.30,0.209002
13.82,-10.30,0.211853
14.32,-10.30,0.214510
14.82,-10.30,0.216990
15.33,-10.30,0.219306
15.83,-10.30,0.221469
16.33,-10.30,0.223493
16.83,-10.30,0.225387
17.34,-10.30,0.227162
17.84,-10.30,0.228826
18.34,-10.30,0.230389
18.84,-10.30,0.231856
19.35,-10.30,0.233236
19.85,-10.30,0.234535
20.35,-10.30,0.235758
20.85,-10.30,0.236911
21.36,-10.30,0.237999
21.86,-10.30,0.239026
22.36,-10.30,0.239997
22.86,-10.30,0.240916
23.37,-10.30,0.241785
23.87,-10.30,0.242609
24.37,-10.30,0.243390
24.87,-10.30,0.244131
25.38,-10.30,0.244835
25.88,-10.30,0.245504
26.38,-10.30,0.246140
26.88,-10.30,0.246745
27.39,-10.30,0.247321
27.89,-10.30,0.247871
28.39,-10.30,0.248394
28.89,-10.30,0.248894
29.40,-10.30,0.249371
29.90,-10.30,0.249827
30.40,-10.30,0.250263
30.90,-10.30,0.250679
31.41,-10.30,0.251078
31.91,-10.30,0.251460
32.41,-10.30,0.251826
32.91,-10.30,0.252177
33.42,-10.30,0.252513
33.92,-10.30,0.252836
34.42,-10.30,0.253146
34.92,-10.30,0.253444
35.43,-10.30,0.253730
35.93,-10.30,0.254005
36.43,-10.30,0.254270
36.93,-10.30,0.254525
37.44,-10.30,0.254770
37.94,-10.30,0.255006
38.44,-10.30,0.255234
38.94,-10.30,0.255453
39.45,-10.30,0.255665
39.95,-10.30,0.255869
40.45,-10.30,0.256066
40.95,-10.30,0.256257
41.46,-10.30,0.256441
41.96,-10.30,0.256618
42.46,-10.30,0.256790
42.96,-10.30,0.256956
43.47,-10.30,0.257117
43.97,-10.30,0.257273
44.47,-10.30,0.257423
44.97,-10.30,0.257569
45.48,-10.30,0.257710
45.98,-10.30,0.257847
46.48,-10.30,0.257980
46.98,-10.30,0.258108
47.49,-10.30,0.258233
47.99,-10.30,0.258354
48.49,-10.30,0.258471
48.99,-10.30,0.258585
49.50,-10.30,0.258696
50.00,-10.30,0.258803
-50.00,-9.80,0.000000
-49.50,-9.80,0.000000
-48.99,-9.80,0.000000
-48.49,-9.80,0.000000
-47.99,-9.80,0.000000
-47.49,-9.80,0.000000
-46.98,-9.80,0.000000
-46.48,-9.80,0.000000
-45.98,-9.80,0.000000
-45.48,-9.80,0.000000
-44.97,-9.80,0.000000
-44.47,-9.80,0.000000
-43.97,-9.80,0.000000
-43.47,-9.80,0.000000
-42.96,-9.80,0.000000
-42.46,-9.80,0.000000
-41.96,-9.80,0.000000
-41.46,-9.80,0.000000
-40.95,-9.80,0.000000
-40.45,-9.80,0.000000
-39.95,-9.80,0.000000
-39.45,-9.80,0.000000
-38.94,-9.80,0.000000
-38.44,-9.80,0.000000
-37.94,-9.80,0.000000
-37.44,-9.80,0.000000
-36.93,-9.80,0.000000
-36.43,-9.80,0.000000
-35.93,-9.80,0.000000
-35.43,-9.80,0.000000
-34.92,-9.80,0.000000
-34.42,-9.80,0.000000
-33.92,-9.80,0.000000
-33.42,-9.80,0.000000
-32.91,-9.80,0.000000
-32.41,-9.80,0.000000
-31.91,-9.80,0.000000
-31.41,-9.80,0.000000
-30.90,-9.80,0.000000
-30.40,-9.80,0.000000
-29.90,-9.80,0.000000
-29.40,-9.80,0.000000
-28.89,-9.80,0.000000
-28.39,-9.80,0.000000
-27.89,-9.80,0.000000
-27.39,-9.80,0.000000
-26.88,-9.80,0.000000
-26.38,-9.80,0.000000
-25.88,-9.80,0.000000
-25.38,-9.80,0.000000
-24.87,-9.80,0.000000
-24.37,-9.80,0.000000
-23.87,-9.80,0.000000
-23.37,-9.80,0.000000
-22.86,-9.80,0.000000
-22.36,-9.80,0.000000
-21.86,-9.80,0.000000
-21.36,-9.80,0.000000
-20.85,-9.80,0.000000
-20.35,-9.80,0.000000
-19.85,-9.80,0.000000
-19.35,-9.80,0.000000
-18.84,-9.80,0.000000
-18.34,-9.80,0.000000
-17.84,-9.80,0.000000
-17.34,-9.80,0.000000
-16.83,-9.80,0.000000
-16.33,-9.80,0.000000
-15.83,-9.80,0.000000
-15.33,-9.80,0.000000
-14.82,-9.80,0.000000
-14.32,-9.80,0.000000
-13.82,-9.80,0.000000
-13.32,-9.80,0.000000
-12.81,-9.80,0.000000
-12.31,-9.80,0.000000
-11.81,-9.80,0.000000
-11.31,-9.80,0.000000
-10.80,-9.80,0.000000
-10.30,-9.80,0.000000
-9.80,-9.80,0.000000
-9.30,-9.80,0.000000
-8.79,-9.80,0.000000
-8.29,-9.80,0.000000
-7.79,-9.80,0.000000
-7.29,-9.80,0.000000
-6.78,-9.80,0.000000
-6.28,-9.80,0.000000
-5.78,-9.80,0.000000
-5.28,-9.80,0.000000
-4.77,-9.80,0.000000
-4.27,-9.80,0.000000
-3.77,-9.80,0.000000
-3.27,-9.80,0.000000
-2.76,-9.80,0.000000
-2.26,-9.80,0.000000
-1.76,-9.80,0.000000
-1.26,-9.80,0.000000
-0.75,-9.80,0.000000
-0.25,-9.80,0.000000
0.25,-9.80,0.006773
0.75,-9.80,0.020266
1.26,-9.80,0.033602
1.76,-9.80,0.046682
2.26,-9.80,0.059417
2.76,-9.80,0.071730
3.27,-9.80,0.083560
3.77,-9.80,0.094856
4.27,-9.80,0.105586
4.77,-9.80,0.115729
5.28,-9.80,0.125276
5.78,-9.80,0.134230
6.28,-9.80,0.142601
6.78,-9.80,0.150408
7.29,-9.80,0.157672
7.79,-9.80,0.164421
8.29,-9.80,0.170683
8.79,-9.80,0.176488
9.30,-9.80,0.181865
9.80,-9.80,0.186845
10.30,-9.80,0.191457
10.80,-9.80,0.195727
11.31,-9.80,0.199683
11.81,-9.80,0.203348
12.31,-9.80,0.206747
12.81,-9.80,0.209900
13.32,-9.80,0.212828
13.82,-9.80,0.215549
14.32,-9.80,0.218078
14.82,-9.80,0.220433
15.33,-9.80,0.222627
15.83,-9.80,0.224673
16.33,-9.80,0.226583
16.83,-9.80,0.228368
17.34,-9.80,0.230037
17.84,-9.80,0.231599
18.34,-9.80,0.233064
18.84,-9.80,0.234437
19.35,-9.80,0.235727
19.85,-9.80,0.236939
20.35,-9.80,0.238080
20.85,-9.80,0.239154
21.36,-9.80,0.240166
21.86,-9.80,0.241121
22.36,-9.80,0.242022
22.86,-9.80,0.242874
23.37,-9.80,0.243680
23.87,-9.80,0.244443
24.37,-9.80,0.245165
24.87,-9.80,0.245850
25.38,-9.80,0.246500
25.88,-9.80,0.247118
26.38,-9.80,0.247704
26.88,-9.80,0.248262
27.39,-9.80,0.248793
27.89,-9.80,0.249299
28.39,-9.80,0.249781
28.89,-9.80,0.250241
29.40,-9.80,0.250679
29.90,-9.80,0.251098
30.40,-9.80,0.251498
30.90,-9.80,0.251881
31.41,-9.80,0.252247
31.91,-9.80,0.252597
32.41,-9.80,0.252933
32.91,-9.80,0.253254
33.42,-9.80,0.253563
33.92,-9.80,0.253858
34.42,-9.80,0.254142
34.92,-9.80,0.254415
35.43,-9.80,0.254677
35.93,-9.80,0.254928
36.43,-9.80,0.255170
36.93,-9.80,0.255403
37.44,-9.80,0.255628
37.94,-9.80,0.255844
38.44,-9.80,0.256052
38.94,-9.80,0.256252
39.45,-9.80,0.256445
39.95,-9.80,0.256632
40.45,-9.80,0.256812
40.95,-9.80,0.256986
41.46,-9.80,0.257153
41.96,-9.80,0.257316
42.46,-9.80,0.257472
42.96,-9.80,0.257624
43.47,-9.80,0.257770
43.97,-9.80,0.257912
44.47,-9.80,0.258049
44.97,-9.80,0.258182
45.48,-9.80,0.258311
45.98,-9.80,0.258435
46.48,-9.80,0.258556
46.98,-9.80,0.258673
47.49,-9.80,0.258787
47.99,-9.80,0.258897
48.49,-9.80,0.259004
48.99,-9.80,0.259108
49.50,-9.80,0.259208
50.00,-9.80,0.259306
-50.00,-9.30,0.000000
-49.50,-9.30,0.000000
-48.99,-9.30,0.000000
-48.49,-9.30,0.000000
-47.99,-9.30,0.000000
-47.49,-9.30,0.000000
-46.98,-9.30,0.000000
-46.48,-9.30,0.000000
-45.98,-9.30,0.000000
-45.48,-9.30,0.000000
-44.97,-9.30,0.000000
-44.47,-9.30,0.000000
-43.97,-9.30,0.000000
-43.47,-9.30,0.000000
-42.96,-9.30,0.000000
-42.46,-9.30,0.000000
-41.96,-9.30,0.000000
-41.46,-9.30,0.000000
-40.95,-9.30,0.000000
-40.45,-9.30,0.000000
-39.95,-9.30,0.000000
-39.45,-9.30,0.000000
-38.94,-9.30,0.000000
-38.44,-9.30,0.000000
-37.94,-9.30,0.000000
-37.44,-9.30,0.000000
-36.93,-9.30,0.000000
-36.43,-9.30,0.000000
-35.93,-9.30,0.000000
-35.43,-9.30,0.000000
-34.92,-9.30,0.000000
-34.42,-9.30,0.000000
-33.92,-9.30,0.000000
-33.42,-9.30,0.000000
-32.91,-9.30,0.000000
-32.41,-9.30,0.000000
-31.91,-9.30,0.000000
-31.41,-9.30,0.000000
-30.90,-9.30,0.000000
-30.40,-9.30,0.000000
-29.90,-9.30,0.000000
-29.40,-9.30,0.000000
-28.89,-9.30,0.000000
-28.39,-9.30,0.000000
-27.89,-9.30,0.000000
-27.39,-9.30,0.000000
-26.88,-9.30,0.000000
-26.38,-9.30,0.000000
-25.88,-9.30,0.000000
-25.38,-9.30,0.000000
-24.87,-9.30,0.000000
-24.37,-9.30,0.000000
-23.87,-9.30,0.000000
-23.37,-9.30,0.000000
-22.86,-9.30,0.000000
-22.36,-9.30,0.000000
-21.86,-9.30,0.000000
-21.36,-9.30,0.000000
-20.85,-9.30,0.000000
-20.35,-9.30,0.000000
-19.85,-9.30,0.000000
-19.35,-9.30,0.000000
-18.84,-9.30,0.000000
-18.34,-9.30,0.000000
-17.84,-9.30,0.000000
-17.34,-9.30,0.000000
-16.83,-9.30,0.000000
-16.33,-9.30,0.000000
-15.83,-9.30,0.000000
-15.33,-9.30,0.000000
-14.82,-9.30,0.000000
-14.32,-9.30,0.000000
-13.82,-9.30,0.000000
-13.32,-9.30,0.000000
-12.81,-9.30,0.000000
-12.31,-9.30,0.000000
-11.81,-9.30,0.000000
-11.31,-9.30,0.000000
-10.80,-9.30,0.000000
-10.30,-9.30,0.000000
-9.80,-9.30,0.000000
-9.30,-9.30,0.000000
-8.79,-9.30,0.000000
-8.29,-9.30,0.000000
-7.79,-9.30,0.000000
-7.29,-9.30,0.000000
-6.78,-9.30,0.000000
-6.28,-9.30,0.000000
-5.78,-9.30,0.000000
-5.28,-9.30,0.000000
-4.77,-9.30,0.000000
-4.27,-9.30,0.000000
-3.77,-9.30,0.000000
-3.27,-9.30,0.000000
-2.76,-9.30,0.000000
-2.26,-9.30,0.000000
-1.76,-9.30,0.000000
-1.26,-9.30,0.000000
-0.75,-9.30,0.000000
-0.25,-9.30,0.000000
0.25,-9.30,0.007139
0.75,-9.30,0.021355
1.26,-9.30,0.035386
1.76,-9.30,0.049120
2.26,-9.30,0.062453
2.76,-9.30,0.075300
3.27,-9.30,0.087592
3.77,-9.30,0.099276
4.27,-9.30,0.110320
4.77,-9.30,0.120706
5.28,-9.30,0.130430
5.78,-9.30,0.139501
6.28,-9.30,0.147936
6.78,-9.30,0.155761
7.29,-9.30,0.163004
7.79,-9.30,0.169700
8.29,-9.30,0.175881
8.79,-9.30,0.181585
9.30,-9.30,0.186845
9.80,-9.30,0.191696
10.30,-9.30,0.196169
10.80,-9.30,0.200296
11.31,-9.30,0.204105
11.81,-9.30,0.207623
12.31,-9.30,0.210874
12.81,-9.30,0.213881
13.32,-9.30,0.216665
13.82,-9.30,0.219245
14.32,-9.30,0.221638
14.82,-9.30,0.223861
15.33,-9.30,0.225927
15.83,-9.30,0.227850
16.33,-9.30,0.229641
16.83,-9.30,0.231312
17.34,-9.30,0.232871
17.84,-9.30,0.234329
18.34,-9.30,0.235693
18.84,-9.30,0.236971
19.35,-9.30,0.238169
19.85,-9.30,0.239294
20.35,-9.30,0.240351
20.85,-9.30,0.241345
21.36,-9.30,0.242280
21.86,-9.30,0.243162
22.36,-9.30,0.243994
22.86,-9.30,0.244779
23.37,-9.30,0.245522
23.87,-9.30,0.246223
24.37,-9.30,0.246888
24.87,-9.30,0.247517
25.38,-9.30,0.248114
25.88,-9.30,0.248681
26.38,-9.30,0.249219
26.88,-9.30,0.249730
27.39,-9.30,0.250216
27.89,-9.30,0.250679
28.39,-9.30,0.251120
28.89,-9.30,0.251540
29.40,-9.30,0.251941
29.90,-9.30,0.252324
30.40,-9.30,0.252689
30.90,-9.30,0.253038
31.41,-9.30,0.253372
31.91,-9.30,0.253692
32.41,-9.30,0.253998
32.91,-9.30,0.254291
33.42,-9.30,0.254572
33.92,-9.30,0.254841
34.42,-9.30,0.255099
34.92,-9.30,0.255348
35.43,-9.30,0.255586
35.93,-9.30,0.255815
36.43,-9.30,0.256035
36.93,-9.30,0.256247
37.44,-9.30,0.256451
37.94,-9.30,0.256647
38.44,-9.30,0.256836
38.94,-9.30,0.257018
39.45,-9.30,0.257193
39.95,-9.30,0.257363
40.45,-9.30,0.257526
40.95,-9.30,0.257684
41.46,-9.30,0.257836
41.96,-9.30,0.257983
42.46,-9.30,0.258125
42.96,-9.30,0.258263
43.47,-9.30,0.258395
43.97,-9.30,0.258524
44.47,-9.30,0.258648
44.97,-9.30,0.258769
45.48,-9.30,0.258885
45.98,-9.30,0.258998
46.48,-9.30,0.259108
46.98,-9.30,0.259214
47.49,-9.30,0.259317
47.99,-9.30,0.259416
48.49,-9.30,0.259513
48.99,-9.30,0.259607
49.50,-9.30,0.259698
50.00,-9.30,0.259787
-50.00,-8.79,0.000000
-49.50,-8.79,0.000000
-48.99,-8.79,0.000000
-48.49,-8.79,0.000000
-47.99,-8.79,0.000000
-47.49,-8.79,0.000000
-46.98,-8.79,0.000000
-46.48,-8.79,0.000000
-45.98,-8.79,0.000000
-45.48,-8.79,0.000000
-44.97,-8.79,0.000000
-44.47,-8.79,0.000000
-43.97,-8.79,0.000000
-43.47,-8.79,0.000000
-42.96,-8.79,0.000000
-42.46,-8.79,0.000000
-41.96,-8.79,0.000000
-41.46,-8.79,0.000000
-40.95,-8.79,0.000000
-40.45,-8.79,0.000000
-39.95,-8.79,0.000000
-39.45,-8.79,0.000000
-38.94,-8.79,0.000000
-38.44,-8.79,0.000000
-37.94,-8.79,0.000000
-37.44,-8.79,0.000000
-36.93,-8.79,0.000000
-36.43,-8.79,0.000000
-35.93,-8.79,0.000000
-35.43,-8.79,0.000000
-34.92,-8.79,0.000000
-34.42,-8.79,0.000000
-33.92,-8.79,0.000000
-33.42,-8.79,0.000000
-32.91,-8.79,0.000000
-32.41,-8.79,0.000000
-31.91,-8.79,0.000000
-31.41,-8.79,0.000000
-30.90,-8.79,0.000000
-30.40,-8.79,0.000000
-29.90,-8.79,0.000000
-29.40,-8.79,0.000000
-28.89,-8.79,0.000000
-28.39,-8.79,0.000000
-27.89,-8.79,0.000000
-27.39,-8.79,0.000000
-26.88,-8.79,0.000000
-26.38,-8.79,0.000000
-25.88,-8.79,0.000000
-25.38,-8.79,0.000000
-24.87,-8.79,0.000000
-24.37,-8.79,0.000000
-23.87,-8.79,0.000000
-23.37,-8.79,0.000000
-22.86,-8.79,0.000000
-22.36,-8.79,0.000000
-21.86,-8.79,0.000000
-21.36,-8.79,0.000000
-20.85,-8.79,0.000000
-20.35,-8.79,0.000000
-19.85,-8.79,0.000000
-19.35,-8.79,0.000000
-18.84,-8.79,0.000000
-18.34,-8.79,0.000000
-17.84,-8.79,0.000000
-17.34,-8.79,0.000000
-16.83,-8.79,0.000000
-16.33,-8.79,0.000000
-15.83,-8.79,0.000000
-15.33,-8.79,0.000000
-14.82,-8.79,0.000000
-14.32,-8.79,0.000000
-13.82,-8.79,0.000000
-13.32,-8.79,0.000000
-12.81,-8.79,0.000000
-12.31,-8.79,0.000000
-11.81,-8.79,0.000000
-11.31,-8.79,0.000000
-10.80,-8.79,0.000000
-10.30,-8.79,0.000000
-9.80,-8.79,0.000000
-9.30,-8.79,0.000000
-8.79,-8.79,0.000000
-8.29,-8.79,0.000000
-7.79,-8.79,0.000000
-7.29,-8.79,0.000000
-6.78,-8.79,0.000000
-6.28,-8.79,0.000000
-5.78,-8.79,0.000000
-5.28,-8.79,0.000000
-4.77,-8.79,0.000000
-4.27,-8.79,0.000000
-3.77,-8.79,0.000000
-3.27,-8.79,0.000000
-2.76,-8.79,0.000000
-2.26,-8.79,0.000000
-1.76,-8.79,0.000000
-1.26,-8.79,0.000000
-0.75,-8.79,0.000000
-0.25,-8.79,0.000000
0.25,-8.79,0.007547
0.75,-8.79,0.022566
1.26,-8.79,0.037369
1.76,-8.79,0.051822
2.26,-8.79,0.065806
2.76,-8.79,0.079226
3.27,-8.79,0.092005
3.77,-8.79,0.104089
4.27,-8.79,0.115447
4.77,-8.79,0.126066
5.28,-8.79,0.135950
5.78,-8.79,0.145114
6.28,-8.79,0.153586
6.78,-8.79,0.161398
7.29,-8.79,0.168589
7.79,-8.79,0.175200
8.29,-8.79,0.181271
8.79,-8.79,0.186845
9.30,-8.79,0.191961
9.80,-8.79,0.196658
10.30,-8.79,0.200971
10.80,-8.79,0.204934
11.31,-8.79,0.208578
11.81,-8.79,0.211931
12.31,-8.79,0.215020
12.81,-8.79,0.217869
13.32,-8.79,0.220498
13.82,-8.79,0.222928
14.32,-8.79,0.225177
14.82,-8.79,0.227260
15.33,-8.79,0.229192
15.83,-8.79,0.230987
16.33,-8.79,0.232655
16.83,-8.79,0.234208
17.34,-8.79,0.235656
17.84,-8.79,0.237007
18.34,-8.79,0.238269
18.84,-8.79,0.239449
19.35,-8.79,0.240554
19.85,-8.79,0.241591
20.35,-8.79,0.242563
20.85,-8.79,0.243477
21.36,-8.79,0.244336
21.86,-8.79,0.245145
22.36,-8.79,0.245907
22.86,-8.79,0.246626
23.37,-8.79,0.247305
23.87,-8.79,0.247947
24.37,-8.79,0.248554
24.87,-8.79,0.249128
25.38,-8.79,0.249673
25.88,-8.79,0.250189
26.38,-8.79,0.250679
26.88,-8.79,0.251145
27.39,-8.79,0.251587
27.89,-8.79,0.252008
28.39,-8.79,0.252409
28.89,-8.79,0.252791
29.40,-8.79,0.253155
29.90,-8.79,0.253502
30.40,-8.79,0.253833
30.90,-8.79,0.254150
31.41,-8.79,0.254453
31.91,-8.79,0.254742
32.41,-8.79,0.255019
32.91,-8.79,0.255285
33.42,-8.79,0.255539
33.92,-8.79,0.255783
34.42,-8.79,0.256016
34.92,-8.79,0.256241
35.43,-8.79,0.256456
35.93,-8.79,0.256663
36.43,-8.79,0.256862
36.93,-8.79,0.257053
37.44,-8.79,0.257238
37.94,-8.79,0.257415
38.44,-8.79,0.257585
38.94,-8.79,0.257750
39.45,-8.79,0.257908
39.95,-8.79,0.258061
40.45,-8.79,0.258208
40.95,-8.79,0.258350
41.46,-8.79,0.258488
41.96,-8.79,0.258620
42.46,-8.79,0.258748
42.96,-8.79,0.258872
43.47,-8.79,0.258992
43.97,-8.79,0.259108
44.47,-8.79,0.259220
44.97,-8.79,0.259328
45.48,-8.79,0.259433
45.98,-8.79,0.259535
46.48,-8.79,0.259634
46.98,-8.79,0.259729
47.49,-8.79,0.259822
47.99,-8.79,0.259911
48.49,-8.79,0.259998
48.99,-8.79,0.260083
49.50,-8.79,0.260165
50.00,-8.79,0.260245
-50.00,-8.29,0.000000
-49.50,-8.29,0.000000
-48.99,-8.29,0.000000
-48.49,-8.29,0.000000
-47.99,-8.29,0.000000
-47.49,-8.29,0.000000
-46.98,-8.29,0.000000
-46.48,-8.29,0.000000
-45.98,-8.29,0.000000
-45.48,-8.29,0.000000
-44.97,-8.29,0.000000
-44.47,-8.29,0.000000
-43.97,-8.29,0.000000
-43.47,-8.29,0.000000
-42.96,-8.29,0.000000
-42.46,-8.29,0.000000
-41.96,-8.29,0.000000
-41.46,-8.29,0.000000
-40.95,-8.29,0.000000
-40.45,-8.29,0.000000
-39.95,-8.29,0.000000
-39.45,-8.29,0.000000
-38.94,-8.29,0.000000
-38.44,-8.29,0.000000
-37.94,-8.29,0.000000
-37.44,-8.29,0.000000
-36.93,-8.29,0.000000
-36.43,-8.29,0.000000
-35.93,-8.29,0.000000
-35.43,-8.29,0.000000
-34.92,-8.29,0.000000
-34.42,-8.29,0.000000
-33.92,-8.29,0.000000
-33.42,-8.29,0.000000
-32.91,-8.29,0.000000
-32.41,-8.29,0.000000
-31.91,-8.29,0.000000
-31.41,-8.29,0.000000
-30.90,-8.29,0.000000
-30.40,-8.29,0.000000
-29.90,-8.29,0.000000
-29.40,-8.29,0.000000
-28.89,-8.29,0.000000
-28.39,-8.29,0.000000
-27.89,-8.29,0.000000
-27.39,-8.29,0.000000
-26.88,-8.29,0.000000
-26.38,-8.29,0.000000
-25.88,-8.29,0.000000
-25.38,-8.29,0.000000
-24.87,-8.29,0.000000
-24.37,-8.29,0.000000
-23.87,-8.29,0.000000
-23.37,-8.29,0.000000
-22.86,-8.29,0.000000
-22.36,-8.29,0.000000
-21.86,-8.29,0.000000
-21.36,-8.29,0.000000
-20.85,-8.29,0.000000
-20.35,-8.29,0.000000
-19.85,-8.29,0.000000
-19.35,-8.29,0.000000
-18.84,-8.29,0.000000
-18.34,-8.29,0.000000
-17.84,-8.29,0.000000
-17.34,-8.29,0.000000
-16.83,-8.29,0.000000
-16.33,-8.29,0.000000
-15.83,-8.29,0.000000
-15.33,-8.29,0.000000
-14.82,-8.29,0.000000
-14.32,-8.29,0.000000
-13.82,-8.29,0.000000
-13.32,-8.29,0.000000
-12.81,-8.29,0.000000
-12.31,-8.29,0.000000
-11.81,-8.29,0.000000
-11.31,-8.29,0.000000
-10.80,-8.29,0.000000
-10.30,-8.29,0.000000
-9.80,-8.29,0.000000
-9.30,-8.29,0.000000
-8.79,-8.29,0.000000
-8.29,-8.29,0.000000
-7.79,-8.29,0.000000
-7.29,-8.29,0.000000
-6.78,-8.29,0.000000
-6.28,-8.29,0.000000
-5.78,-8.29,0.000000
-5.28,-8.29,0.000000
-4.77,-8.29,0.000000
-4.27,-8.29,0.000000
-3.77,-8.29,0.000000
-3.27,-8.29,0.000000
-2.76,-8.29,0.000000
-2.26,-8.29,0.000000
-1.76,-8.29,0.000000
-1.26,-8.29,0.000000
-0.75,-8.29,0.000000
-0.25,-8.29,0.000000
0.25,-8.29,0.008004
0.75,-8.29,0.023923
1.26,-8.29,0.039584
1.76,-8.29,0.054831
2.26,-8.29,0.069526
2.76,-8.29,0.083560
3.27,-8.29,0.096850
3.77,-8.29,0.109343
4.27,-8.29,0.121010
4.77,-8.29,0.131846
5.28,-8.29,0.141864
5.78,-8.29,0.151090
6.28,-8.29,0.159563
6.78,-8.29,0.167326
7.29,-8.29,0.174428
7.79,-8.29,0.180918
8.29,-8.29,0.186845
8.79,-8.29,0.192258
9.30,-8.29,0.197200
9.80,-8.29,0.201717
10.30,-8.29,0.205845
10.80,-8.29,0.209623
11.31,-8.29,0.213084
11.81,-8.29,0.216257
12.31,-8.29,0.219170
12.81,-8.29,0.221847
13.32,-8.29,0.224312
13.82,-8.29,0.226583
14.32,-8.29,0.228679
14.82,-8.29,0.230617
15.33,-8.29,0.232410
15.83,-8.29,0.234071
16.33,-8.29,0.235613
16.83,-8.29,0.237046
17.34,-8.29,0.238379
17.84,-8.29,0.239621
18.34,-8.29,0.240780
18.84,-8.29,0.241862
19.35,-8.29,0.242874
19.85,-8.29,0.243822
20.35,-8.29,0.244710
20.85,-8.29,0.245543
21.36,-8.29,0.246326
21.86,-8.29,0.247063
22.36,-8.29,0.247756
22.86,-8.29,0.248410
23.37,-8.29,0.249026
23.87,-8.29,0.249608
24.37,-8.29,0.250159
24.87,-8.29,0.250679
25.38,-8.29,0.251172
25.88,-8.29,0.251639
26.38,-8.29,0.252082
26.88,-8.29,0.252503
27.39,-8.29,0.252903
27.89,-8.29,0.253283
28.39,-8.29,0.253644
28.89,-8.29,0.253989
29.40,-8.29,0.254317
29.90,-8.29,0.254630
30.40,-8.29,0.254928
30.90,-8.29,0.255213
31.41,-8.29,0.255486
31.91,-8.29,0.255746
32.41,-8.29,0.255996
32.91,-8.29,0.256234
33.42,-8.29,0.256463
33.92,-8.29,0.256682
34.42,-8.29,0.256892
34.92,-8.29,0.257093
35.43,-8.29,0.257287
35.93,-8.29,0.257472
36.43,-8.29,0.257651
36.93,-8.29,0.257822
37.44,-8.29,0.257987
37.94,-8.29,0.258146
38.44,-8.29,0.258299
38.94,-8.29,0.258447
39.45,-8.29,0.258589
39.95,-8.29,0.258725
40.45,-8.29,0.258857
40.95,-8.29,0.258985
41.46,-8.29,0.259108
41.96,-8.29,0.259226
42.46,-8.29,0.259341
42.96,-8.29,0.259452
43.47,-8.29,0.259559
43.97,-8.29,0.259663
44.47,-8.29,0.259763
44.97,-8.29,0.259860
45.48,-8.29,0.259954
45.98,-8.29,0.260045
46.48,-8.29,0.260133
46.98,-8.29,0.260218
47.49,-8.29,0.260301
47.99,-8.29,0.260381
48.49,-8.29,0.260459
48.99,-8.29,0.260535
49.50,-8.29,0.260608
50.00,-8.29,0.260679
-50.00,-7.79,0.000000
-49.50,-7.79,0.000000
-48.99,-7.79,0.000000
-48.49,-7.79,0.000000
-47.99,-7.79,0.000000
-47.49,-7.79,0.000000
-46.98,-7.79,0.000000
-46.48,-7.79,0.000000
-45.98,-7.79,0.000000
-45.48,-7.79,0.000000
-44.97,-7.79,0.000000
-44.47,-7.79,0.000000
-43.97,-7.79,0.000000
-43.47,-7.79,0.000000
-42.96,-7.79,0.000000
-42.46,-7.79,0.000000
-41.96,-7.79,0.000000
-41.46,-7.79,0.000000
-40.95,-7.79,0.000000
-40.45,-7.79,0.000000
-39.95,-7.79,0.000000
-39.45,-7.79,0.000000
-38.94,-7.79,0.000000
-38.44,-7.79,0.000000
-37.94,-7.79,0.000000
-37.44,-7.79,0.000000
-36.93,-7.79,0.000000
-36.43,-7.79,0.000000
-35.93,-7.79,0.000000
-35.43,-7.79,0.000000
-34.92,-7.79,0.000000
-34.42,-7.79,0.000000
-33.92,-7.79,0.000000
-33.42,-7.79,0.000000
-32.91,-7.79,0.000000
-32.41,-7.79,0.000000
-31.91,-7.79,0.000000
-31.41,-7.79,0.000000
-30.90,-7.79,0.000000
-30.40,-7.79,0.000000
-29.90,-7.79,0.000000
-29.40,-7.79,0.000000
-28.89,-7.79,0.000000
-28.39,-7.79,0.000000
-27.89,-7.79,0.000000
-27.39,-7.79,0.000000
-26.88,-7.79,0.000000
-26.38,-7.79,0.000000
-25.88,-7.79,0.000000
-25.38,-7.79,0.000000
-24.87,-7.79,0.000000
-24.37,-7.79,0.000000
-23.87,-7.79,0.000000
-23.37,-7.79,0.000000
-22.86,-7.79,0.000000
-22.36,-7.79,0.000000
-21.86,-7.79,0.000000
-21.36,-7.79,0.000000
-20.85,-7.79,0.000000
-20.35,-7.79,0.000000
-19.85,-7.79,0.000000
-19.35,-7.79,0.000000
-18.84,-7.79,0.000000
-18.34,-7.79,0.000000
-17.84,-7.79,0.000000
-17.34,-7.79,0.000000
-16.83,-7.79,0.000000
-16.33,-7.79,0.000000
-15.83,-7.79,0.000000
-15.33,-7.79,0.000000
-14.82,-7.79,0.000000
-14.32,-7.79,0.000000
-13.82,-7.79,0.000000
-13.32,-7.79,0.000000
-12.81,-7.79,0.000000
-12.31,-7.79,0.000000
-11.81,-7.79,0.000000
-11.31,-7.79,0.000000
-10.80,-7.79,0.000000
-10.30,-7.79,0.000000
-9.80,-7.79,0.000000
-9.30,-7.79,0.000000
-8.79,-7.79,0.000000
-8.29,-7.79,0.000000
-7.79,-7.79,0.000000
-7.29,-7.79,0.000000
-6.78,-7.79,0.000000
-6.28,-7.79,0.000000
-5.78,-7.79,0.000000
-5.28,-7.79,0.000000
-4.77,-7.79,0.000000
-4.27,-7.79,0.000000
-3.77,-7.79,0.000000
-3.27,-7.79,0.000000
-2.76,-7.79,0.000000
-2.26,-7.79,0.000000
-1.76,-7.79,0.000000
-1.26,-7.79,0.000000
-0.75,-7.79,0.000000
-0.25,-7.79,0.000000
0.25,-7.79,0.008519
0.75,-7.79,0.025453
1.26,-7.79,0.042075
1.76,-7.79,0.058202
2.26,-7.79,0.073673
2.76,-7.79,0.088364
3.27,-7.79,0.102188
3.77,-7.79,0.115092
4.27,-7.79,0.127055
4.77,-7.79,0.138081
5.28,-7.79,0.148198
5.78,-7.79,0.157446
6.28,-7.79,0.165877
6.78,-7.79,0.173547
7.29,-7.79,0.180517
7.79,-7.79,0.186845
8.29,-7.79,0.192590
8.79,-7.79,0.197806
9.30,-7.79,0.202545
9.80,-7.79,0.206853
10.30,-7.79,0.210773
10.80,-7.79,0.214345
11.31,-7.79,0.217603
11.81,-7.79,0.220580
12.31,-7.79,0.223303
12.81,-7.79,0.225798
13.32,-7.79,0.228088
13.82,-7.79,0.230192
14.32,-7.79,0.232130
14.82,-7.79,0.233916
15.33,-7.79,0.235565
15.83,-7.79,0.237091
16.33,-7.79,0.238503
16.83,-7.79,0.239814
17.34,-7.79,0.241031
17.84,-7.79,0.242163
18.34,-7.79,0.243217
18.84,-7.79,0.244201
19.35,-7.79,0.245120
19.85,-7.79,0.245979
20.35,-7.79,0.246783
20.85,-7.79,0.247537
21.36,-7.79,0.248245
21.86,-7.79,0.248910
22.36,-7.79,0.249535
22.86,-7.79,0.250124
23.37,-7.79,0.250679
23.87,-7.79,0.251203
24.37,-7.79,0.251698
24.87,-7.79,0.252166
25.38,-7.79,0.252608
25.88,-7.79,0.253027
26.38,-7.79,0.253425
26.88,-7.79,0.253802
27.39,-7.79,0.254160
27.89,-7.79,0.254500
28.39,-7.79,0.254824
28.89,-7.79,0.255132
29.40,-7.79,0.255425
29.90,-7.79,0.255705
30.40,-7.79,0.255972
30.90,-7.79,0.256227
31.41,-7.79,0.256470
31.91,-7.79,0.256702
32.41,-7.79,0.256925
32.91,-7.79,0.257137
33.42,-7.79,0.257341
33.92,-7.79,0.257536
34.42,-7.79,0.257724
34.92,-7.79,0.257903
35.43,-7.79,0.258075
35.93,-7.79,0.258241
36.43,-7.79,0.258400
36.93,-7.79,0.258552
37.44,-7.79,0.258699
37.94,-7.79,0.258841
38.44,-7.79,0.258977
38.94,-7.79,0.259108
39.45,-7.79,0.259234
39.95,-7.79,0.259356
40.45,-7.79,0.259473
40.95,-7.79,0.259586
41.46,-7.79,0.259695
41.96,-7.79,0.259801
42.46,-7.79,0.259903
42.96,-7.79,0.260001
43.47,-7.79,0.260096
43.97,-7.79,0.260188
44.47,-7.79,0.260277
44.97,-7.79,0.260363
45.48,-7.79,0.260447
45.98,-7.79,0.260528
46.48,-7.79,0.260606
46.98,-7.79,0.260681
47.49,-7.79,0.260755
47.99,-7.79,0.260826
48.49,-7.79,0.260895
48.99,-7.79,0.260962
49.50,-7.79,0.261027
50.00,-7.79,0.261090
-50.00,-7.29,0.000000
-49.50,-7.29,0.000000
-48.99,-7.29,0.000000
-48.49,-7.29,0.000000
-47.99,-7.29,0.000000
-47.49,-7.29,0.000000
-46.98,-7.29,0.000000
-46.48,-7.29,0.000000
-45.98,-7.29,0.000000
-45.48,-7.29,0.000000
-44.97,-7.29,0.000000
-44.47,-7.29,0.000000
-43.97,-7.29,0.000000
-43.47,-7.29,0.000000
-42.96,-7.29,0.000000
-42.46,-7.29,0.000000
-41.96,-7.29,0.000000
-41.46,-7.29,0.000000
-40.95,-7.29,0.000000
-40.45,-7.29,0.000000
-39.95,-7.29,0.000000
-39.45,-7.29,0.000000
-38.94,-7.29,0.000000
-38.44,-7.29,0.000000
-37.94,-7.29,0.000000
-37.44,-7.29,0.000000
-36.93,-7.29,0.000000
-36.43,-7.29,0.000000
-35.93,-7.29,0.000000
-35.43,-7.29,0.000000
-34.92,-7.29,0.000000
-34.42,-7.29,0.000000
-33.92,-7.29,0.000000
-33.42,-7.29,0.000000
-32.91,-7.29,0.000000
-32.41,-7.29,0.000000
-31.91,-7.29,0.000000
-31.41,-7.29,0.000000
-30.90,-7.29,0.000000
-30.40,-7.29,0.000000
-29.90,-7.29,0.000000
-29.40,-7.29,0.000000
-28.89,-7.29,0.000000
-28.39,-7.29,0.000000
-27.89,-7.29,0.000000
-27.39,-7.29,0.000000
-26.88,-7.29,0.000000
-26.38,-7.29,0.000000
-25.88,-7.29,0.000000
-25.38,-7.29,0.000000
-24.87,-7.29,0.000000
-24.37,-7.29,0.000000
-23.87,-7.29,0.000000
-23.37,-7.29,0.000000
-22.86,-7.29,0.000000
-22.36,-7.29,0.000000
-21.86,-7.29,0.000000
-21.36,-7.29,0.000000
-20.85,-7.29,0.000000
-20.35,-7.29,0.000000
-19.85,-7.29,0.000000
-19.35,-7.29,0.000000
-18.84,-7.29,0.000000
-18.34,-7.29,0.000000
-17.84,-7.29,0.000000
-17.34,-7.29,0.000000
-16.83,-7.29,0.000000
-16.33,-7.29,0.000000
-15.83,-7.29,0.000000
-15.33,-7.29,0.000000
-14.82,-7.29,0.000000
-14.32,-7.29,0.000000
-13.82,-7.29,0.000000
-13.32,-7.29,0.000000
-12.81,-7.29,0.000000
-12.31,-7.29,0.000000
-11.81,-7.29,0.000000
-11.31,-7.29,0.000000
-10.80,-7.29,0.000000
-10.30,-7.29,0.000000
-9.80,-7.29,0.000000
-9.30,-7.29,0.000000
-8.79,-7.29,0.000000
-8.29,-7.29,0.000000
-7.79,-7.29,0.000000
-7.29,-7.29,0.000000
-6.78,-7.29,0.000000
-6.28,-7.29,0.000000
-5.78,-7.29,0.000000
-5.28,-7.29,0.000000
-4.77,-7.29,0.000000
-4.27,-7.29,0.000000
-3.77,-7.29,0.000000
-3.27,-7.29,0.000000
-2.76,-7.29,0.000000
-2.26,-7.29,0.000000
-1.76,-7.29,0.000000
-1.26,-7.29,0.000000
-0.75,-7.29,0.000000
-0.25,-7.29,0.000000
0.25,-7.29,0.009106
0.75,-7.29,0.027190
1.26,-7.29,0.044896
1.76,-7.29,0.062001
2.26,-7.29,0.078320
2.76,-7.29,0.093714
3.27,-7.29,0.108089
3.77,-7.29,0.121398
4.27,-7.29,0.133631
4.77,-7.29,0.144810
5.28,-7.29,0.154979
5.78,-7.29,0.164197
6.28,-7.29,0.172532
6.78,-7.29,0.180057
7.29,-7.29,0.186845
7.79,-7.29,0.192966
8.29,-7.29,0.198487
8.79,-7.29,0.203470
9.30,-7.29,0.207971
9.80,-7.29,0.212042
10.30,-7.29,0.215729
10.80,-7.29,0.219073
11.31,-7.29,0.222112
11.81,-7.29,0.224877
12.31,-7.29,0.227398
12.81,-7.29,0.229700
13.32,-7.29,0.231807
13.82,-7.29,0.233738
14.32,-7.29,0.235511
14.82,-7.29,0.237141
15.33,-7.29,0.238643
15.83,-7.29,0.240030
16.33,-7.29,0.241311
16.83,-7.29,0.242498
17.34,-7.29,0.243599
17.84,-7.29,0.244621
18.34,-7.29,0.245571
18.84,-7.29,0.246457
19.35,-7.29,0.247283
19.85,-7.29,0.248054
20.35,-7.29,0.248775
20.85,-7.29,0.249451
21.36,-7.29,0.250085
21.86,-7.29,0.250679
22.36,-7.29,0.251238
22.86,-7.29,0.251764
23.37,-7.29,0.252259
23.87,-7.29,0.252726
24.37,-7.29,0.253167
24.87,-7.29,0.253583
25.38,-7.29,0.253977
25.88,-7.29,0.254350
26.38,-7.29,0.254703
26.88,-7.29,0.255038
27.39,-7.29,0.255356
27.89,-7.29,0.255658
28.39,-7.29,0.255945
28.89,-7.29,0.256218
29.40,-7.29,0.256478
29.90,-7.29,0.256726
30.40,-7.29,0.256962
30.90,-7.29,0.257187
31.41,-7.29,0.257403
31.91,-7.29,0.257608
32.41,-7.29,0.257805
32.91,-7.29,0.257993
33.42,-7.29,0.258173
33.92,-7.29,0.258346
34.42,-7.29,0.258511
34.92,-7.29,0.258669
35.43,-7.29,0.258822
35.93,-7.29,0.258968
36.43,-7.29,0.259108
36.93,-7.29,0.259243
37.44,-7.29,0.259372
37.94,-7.29,0.259497
38.44,-7.29,0.259617
38.94,-7.29,0.259732
39.45,-7.29,0.259843
39.95,-7.29,0.259951
40.45,-7.29,0.260054
40.95,-7.29,0.260154
41.46,-7.29,0.260250
41.96,-7.29,0.260343
42.46,-7.29,0.260433
42.96,-7.29,0.260519
43.47,-7.29,0.260603
43.97,-7.29,0.260684
44.47,-7.29,0.260762
44.97,-7.29,0.260838
45.48,-7.29,0.260911
45.98,-7.29,0.260982
46.48,-7.29,0.261051
46.98,-7.29,0.261118
47.49,-7.29,0.261182
47.99,-7.29,0.261245
48.49,-7.29,0.261306
48.99,-7.29,0.261365
49.50,-7.29,0.261422
50.00,-7.29,0.261477
-50.00,-6.78,0.000000
-49.50,-6.78,0.000000
-48.99,-6.78,0.000000
-48.49,-6.78,0.000000
-47.99,-6.78,0.000000
-47.49,-6.78,0.000000
-46.98,-6.78,0.000000
-46.48,-6.78,0.000000
-45.98,-6.78,0.000000
-45.48,-6.78,0.000000
-44.97,-6.78,0.000000
-44.47,-6.78,0.000000
-43.97,-6.78,0.000000
-43.47,-6.78,0.000000
-42.96,-6.78,0.000000
-42.46,-6.78,0.000000
-41.96,-6.78,0.000000
-41.46,-6.78,0.000000
-40.95,-6.78,0.000000
-40.45,-6.78,0.000000
-39.95,-6.78,0.000000
-39.45,-6.78,0.000000
-38.94,-6.78,0.000000
-38.44,-6.78,0.000000
-37.94,-6.78,0.000000
-37.44,-6.78,0.000000
-36.93,-6.78,0.000000
-36.43,-6.78,0.000000
-35.93,-6.78,0.000000
-35.43,-6.78,0.000000
-34.92,-6.78,0.000000
-34.42,-6.78,0.000000
-33.92,-6.78,0.000000
-33.42,-6.78,0.000000
-32.91,-6.78,0.000000
-32.41,-6.78,0.000000
-31.91,-6.78,0.000000
-31.41,-6.78,0.000000
-30.90,-6.78,0.000000
-30.40,-6.78,0.000000
-29.90,-6.78,0.000000
-29.40,-6.78,0.000000
-28.89,-6.78,0.000000
-28.39,-6.78,0.000000
-27.89,-6.78,0.000000
-27.39,-6.78,0.000000
-26.88,-6.78,0.000000
-26.38,-6.78,0.000000
-25.88,-6.78,0.000000
-25.38,-6.78,0.000000
-24.87,-6.78,0.000000
-24.37,-6.78,0.000000
-23.87,-6.78,0.000000
-23.37,-6.78,0.000000
-22.86,-6.78,0.000000
-22.36,-6.78,0.000000
-21.86,-6.78,0.000000
-21.36,-6.78,0.000000
-20.85,-6.78,0.000000
-20.35,-6.78,0.000000
-19.85,-6.78,0.000000
-19.35,-6.78,0.000000
-18.84,-6.78,0.000000
-18.34,-6.78,0.000000
-17.84,-6.78,0.000000
-17.34,-6.78,0.000000
-16.83,-6.78,0.000000
-16.33,-6.78,0.000000
-15.83,-6.78,0.000000
-15.33,-6.78,0.000000
-14.82,-6.78,0.000000
-14.32,-6.78,0.000000
-13.82,-6.78,0.000000
-13.32,-6.78,0.000000
-12.81,-6.78,0.000000
-12.31,-6.78,0.000000
-11.81,-6.78,0.000000
-11.31,-6.78,0.000000
-10.80,-6.78,0.000000
-10.30,-6.78,0.000000
-9.80,-6.78,0.000000
-9.30,-6.78,0.000000
-8.79,-6.78,0.000000
-8.29,-6.78,0.000000
-7.79,-6.78,0.000000
-7.29,-6.78,0.000000
-6.78,-6.78,0.000000
-6.28,-6.78,0.000000
-5.78,-6.78,0.000000
-5.28,-6.78,0.000000
-4.77,-6.78,0.000000
-4.27,-6.78,0.000000
-3.77,-6.78,0.000000
-3.27,-6.78,0.000000
-2.76,-6.78,0.000000
-2.26,-6.78,0.000000
-1.76,-6.78,0.000000
-1.26,-6.78,0.000000
-0.75,-6.78,0.000000
-0.25,-6.78,0.000000
0.25,-6.78,0.009780
0.75,-6.78,0.029180
1.26,-6.78,0.048115
1.76,-6.78,0.066314
2.26,-6.78,0.083560
2.76,-6.78,0.099697
3.27,-6.78,0.114631
3.77,-6.78,0.128326
4.27,-6.78,0.140790
4.77,-6.78,0.152068
5.28,-6.78,0.162227
5.78,-6.78,0.171350
6.28,-6.78,0.179526
6.78,-6.78,0.186845
7.29,-6.78,0.193395
7.79,-6.78,0.199258
8.29,-6.78,0.204510
8.79,-6.78,0.209220
9.30,-6.78,0.213450
9.80,-6.78,0.217255
10.30,-6.78,0.220685
10.80,-6.78,0.223781
11.31,-6.78,0.226583
11.81,-6.78,0.229123
12.31,-6.78,0.231431
12.81,-6.78,0.233531
13.32,-6.78,0.235447
13.82,-6.78,0.237199
14.32,-6.78,0.238803
14.82,-6.78,0.240275
15.33,-6.78,0.241628
15.83,-6.78,0.242874
16.33,-6.78,0.244024
16.83,-6.78,0.245087
17.34,-6.78,0.246071
17.84,-6.78,0.246983
18.34,-6.78,0.247831
18.84,-6.78,0.248619
19.35,-6.78,0.249354
19.85,-6.78,0.250039
20.35,-6.78,0.250679
20.85,-6.78,0.251278
21.36,-6.78,0.251839
21.86,-6.78,0.252365
22.36,-6.78,0.252859
22.86,-6.78,0.253324
23.37,-6.78,0.253761
23.87,-6.78,0.254173
24.37,-6.78,0.254561
24.87,-6.78,0.254928
25.38,-6.78,0.255275
25.88,-6.78,0.255603
26.38,-6.78,0.255914
26.88,-6.78,0.256208
27.39,-6.78,0.256487
27.89,-6.78,0.256753
28.39,-6.78,0.257005
28.89,-6.78,0.257244
29.40,-6.78,0.257472
29.90,-6.78,0.257690
30.40,-6.78,0.257897
30.90,-6.78,0.258094
31.41,-6.78,0.258283
31.91,-6.78,0.258463
32.41,-6.78,0.258635
32.91,-6.78,0.258799
33.42,-6.78,0.258957
33.92,-6.78,0.259108
34.42,-6.78,0.259252
34.92,-6.78,0.259391
35.43,-6.78,0.259524
35.93,-6.78,0.259651
36.43,-6.78,0.259774
36.93,-6.78,0.259892
37.44,-6.78,0.260005
37.94,-6.78,0.260114
38.44,-6.78,0.260218
38.94,-6.78,0.260319
39.45,-6.78,0.260416
39.95,-6.78,0.260510
40.45,-6.78,0.260600
40.95,-6.78,0.260687
41.46,-6.78,0.260771
41.96,-6.78,0.260852
42.46,-6.78,0.260930
42.96,-6.78,0.261006
43.47,-6.78,0.261079
43.97,-6.78,0.261149
44.47,-6.78,0.261217
44.97,-6.78,0.261283
45.48,-6.78,0.261347
45.98,-6.78,0.261409
46.48,-6.78,0.261469
46.98,-6.78,0.261527
47.49,-6.78,0.261583
47.99,-6.78,0.261638
48.49,-6.78,0.261691
48.99,-6.78,0.261742
49.50,-6.78,0.261792
50.00,-6.78,0.261840
-50.00,-6.28,0.000000
-49.50,-6.28,0.000000
-48.99,-6.28,0.000000
-48.49,-6.28,0.000000
-47.99,-6.28,0.000000
-47.49,-6.28,0.000000
-46.98,-6.28,0.000000
-46.48,-6.28,0.000000
-45.98,-6.28,0.000000
-45.48,-6.28,0.000000
-44.97,-6.28,0.000000
-44.47,-6.28,0.000000
-43.97,-6.28,0.000000
-43.47,-6.28,0.000000
-42.96,-6.28,0.000000
-42.46,-6.28,0.000000
-41.96,-6.28,0.000000
-41.46,-6.28,0.000000
-40.95,-6.28,0.000000
-40.45,-6.28,0.000000
-39.95,-6.28,0.000000
-39.45,-6.28,0.000000
-38.94,-6.28,0.000000
-38.44,-6.28,0.000000
-37.94,-6.28,0.000000
-37.44,-6.28,0.000000
-36.93,-6.28,0.000000
-36.43,-6.28,0.000000
-35.93,-6.28,0.000000
-35.43,-6.28,0.000000
-34.92,-6.28,0.000000
-34.42,-6.28,0.000000
-33.92,-6.28,0.000000
-33.42,-6.28,0.000000
-32.91,-6.28,0.000000
-32.41,-6.28,0.000000
-31.91,-6.28,0.000000
-31.41,-6.28,0.000000
-30.90,-6.28,0.000000
-30.40,-6.28,0.000000
-29.90,-6.28,0.000000
-29.40,-6.28,0.000000
-28.89,-6.28,0.000000
-28.39,-6.28,0.000000
-27.89,-6.28,0.000000
-27.39,-6.28,0.000000
-26.88,-6.28,0.000000
-26.38,-6.28,0.000000
-25.88,-6.28,0.000000
-25.38,-6.28,0.000000
-24.87,-6.28,0.000000
-24.37,-6.28,0.000000
-23.87,-6.28,0.000000
-23.37,-6.28,0.000000
-22.86,-6.28,0.000000
-22.36,-6.28,0.000000
-21.86,-6.28,0.000000
-21.36,-6.28,0.000000
-20.85,-6.28,0.000000
-20.35,-6.28,0.000000
-19.85,-6.28,0.000000
-19.35,-6.28,0.000000
-18.84,-6.28,0.000000
-18.34,-6.28,0.000000
-17.84,-6.28,0.000000
-17.34,-6.28,0.000000
-16.83,-6.28,0.000000
-16.33,-6.28,0.000000
-15.83,-6.28,0.000000
-15.33,-6.28,0.000000
-14.82,-6.28,0.000000
-14.32,-6.28,0.000000
-13.82,-6.28,0.000000
-13.32,-6.28,0.000000
-12.81,-6.28,0.000000
-12.31,-6.28,0.000000
-11.81,-6.28,0.000000
-11.31,-6.28,0.000000
-10.80,-6.28,0.000000
-10.30,-6.28,0.000000
-9.80,-6.28,0.000000
-9.30,-6.28,0.000000
-8.79,-6.28,0.000000
-8.29,-6.28,0.000000
-7.79,-6.28,0.000000
-7.29,-6.28,0.000000
-6.78,-6.28,0.000000
-6.28,-6.28,0.000000
-5.78,-6.28,0.000000
-5.28,-6.28,0.000000
-4.77,-6.28,0.000000
-4.27,-6.28,0.000000
-3.77,-6.28,0.000000
-3.27,-6.28,0.000000
-2.76,-6.28,0.000000
-2.26,-6.28,0.000000
-1.76,-6.28,0.000000
-1.26,-6.28,0.000000
-0.75,-6.28,0.000000
-0.25,-6.28,0.000000
0.25,-6.28,0.010561
0.75,-6.28,0.031483
1.26,-6.28,0.051822
1.76,-6.28,0.071247
2.26,-6.28,0.089503
2.76,-6.28,0.106419
3.27,-6.28,0.121907
3.77,-6.28,0.135950
4.27,-6.28,0.148584
4.77,-6.28,0.159887
5.28,-6.28,0.169957
5.78,-6.28,0.178905
6.28,-6.28,0.186845
6.78,-6.28,0.193888
7.29,-6.28,0.200137
7.79,-6.28,0.205687
8.29,-6.28,0.210623
8.79,-6.28,0.215020
9.30,-6.28,0.218946
9.80,-6.28,0.222457
10.30,-6.28,0.225606
10.80,-6.28,0.228437
11.31,-6.28,0.230987
11.81,-6.28,0.233289
12.31,-6.28,0.235374
12.81,-6.28,0.237266
13.32,-6.28,0.238986
13.82,-6.28,0.240554
14.32,-6.28,0.241987
14.82,-6.28,0.243299
15.33,-6.28,0.244502
15.83,-6.28,0.245608
16.33,-6.28,0.246626
16.83,-6.28,0.247566
17.34,-6.28,0.248435
17.84,-6.28,0.249240
18.34,-6.28,0.249986
18.84,-6.28,0.250679
19.35,-6.28,0.251324
19.85,-6.28,0.251926
20.35,-6.28,0.252487
20.85,-6.28,0.253011
21.36,-6.28,0.253502
21.86,-6.28,0.253962
22.36,-6.28,0.254393
22.86,-6.28,0.254799
23.37,-6.28,0.255180
23.87,-6.28,0.255539
24.37,-6.28,0.255877
24.87,-6.28,0.256197
25.38,-6.28,0.256498
25.88,-6.28,0.256784
26.38,-6.28,0.257053
26.88,-6.28,0.257309
27.39,-6.28,0.257552
27.89,-6.28,0.257782
28.39,-6.28,0.258000
28.89,-6.28,0.258208
29.40,-6.28,0.258406
29.90,-6.28,0.258594
30.40,-6.28,0.258774
30.90,-6.28,0.258945
31.41,-6.28,0.259108
31.91,-6.28,0.259264
32.41,-6.28,0.259413
32.91,-6.28,0.259555
33.42,-6.28,0.259691
33.92,-6.28,0.259822
34.42,-6.28,0.259947
34.92,-6.28,0.260066
35.43,-6.28,0.260181
35.93,-6.28,0.260291
36.43,-6.28,0.260397
36.93,-6.28,0.260499
37.44,-6.28,0.260596
37.94,-6.28,0.260690
38.44,-6.28,0.260781
38.94,-6.28,0.260868
39.45,-6.28,0.260951
39.95,-6.28,0.261032
40.45,-6.28,0.261110
40.95,-6.28,0.261185
41.46,-6.28,0.261257
41.96,-6.28,0.261327
42.46,-6.28,0.261395
42.96,-6.28,0.261460
43.47,-6.28,0.261523
43.97,-6.28,0.261583
44.47,-6.28,0.261642
44.97,-6.28,0.261699
45.48,-6.28,0.261754
45.98,-6.28,0.261807
46.48,-6.28,0.261859
46.98,-6.28,0.261909
47.49,-6.28,0.261957
47.99,-6.28,0.262004
48.49,-6.28,0.262050
48.99,-6.28,0.262094
49.50,-6.28,0.262137
50.00,-6.28,0.262178
-50.00,-5.78,0.000000
-49.50,-5.78,0.000000
-48.99,-5.78,0.000000
-48.49,-5.78,0.000000
-47.99,-5.78,0.000000
-47.49,-5.78,0.000000
-46.98,-5.78,0.000000
-46.48,-5.78,0.000000
-45.98,-5.78,0.000000
-45.48,-5.78,0.000000
-44.97,-5.78,0.000000
-44.47,-5.78,0.000000
-43.97,-5.78,0.000000
-43.47,-5.78,0.000000
-42.96,-5.78,0.000000
-42.46,-5.78,0.000000
-41.96,-5.78,0.000000
-41.46,-5.78,0.000000
-40.95,-5.78,0.000000
-40.45,-5.78,0.000000
-39.95,-5.78,0.000000
-39.45,-5.78,0.000000
-38.94,-5.78,0.000000
-38.44,-5.78,0.000000
-37.94,-5.78,0.000000
-37.44,-5.78,0.000000
-36.93,-5.78,0.000000
-36.43,-5.78,0.000000
-35.93,-5.78,0.000000
-35.43,-5.78,0.000000
-34.92,-5.78,0.000000
-34.42,-5.78,0.000000
-33.92,-5.78,0.000000
-33.42,-5.78,0.000000
-32.91,-5.78,0.000000
-32.41,-5.78,0.000000
-31.91,-5.78,0.000000
-31.41,-5.78,0.000000
-30.90,-5.78,0.000000
-30.40,-5.78,0.000000
-29.90,-5.78,0.000000
-29.40,-5.78,0.000000
-28.89,-5.78,0.000000
-28.39,-5.78,0.000000
-27.89,-5.78,0.000000
-27.39,-5.78,0.000000
-26.88,-5.78,0.000000
-26.38,-5.78,0.000000
-25.88,-5.78,0.000000
-25.38,-5.78,0.000000
-24.87,-5.78,0.000000
-24.37,-5.78,0.000000
-23.87,-5.78,0.000000
-23.37,-5.78,0.000000
-22.86,-5.78,0.000000
-22.36,-5.78,0.000000
-21.86,-5.78,0.000000
-21.36,-5.78,0.000000
-20.85,-5.78,0.000000
-20.35,-5.78,0.000000
-19.85,-5.78,0.000000
-19.35,-5.78,0.000000
-18.84,-5.78,0.000000
-18.34,-5.78,0.000000
-17.84,-5.78,0.000000
-17.34,-5.78,0.000000
-16.83,-5.78,0.000000
-16.33,-5.78,0.000000
-15.83,-5.78,0.000000
-15.33,-5.78,0.000000
-14.82,-5.78,0.000000
-14.32,-5.78,0.000000
-13.82,-5.78,0.000000
-13.32,-5.78,0.000000
-12.81,-5.78,0.000000
-12.31,-5.78,0.000000
-11.81,-5.78,0.000000
-11.31,-5.78,0.000000
-10.80,-5.78,0.000000
-10.30,-5.78,0.000000
-9.80,-5.78,0.000000
-9.30,-5.78,0.000000
-8.79,-5.78,0.000000
-8.29,-5.78,0.000000
-7.79,-5.78,0.000000
-7.29,-5.78,0.000000
-6.78,-5.78,0.000000
-6.28,-5.78,0.000000
-5.78,-5.78,0.000000
-5.28,-5.78,0.000000
-4.77,-5.78,0.000000
-4.27,-5.78,0.000000
-3.77,-5.78,0.000000
-3.27,-5.78,0.000000
-2.76,-5.78,0.000000
-2.26,-5.78,0.000000
-1.76,-5.78,0.000000
-1.26,-5.78,0.000000
-0.75,-5.78,0.000000
-0.25,-5.78,0.000000
0.25,-5.78,0.011478
0.75,-5.78,0.034176
1.26,-5.78,0.056132
1.76,-5.78,0.076936
2.26,-5.78,0.096289
2.76,-5.78,0.114007
3.27,-5.78,0.130021
3.77,-5.78,0.144345
4.27,-5.78,0.157061
4.77,-5.78,0.168289
5.28,-5.78,0.178168
5.78,-5.78,0.186845
6.28,-5.78,0.194462
6.78,-5.78,0.201150
7.29,-5.78,0.207031
7.79,-5.78,0.212210
8.29,-5.78,0.216781
8.79,-5.78,0.220826
9.30,-5.78,0.224414
9.80,-5.78,0.227607
10.30,-5.78,0.230454
10.80,-5.78,0.233002
11.31,-5.78,0.235288
11.81,-5.78,0.237344
12.31,-5.78,0.239199
12.81,-5.78,0.240877
13.32,-5.78,0.242398
13.82,-5.78,0.243782
14.32,-5.78,0.245042
14.82,-5.78,0.246194
15.33,-5.78,0.247248
15.83,-5.78,0.248215
16.33,-5.78,0.249104
16.83,-5.78,0.249923
17.34,-5.78,0.250679
17.84,-5.78,0.251378
18.34,-5.78,0.252026
18.84,-5.78,0.252627
19.35,-5.78,0.253185
19.85,-5.78,0.253705
20.35,-5.78,0.254190
20.85,-5.78,0.254643
21.36,-5.78,0.255066
21.86,-5.78,0.255463
22.36,-5.78,0.255834
22.86,-5.78,0.256183
23.37,-5.78,0.256511
23.87,-5.78,0.256820
24.37,-5.78,0.257110
24.87,-5.78,0.257384
25.38,-5.78,0.257643
25.88,-5.78,0.257888
26.38,-5.78,0.258119
26.88,-5.78,0.258338
27.39,-5.78,0.258546
27.89,-5.78,0.258743
28.39,-5.78,0.258930
28.89,-5.78,0.259108
29.40,-5.78,0.259277
29.90,-5.78,0.259438
30.40,-5.78,0.259591
30.90,-5.78,0.259737
31.41,-5.78,0.259877
31.91,-5.78,0.260010
32.41,-5.78,0.260137
32.91,-5.78,0.260258
33.42,-5.78,0.260374
33.92,-5.78,0.260486
34.42,-5.78,0.260592
34.92,-5.78,0.260694
35.43,-5.78,0.260792
35.93,-5.78,0.260886
36.43,-5.78,0.260976
36.93,-5.78,0.261063
37.44,-5.78,0.261146
37.94,-5.78,0.261226
38.44,-5.78,0.261303
38.94,-5.78,0.261377
39.45,-5.78,0.261449
39.95,-5.78,0.261517
40.45,-5.78,0.261583
40.95,-5.78,0.261647
41.46,-5.78,0.261709
41.96,-5.78,0.261768
42.46,-5.78,0.261826
42.96,-5.78,0.261881
43.47,-5.78,0.261934
43.97,-5.78,0.261986
44.47,-5.78,0.262036
44.97,-5.78,0.262084
45.48,-5.78,0.262131
45.98,-5.78,0.262177
46.48,-5.78,0.262220
46.98,-5.78,0.262263
47.49,-5.78,0.262304
47.99,-5.78,0.262344
48.49,-5.78,0.262383
48.99,-5.78,0.262420
49.50,-5.78,0.262456
50.00,-5.78,0.262492
-50.00,-5.28,0.000000
-49.50,-5.28,0.000000
-48.99,-5.28,0.000000
-48.49,-5.28,0.000000
-47.99,-5.28,0.000000
-47.49,-5.28,0.000000
-46.98,-5.28,0.000000
-46.48,-5.28,0.000000
-45.98,-5.28,0.000000
-45.48,-5.28,0.000000
-44.97,-5.28,0.000000
-44.47,-5.28,0.000000
-43.97,-5.28,0.000000
-43.47,-5.28,0.000000
-42.96,-5.28,0.000000
-42.46,-5.28,0.000000
-41.96,-5.28,0.000000
-41.46,-5.28,0.000000
-40.95,-5.28,0.000000
-40.45,-5.28,0.000000
-39.95,-5.28,0.000000
-39.45,-5.28,0.000000
-38.94,-5.28,0.000000
-38.44,-5.28,0.000000
-37.94,-5.28,0.000000
-37.44,-5.28,0.000000
-36.93,-5.28,0.000000
-36.43,-5.28,0.000000
-35.93,-5.28,0.000000
-35.43,-5.28,0.000000
-34.92,-5.28,0.000000
-34.42,-5.28,0.000000
-33.92,-5.28,0.000000
-33.42,-5.28,0.000000
-32.91,-5.28,0.000000
-32.41,-5.28,0.000000
-31.91,-5.28,0.000000
-31.41,-5.28,0.000000
-30.90,-5.28,0.000000
-30.40,-5.28,0.000000
-29.90,-5.28,0.000000
-29.40,-5.28,0.000000
-28.89,-5.28,0.000000
-28.39,-5.28,0.000000
-27.89,-5.28,0.000000
-27.39,-5.28,0.000000
-26.88,-5.28,0.000000
-26.38,-5.28,0.000000
-25.88,-5.28,0.000000
-25.38,-5.28,0.000000
-24.87,-5.28,0.000000
-24.37,-5.28,0.000000
-23.87,-5.28,0.000000
-23.37,-5.28,0.000000
-22.86,-5.28,0.000000
-22.36,-5.28,0.000000
-21.86,-5.28,0.000000
-21.36,-5.28,0.000000
-20.85,-5.28,0.000000
-20.35,-5.28,0.000000
-19.85,-5.28,0.000000
-19.35,-5.28,0.000000
-18.84,-5.28,0.000000
-18.34,-5.28,0.000000
-17.84,-5.28,0.000000
-17.34,-5.28,0.000000
-16.83,-5.28,0.000000
-16.33,-5.28,0.000000
-15.83,-5.28,0.000000
-15.33,-5.28,0.000000
-14.82,-5.28,0.000000
-14.32,-5.28,0.000000
-13.82,-5.28,0.000000
-13.32,-5.28,0.000000
-12.81,-5.28,0.000000
-12.31,-5.28,0.000000
-11.81,-5.28,0.000000
-11.31,-5.28,0.000000
-10.80,-5.28,0.000000
-10.30,-5.28,0.000000
-9.80,-5.28,0.000000
-9.30,-5.28,0.000000
-8.79,-5.28,0.000000
-8.29,-5.28,0.000000
-7.79,-5.28,0.000000
-7.29,-5.28,0.000000
-6.78,-5.28,0.000000
-6.28,-5.28,0.000000
-5.78,-5.28,0.000000
-5.28,-5.28,0.000000
-4.77,-5.28,0.000000
-4.27,-5.28,0.000000
-3.77,-5.28,0.000000
-3.27,-5.28,0.000000
-2.76,-5.28,0.000000
-2.26,-5.28,0.000000
-1.76,-5.28,0.000000
-1.26,-5.28,0.000000
-0.75,-5.28,0.000000
-0.25,-5.28,0.000000
0.25,-5.28,0.012569
0.75,-5.28,0.037369
1.26,-5.28,0.061203
1.76,-5.28,0.083560
2.26,-5.28,0.104089
2.76,-5.28,0.122609
3.27,-5.28,0.139083
3.77,-5.28,0.153586
4.27,-5.28,0.166259
4.77,-5.28,0.177282
5.28,-5.28,0.186845
5.78,-5.28,0.195137
6.28,-5.28,0.202329
6.78,-5.28,0.208578
7.29,-5.28,0.214018
7.79,-5.28,0.218769
8.29,-5.28,0.222928
8.79,-5.28,0.226583
9.30,-5.28,0.229805
9.80,-5.28,0.232655
10.30,-5.28,0.235184
10.80,-5.28,0.237437
11.31,-5.28,0.239449
11.81,-5.28,0.241253
12.31,-5.28,0.242874
12.81,-5.28,0.244336
13.32,-5.28,0.245658
13.82,-5.28,0.246857
14.32,-5.28,0.247947
14.82,-5.28,0.248940
15.33,-5.28,0.249848
15.83,-5.28,0.250679
16.33,-5.28,0.251442
16.83,-5.28,0.252144
17.34,-5.28,0.252791
17.84,-5.28,0.253388
18.34,-5.28,0.253941
18.84,-5.28,0.254453
19.35,-5.28,0.254928
19.85,-5.28,0.255371
20.35,-5.28,0.255783
20.85,-5.28,0.256167
21.36,-5.28,0.256526
21.86,-5.28,0.256862
22.36,-5.28,0.257177
22.86,-5.28,0.257472
23.37,-5.28,0.257750
23.87,-5.28,0.258011
24.37,-5.28,0.258256
24.87,-5.28,0.258488
25.38,-5.28,0.258706
25.88,-5.28,0.258913
26.38,-5.28,0.259108
26.88,-5.28,0.259293
27.39,-5.28,0.259468
27.89,-5.28,0.259634
28.39,-5.28,0.259791
28.89,-5.28,0.259941
29.40,-5.28,0.260083
29.90,-5.28,0.260218
30.40,-5.28,0.260347
30.90,-5.28,0.260470
31.41,-5.28,0.260587
31.91,-5.28,0.260699
32.41,-5.28,0.260806
32.91,-5.28,0.260908
33.42,-5.28,0.261006
33.92,-5.28,0.261099
34.42,-5.28,0.261188
34.92,-5.28,0.261274
35.43,-5.28,0.261356
35.93,-5.28,0.261435
36.43,-5.28,0.261511
36.93,-5.28,0.261583
37.44,-5.28,0.261653
37.94,-5.28,0.261720
38.44,-5.28,0.261785
38.94,-5.28,0.261847
39.45,-5.28,0.261907
39.95,-5.28,0.261964
40.45,-5.28,0.262020
40.95,-5.28,0.262073
41.46,-5.28,0.262125
41.96,-5.28,0.262174
42.46,-5.28,0.262222
42.96,-5.28,0.262269
43.47,-5.28,0.262314
43.97,-5.28,0.262357
44.47,-5.28,0.262399
44.97,-5.28,0.262439
45.48,-5.28,0.262478
45.98,-5.28,0.262516
46.48,-5.28,0.262553
46.98,-5.28,0.262589
47.49,-5.28,0.262623
47.99,-5.28,0.262656
48.49,-5.28,0.262689
48.99,-5.28,0.262720
49.50,-5.28,0.262750
50.00,-5.28,0.262780
-50.00,-4.77,0.000000
-49.50,-4.77,0.000000
-48.99,-4.77,0.000000
-48.49,-4.77,0.000000
-47.99,-4.77,0.000000
-47.49,-4.77,0.000000
-46.98,-4.77,0.000000
-46.48,-4.77,0.000000
-45.98,-4.77,0.000000
-45.48,-4.77,0.000000
-44.97,-4.77,0.000000
-44.47,-4.77,0.000000
-43.97,-4.77,0.000000
-43.47,-4.77,0.000000
-42.96,-4.77,0.000000
-42.46,-4.77,0.000000
-41.96,-4.77,0.000000
-41.46,-4.77,0.000000
-40.95,-4.77,0.000000
-40.45,-4.77,0.000000
-39.95,-4.77,0.000000
-39.45,-4.77,0.000000
-38.94,-4.77,0.000000
-38.44,-4.77,0.000000
-37.94,-4.77,0.000000
-37.44,-4.77,0.000000
-36.93,-4.77,0.000000
-36.43,-4.77,0.000000
-35.93,-4.77,0.000000
-35.43,-4.77,0.000000
-34.92,-4.77,0.000000
-34.42,-4.77,0.000000
-33.92,-4.77,0.000000
-33.42,-4.77,0.000000
-32.91,-4.77,0.000000
-32.41,-4.77,0.000000
-31.91,-4.77,0.000000
-31.41,-4.77,0.000000
-30.90,-4.77,0.000000
-30.40,-4.77,0.000000
-29.90,-4.77,0.000000
-29.40,-4.77,0.000000
-28.89,-4.77,0.000000
-28.39,-4.77,0.000000
-27.89,-4.77,0.000000
-27.39,-4.77,0.000000
-26.88,-4.77,0.000000
-26.38,-4.77,0.000000
-25.88,-4.77,0.000000
-25.38,-4.77,0.000000
-24.87,-4.77,0.000000
-24.37,-4.77,0.000000
-23.87,-4.77,0.000000
-23.37,-4.77,0.000000
-22.86,-4.77,0.000000
-22.36,-4.77,0.000000
-21.86,-4.77,0.000000
-21.36,-4.77,0.000000
-20.85,-4.77,0.000000
-20.35,-4.77,0.000000
-19.85,-4.77,0.000000
-19.35,-4.77,0.000000
-18.84,-4.77,0.000000
-18.34,-4.77,0.000000
-17.84,-4.77,0.000000
-17.34,-4.77,0.000000
-16.83,-4.77,0.000000
-16.33,-4.77,0.000000
-15.83,-4.77,0.000000
-15.33,-4.77,0.000000
-14.82,-4.77,0.000000
-14.32,-4.77,0.000000
-13.82,-4.77,0.000000
-13.32,-4.77,0.000000
-12.81,-4.77,0.000000
-12.31,-4.77,0.000000
-11.81,-4.77,0.000000
-11.31,-4.77,0.000000
-10.80,-4.77,0.000000
-10.30,-4.77,0.000000
-9.80,-4.77,0.000000
-9.30,-4.77,0.000000
-8.79,-4.77,0.000000
-8.29,-4.77,0.000000
-7.79,-4.77,0.000000
-7.29,-4.77,0.000000
-6.78,-4.77,0.000000
-6.28,-4.77,0.000000
-5.78,-4.77,0.000000
-5.28,-4.77,0.000000
-4.77,-4.77,0.000000
-4.27,-4.77,0.000000
-3.77,-4.77,0.000000
-3.27,-4.77,0.000000
-2.76,-4.77,0.000000
-2.26,-4.77,0.000000
-1.76,-4.77,0.000000
-1.26,-4.77,0.000000
-0.75,-4.77,0.000000
-0.25,-4.77,0.000000
0.25,-4.77,0.013888
0.75,-4.77,0.041211
1.26,-4.77,0.067247
1.76,-4.77,0.091349
2.26,-4.77,0.113117
2.76,-4.77,0.132393
3.27,-4.77,0.149212
3.77,-4.77,0.163734
4.27,-4.77,0.176193
4.77,-4.77,0.186845
5.28,-4.77,0.195943
5.78,-4.77,0.203718
6.28,-4.77,0.210377
6.78,-4.77,0.216096
7.29,-4.77,0.221026
7.79,-4.77,0.225291
8.29,-4.77,0.228996
8.79,-4.77,0.232227
9.30,-4.77,0.235058
9.80,-4.77,0.237548
10.30,-4.77,0.239747
10.80,-4.77,0.241696
11.31,-4.77,0.243430
11.81,-4.77,0.244979
12.31,-4.77,0.246366
12.81,-4.77,0.247614
13.32,-4.77,0.248739
13.82,-4.77,0.249756
14.32,-4.77,0.250679
14.82,-4.77,0.251519
15.33,-4.77,0.252284
15.83,-4.77,0.252984
16.33,-4.77,0.253626
16.83,-4.77,0.254215
17.34,-4.77,0.254757
17.84,-4.77,0.255257
18.34,-4.77,0.255720
18.84,-4.77,0.256147
19.35,-4.77,0.256544
19.85,-4.77,0.256913
20.35,-4.77,0.257256
20.85,-4.77,0.257576
21.36,-4.77,0.257875
21.86,-4.77,0.258155
22.36,-4.77,0.258416
22.86,-4.77,0.258661
23.37,-4.77,0.258891
23.87,-4.77,0.259108
24.37,-4.77,0.259311
24.87,-4.77,0.259503
25.38,-4.77,0.259684
25.88,-4.77,0.259855
26.38,-4.77,0.260016
26.88,-4.77,0.260169
27.39,-4.77,0.260314
27.89,-4.77,0.260451
28.39,-4.77,0.260581
28.89,-4.77,0.260705
29.40,-4.77,0.260822
29.90,-4.77,0.260934
30.40,-4.77,0.261041
30.90,-4.77,0.261142
31.41,-4.77,0.261239
31.91,-4.77,0.261331
32.41,-4.77,0.261419
32.91,-4.77,0.261503
33.42,-4.77,0.261583
33.92,-4.77,0.261660
34.42,-4.77,0.261734
34.92,-4.77,0.261805
35.43,-4.77,0.261872
35.93,-4.77,0.261937
36.43,-4.77,0.261999
36.93,-4.77,0.262059
37.44,-4.77,0.262117
37.94,-4.77,0.262172
38.44,-4.77,0.262225
38.94,-4.77,0.262276
39.45,-4.77,0.262325
39.95,-4.77,0.262372
40.45,-4.77,0.262418
40.95,-4.77,0.262462
41.46,-4.77,0.262504
41.96,-4.77,0.262545
42.46,-4.77,0.262585
42.96,-4.77,0.262623
43.47,-4.77,0.262660
43.97,-4.77,0.262695
44.47,-4.77,0.262730
44.97,-4.77,0.262763
45.48,-4.77,0.262795
45.98,-4.77,0.262826
46.48,-4.77,0.262856
46.98,-4.77,0.262886
47.49,-4.77,0.262914
47.99,-4.77,0.262941
48.49,-4.77,0.262968
48.99,-4.77,0.262994
49.50,-4.77,0.263019
50.00,-4.77,0.263043
-50.00,-4.27,0.000000
-49.50,-4.27,0.000000
-48.99,-4.27,0.000000
-48.49,-4.27,0.000000
-47.99,-4.27,0.000000
-47.49,-4.27,0.000000
-46.98,-4.27,0.000000
-46.48,-4.27,0.000000
-45.98,-4.27,0.000000
-45.48,-4.27,0.000000
-44.97,-4.27,0.000000
-44.47,-4.27,0.000000
-43.97,-4.27,0.000000
-43.47,-4.27,0.000000
-42.96,-4.27,0.000000
-42.46,-4.27,0.000000
-41.96,-4.27,0.000000
-41.46,-4.27,0.000000
-40.95,-4.27,0.000000
-40.45,-4.27,0.000000
-39.95,-4.27,0.000000
-39.45,-4.27,0.000000
-38.94,-4.27,0.000000
-38.44,-4.27,0.000000
-37.94,-4.27,0.000000
-37.44,-4.27,0.000000
-36.93,-4.27,0.000000
-36.43,-4.27,0.000000
-35.93,-4.27,0.000000
-35.43,-4.27,0.000000
-34.92,-4.27,0.000000
-34.42,-4.27,0.000000
-33.92,-4.27,0.000000
-33.42,-4.27,0.000000
-32.91,-4.27,0.000000
-32.41,-4.27,0.000000
-31.91,-4.27,0.000000
-31.41,-4.27,0.000000
-30.90,-4.27,0.000000
-30.40,-4.27,0.000000
-29.90,-4.27,0.000000
-29.40,-4.27,0.000000
-28.89,-4.27,0.000000
-28.39,-4.27,0.000000
-27.89,-4.27,0.000000
-27.39,-4.27,0.000000
-26.88,-4.27,0.000000
-26.38,-4.27,0.000000
-25.88,-4.27,0.000000
-25.38,-4.27,0.000000
-24.87,-4.27,0.000000
-24.37,-4.27,0.000000
-23.87,-4.27,0.000000
-23.37,-4.27,0.000000
-22.86,-4.27,0.000000
-22.36,-4.27,0.000000
-21.86,-4.27,0.000000
-21.36,-4.27,0.000000
-20.85,-4.27,0.000000
-20.35,-4.27,0.000000
-19.85,-4.27,0.000000
-19.35,-4.27,0.000000
-18.84,-4.27,0.000000
-18.34,-4.27,0.000000
-17.84,-4.27,0.000000
-17.34,-4.27,0.000000
-16.83,-4.27,0.000000
-16.33,-4.27,0.000000
-15.83,-4.27,0.000000
-15.33,-4.27,0.000000
-14.82,-4.27,0.000000
-14.32,-4.27,0.000000
-13.82,-4.27,0.000000
-13.32,-4.27,0.000000
-12.81,-4.27,0.000000
-12.31,-4.27,0.000000
-11.81,-4.27,0.000000
-11.31,-4.27,0.000000
-10.80,-4.27,0.000000
-10.30,-4.27,0.000000
-9.80,-4.27,0.000000
-9.30,-4.27,0.000000
-8.79,-4.27,0.000000
-8.29,-4.27,0.000000
-7.79,-4.27,0.000000
-7.29,-4.27,0.000000
-6.78,-4.27,0.000000
-6.28,-4.27,0.000000
-5.78,-4.27,0.000000
-5.28,-4.27,0.000000
-4.77,-4.27,0.000000
-4.27,-4.27,0.000000
-3.77,-4.27,0.000000
-3.27,-4.27,0.000000
-2.76,-4.27,0.000000
-2.26,-4.27,0.000000
-1.76,-4.27,0.000000
-1.26,-4.27,0.000000
-0.75,-4.27,0.000000
-0.25,-4.27,0.000000
0.25,-4.27,0.015517
0.75,-4.27,0.045921
1.26,-4.27,0.074559
1.76,-4.27,0.100609
2.26,-4.27,0.123634
2.76,-4.27,0.143548
3.27,-4.27,0.160512
3.77,-4.27,0.174826
4.27,-4.27,0.186845
4.77,-4.27,0.196922
5.28,-4.27,0.205379
5.78,-4.27,0.212495
6.28,-4.27,0.218506
6.78,-4.27,0.223608
7.29,-4.27,0.227959
7.79,-4.27,0.231688
8.29,-4.27,0.234902
8.79,-4.27,0.237685
9.30,-4.27,0.240108
9.80,-4.27,0.242227
10.30,-4.27,0.244089
10.80,-4.27,0.245732
11.31,-4.27,0.247188
11.81,-4.27,0.248484
12.31,-4.27,0.249642
12.81,-4.27,0.250679
13.32,-4.27,0.251613
13.82,-4.27,0.252455
14.32,-4.27,0.253217
14.82,-4.27,0.253909
15.33,-4.27,0.254539
15.83,-4.27,0.255114
16.33,-4.27,0.255641
16.83,-4.27,0.256123
17.34,-4.27,0.256567
17.84,-4.27,0.256976
18.34,-4.27,0.257353
18.84,-4.27,0.257702
19.35,-4.27,0.258025
19.85,-4.27,0.258326
20.35,-4.27,0.258605
20.85,-4.27,0.258865
21.36,-4.27,0.259108
21.86,-4.27,0.259335
22.36,-4.27,0.259547
22.86,-4.27,0.259746
23.37,-4.27,0.259932
23.87,-4.27,0.260107
24.37,-4.27,0.260272
24.87,-4.27,0.260427
25.38,-4.27,0.260574
25.88,-4.27,0.260712
26.38,-4.27,0.260842
26.88,-4.27,0.260966
27.39,-4.27,0.261083
27.89,-4.27,0.261194
28.39,-4.27,0.261299
28.89,-4.27,0.261398
29.40,-4.27,0.261493
29.90,-4.27,0.261583
30.40,-4.27,0.261669
30.90,-4.27,0.261751
31.41,-4.27,0.261829
31.91,-4.27,0.261903
32.41,-4.27,0.261974
32.91,-4.27,0.262042
33.42,-4.27,0.262107
33.92,-4.27,0.262169
34.42,-4.27,0.262228
34.92,-4.27,0.262285
35.43,-4.27,0.262339
35.93,-4.27,0.262391
36.43,-4.27,0.262442
36.93,-4.27,0.262490
37.44,-4.27,0.262536
37.94,-4.27,0.262580
38.44,-4.27,0.262623
38.94,-4.27,0.262664
39.45,-4.27,0.262704
39.95,-4.27,0.262742
40.45,-4.27,0.262778
40.95,-4.27,0.262814
41.46,-4.27,0.262848
41.96,-4.27,0.262881
42.46,-4.27,0.262912
42.96,-4.27,0.262943
43.47,-4.27,0.262973
43.97,-4.27,0.263001
44.47,-4.27,0.263029
44.97,-4.27,0.263055
45.48,-4.27,0.263081
45.98,-4.27,0.263106
46.48,-4.27,0.263131
46.98,-4.27,0.263154
47.49,-4.27,0.263177
47.99,-4.27,0.263199
48.49,-4.27,0.263220
48.99,-4.27,0.263241
49.50,-4.27,0.263261
50.00,-4.27,0.263280
-50.00,-3.77,0.000000
-49.50,-3.77,0.000000
-48.99,-3.77,0.000000
-48.49,-3.77,0.000000
-47.99,-3.77,0.000000
-47.49,-3.77,0.000000
-46.98,-3.77,0.000000
-46.48,-3.77,0.000000
-45.98,-3.77,0.000000
-45.48,-3.77,0.000000
-44.97,-3.77,0.000000
-44.47,-3.77,0.000000
-43.97,-3.77,0.000000
-43.47,-3.77,0.000000
-42.96,-3.77,0.000000
-42.46,-3.77,0.000000
-41.96,-3.77,0.000000
-41.46,-3.77,0.000000
-40.95,-3.77,0.000000
-40.45,-3.77,0.000000
-39.95,-3.77,0.000000
-39.45,-3.77,0.000000
-38.94,-3.77,0.000000
-38.44,-3.77,0.000000
-37.94,-3.77,0.000000
-37.44,-3.77,0.000000
-36.93,-3.77,0.000000
-36.43,-3.77,0.000000
-35.93,-3.77,0.000000
-35.43,-3.77,0.000000
-34.92,-3.77,0.000000
-34.42,-3.77,0.000000
-33.92,-3.77,0.000000
-33.42,-3.77,0.000000
-32.91,-3.77,0.000000
-32.41,-3.77,0.000000
-31.91,-3.77,0.000000
-31.41,-3.77,0.000000
-30.90,-3.77,0.000000
-30.40,-3.77,0.000000
-29.90,-3.77,0.000000
-29.40,-3.77,0.000000
-28.89,-3.77,0.000000
-28.39,-3.77,0.000000
-27.89,-3.77,0.000000
-27.39,-3.77,0.000000
-26.88,-3.77,0.000000
-26.38,-3.77,0.000000
-25.88,-3.77,0.000000
-25.38,-3.77,0.000000
-24.87,-3.77,0.000000
-24.37,-3.77,0.000000
-23.87,-3.77,0.000000
-23.37,-3.77,0.000000
-22.86,-3.77,0.000000
-22.36,-3.77,0.000000
-21.86,-3.77,0.000000
-21.36,-3.77,0.000000
-20.85,-3.77,0.000000
-20.35,-3.77,0.000000
-19.85,-3.77,0.000000
-19.35,-3.77,0.000000
-18.84,-3.77,0.000000
-18.34,-3.77,0.000000
-17.84,-3.77,0.000000
-17.34,-3.77,0.000000
-16.83,-3.77,0.000000
-16.33,-3.77,0.000000
-15.83,-3.77,0.000000
-15.33,-3.77,0.000000
-14.82,-3.77,0.000000
-14.32,-3.77,0.000000
-13.82,-3.77,0.000000
-13.32,-3.77,0.000000
-12.81,-3.77,0.000000
-12.31,-3.77,0.000000
-11.81,-3.77,0.000000
-11.31,-3.77,0.000000
-10.80,-3.77,0.000000
-10.30,-3.77,0.000000
-9.80,-3.77,0.000000
-9.30,-3.77,0.000000
-8.79,-3.77,0.000000
-8.29,-3.77,0.000000
-7.79,-3.77,0.000000
-7.29,-3.77,0.000000
-6.78,-3.77,0.000000
-6.28,-3.77,0.000000
-5.78,-3.77,0.000000
-5.28,-3.77,0.000000
-4.77,-3.77,0.000000
-4.27,-3.77,0.000000
-3.77,-3.77,0.000000
-3.27,-3.77,0.000000
-2.76,-3.77,0.000000
-2.26,-3.77,0.000000
-1.76,-3.77,0.000000
-1.26,-3.77,0.000000
-0.75,-3.77,0.000000
-0.25,-3.77,0.000000
0.25,-3.77,0.017577
0.75,-3.77,0.051822
1.26,-3.77,0.083560
1.76,-3.77,0.111743
2.26,-3.77,0.135950
2.76,-3.77,0.156261
3.27,-3.77,0.173058
3.77,-3.77,0.186845
4.27,-3.77,0.198136
4.77,-3.77,0.207397
5.28,-3.77,0.215020
5.78,-3.77,0.221329
6.28,-3.77,0.226583
6.78,-3.77,0.230987
7.29,-3.77,0.234702
7.79,-3.77,0.237857
8.29,-3.77,0.240554
8.79,-3.77,0.242874
9.30,-3.77,0.244881
9.80,-3.77,0.246626
10.30,-3.77,0.248153
10.80,-3.77,0.249495
11.31,-3.77,0.250679
11.81,-3.77,0.251730
12.31,-3.77,0.252665
12.81,-3.77,0.253502
13.32,-3.77,0.254252
13.82,-3.77,0.254928
14.32,-3.77,0.255539
14.82,-3.77,0.256092
15.33,-3.77,0.256595
15.83,-3.77,0.257053
16.33,-3.77,0.257472
16.83,-3.77,0.257856
17.34,-3.77,0.258208
17.84,-3.77,0.258532
18.34,-3.77,0.258831
18.84,-3.77,0.259108
19.35,-3.77,0.259364
19.85,-3.77,0.259601
20.35,-3.77,0.259822
20.85,-3.77,0.260027
21.36,-3.77,0.260218
21.86,-3.77,0.260397
22.36,-3.77,0.260564
22.86,-3.77,0.260721
23.37,-3.77,0.260868
23.87,-3.77,0.261006
24.37,-3.77,0.261135
24.87,-3.77,0.261257
25.38,-3.77,0.261372
25.88,-3.77,0.261481
26.38,-3.77,0.261583
26.88,-3.77,0.261680
27.39,-3.77,0.261772
27.89,-3.77,0.261859
28.39,-3.77,0.261941
28.89,-3.77,0.262020
29.40,-3.77,0.262094
29.90,-3.77,0.262165
30.40,-3.77,0.262232
30.90,-3.77,0.262296
31.41,-3.77,0.262357
31.91,-3.77,0.262415
32.41,-3.77,0.262471
32.91,-3.77,0.262524
33.42,-3.77,0.262574
33.92,-3.77,0.262623
34.42,-3.77,0.262669
34.92,-3.77,0.262714
35.43,-3.77,0.262756
35.93,-3.77,0.262797
36.43,-3.77,0.262836
36.93,-3.77,0.262874
37.44,-3.77,0.262910
37.94,-3.77,0.262945
38.44,-3.77,0.262978
38.94,-3.77,0.263010
39.45,-3.77,0.263041
39.95,-3.77,0.263071
40.45,-3.77,0.263100
40.95,-3.77,0.263127
41.46,-3.77,0.263154
41.96,-3.77,0.263180
42.46,-3.77,0.263204
42.96,-3.77,0.263228
43.47,-3.77,0.263251
43.97,-3.77,0.263274
44.47,-3.77,0.263295
44.97,-3.77,0.263316
45.48,-3.77,0.263336
45.98,-3.77,0.263356
46.48,-3.77,0.263375
46.98,-3.77,0.263393
47.49,-3.77,0.263411
47.99,-3.77,0.263428
48.49,-3.77,0.263445
48.99,-3.77,0.263461
49.50,-3.77,0.263476
50.00,-3.77,0.263492
-50.00,-3.27,0.000000
-49.50,-3.27,0.000000
-48.99,-3.27,0.000000
-48.49,-3.27,0.000000
-47.99,-3.27,0.000000
-47.49,-3.27,0.000000
-46.98,-3.27,0.000000
-46.48,-3.27,0.000000
-45.98,-3.27,0.000000
-45.48,-3.27,0.000000
-44.97,-3.27,0.000000
-44.47,-3.27,0.000000
-43.97,-3.27,0.000000
-43.47,-3.27,0.000000
-42.96,-3.27,0.000000
-42.46,-3.27,0.000000
-41.96,-3.27,0.000000
-41.46,-3.27,0.000000
-40.95,-3.27,0.000000
-40.45,-3.27,0.000000
-39.95,-3.27,0.000000
-39.45,-3.27,0.000000
-38.94,-3.27,0.000000
-38.44,-3.27,0.000000
-37.94,-3.27,0.000000
-37.44,-3.27,0.000000
-36.93,-3.27,0.000000
-36.43,-3.27,0.000000
-35.93,-3.27,0.000000
-35.43,-3.27,0.000000
-34.92,-3.27,0.000000
-34.42,-3.27,0.000000
-33.92,-3.27,0.000000
-33.42,-3.27,0.000000
-32.91,-3.27,0.000000
-32.41,-3.27,0.000000
-31.91,-3.27,0.000000
-31.41,-3.27,0.000000
-30.90,-3.27,0.000000
-30.40,-3.27,0.000000
-29.90,-3.27,0.000000
-29.40,-3.27,0.000000
-28.89,-3.27,0.000000
-28.39,-3.27,0.000000
-27.89,-3.27,0.000000
-27.39,-3.27,0.000000
-26.88,-3.27,0.000000
-26.38,-3.27,0.000000
-25.88,-3.27,0.000000
-25.38,-3.27,0.000000
-24.87,-3.27,0.000000
-24.37,-3.27,0.000000
-23.87,-3.27,0.000000
-23.37,-3.27,0.000000
-22.86,-3.27,0.000000
-22.36,-3.27,0.000000
-21.86,-3.27,0.000000
-21.36,-3.27,0.000000
-20.85,-3.27,0.000000
-20.35,-3.27,0.000000
-19.85,-3.27,0.000000
-19.35,-3.27,0.000000
-18.84,-3.27,0.000000
-18.34,-3.27,0.000000
-17.84,-3.27,0.000000
-17.34,-3.27,0.000000
-16.83,-3.27,0.000000
-16.33,-3.27,0.000000
-15.83,-3.27,0.000000
-15.33,-3.27,0.000000
-14.82,-3.27,0.000000
-14.32,-3.27,0.000000
-13.82,-3.27,0.000000
-13.32,-3.27,0.000000
-12.81,-3.27,0.000000
-12.31,-3.27,0.000000
-11.81,-3.27,0.000000
-11.31,-3.27,0.000000
-10.80,-3.27,0.000000
-10.30,-3.27,0.000000
-9.80,-3.27,0.000000
-9.30,-3.27,0.000000
-8.79,-3.27,0.000000
-8.29,-3.27,0.000000
-7.79,-3.27,0.000000
-7.29,-3.27,0.000000
-6.78,-3.27,0.000000
-6.28,-3.27,0.000000
-5.78,-3.27,0.000000
-5.28,-3.27,0.000000
-4.77,-3.27,0.000000
-4.27,-3.27,0.000000
-3.77,-3.27,0.000000
-3.27,-3.27,0.000000
-2.76,-3.27,0.000000
-2.26,-3.27,0.000000
-1.76,-3.27,0.000000
-1.26,-3.27,0.000000
-0.75,-3.27,0.000000
-0.25,-3.27,0.000000
0.25,-3.27,0.020266
0.75,-3.27,0.059417
1.26,-3.27,0.094856
1.76,-3.27,0.125276
2.26,-3.27,0.150408
2.76,-3.27,0.170683
3.27,-3.27,0.186845
3.77,-3.27,0.199683
4.27,-3.27,0.209900
4.77,-3.27,0.218078
5.28,-3.27,0.224673
5.78,-3.27,0.230037
6.28,-3.27,0.234437
6.78,-3.27,0.238080
7.29,-3.27,0.241121
7.79,-3.27,0.243680
8.29,-3.27,0.245850
8.79,-3.27,0.247704
9.30,-3.27,0.249299
9.80,-3.27,0.250679
10.30,-3.27,0.251881
10.80,-3.27,0.252933
11.31,-3.27,0.253858
11.81,-3.27,0.254677
12.31,-3.27,0.255403
12.81,-3.27,0.256052
13.32,-3.27,0.256632
13.82,-3.27,0.257153
14.32,-3.27,0.257624
14.82,-3.27,0.258049
15.33,-3.27,0.258435
15.83,-3.27,0.258787
16.33,-3.27,0.259108
16.83,-3.27,0.259401
17.34,-3.27,0.259671
17.84,-3.27,0.259918
18.34,-3.27,0.260146
18.84,-3.27,0.260357
19.35,-3.27,0.260552
19.85,-3.27,0.260733
20.35,-3.27,0.260900
20.85,-3.27,0.261056
21.36,-3.27,0.261202
21.86,-3.27,0.261338
22.36,-3.27,0.261465
22.86,-3.27,0.261583
23.37,-3.27,0.261695
23.87,-3.27,0.261799
24.37,-3.27,0.261898
24.87,-3.27,0.261990
25.38,-3.27,0.262077
25.88,-3.27,0.262159
26.38,-3.27,0.262237
26.88,-3.27,0.262310
27.39,-3.27,0.262380
27.89,-3.27,0.262445
28.39,-3.27,0.262508
28.89,-3.27,0.262567
29.40,-3.27,0.262623
29.90,-3.27,0.262676
30.40,-3.27,0.262727
30.90,-3.27,0.262776
31.41,-3.27,0.262822
31.91,-3.27,0.262866
32.41,-3.27,0.262907
32.91,-3.27,0.262948
33.42,-3.27,0.262986
33.92,-3.27,0.263022
34.42,-3.27,0.263057
34.92,-3.27,0.263091
35.43,-3.27,0.263123
35.93,-3.27,0.263154
36.43,-3.27,0.263183
36.93,-3.27,0.263212
37.44,-3.27,0.263239
37.94,-3.27,0.263265
38.44,-3.27,0.263290
38.94,-3.27,0.263315
39.45,-3.27,0.263338
39.95,-3.27,0.263360
40.45,-3.27,0.263382
40.95,-3.27,0.263403
41.46,-3.27,0.263423
41.96,-3.27,0.263442
42.46,-3.27,0.263461
42.96,-3.27,0.263479
43.47,-3.27,0.263496
43.97,-3.27,0.263513
44.47,-3.27,0.263529
44.97,-3.27,0.263545
45.48,-3.27,0.263560
45.98,-3.27,0.263575
46.48,-3.27,0.263589
46.98,-3.27,0.263603
47.49,-3.27,0.263616
47.99,-3.27,0.263629
48.49,-3.27,0.263642
48.99,-3.27,0.263654
49.50,-3.27,0.263666
50.00,-3.27,0.263677
-50.00,-2.76,0.000000
-49.50,-2.76,0.000000
-48.99,-2.76,0.000000
-48.49,-2.76,0.000000
-47.99,-2.76,0.000000
-47.49,-2.76,0.000000
-46.98,-2.76,0.000000
-46.48,-2.76,0.000000
-45.98,-2.76,0.000000
-45.48,-2.76,0.000000
-44.97,-2.76,0.000000
-44.47,-2.76,0.000000
-43.97,-2.76,0.000000
-43.47,-2.76,0.000000
-42.96,-2.76,0.000000
-42.46,-2.76,0.000000
-41.96,-2.76,0.000000
-41.46,-2.76,0.000000
-40.95,-2.76,0.000000
-40.45,-2.76,0.000000
-39.95,-2.76,0.000000
-39.45,-2.76,0.000000
-38.94,-2.76,0.000000
-38.44,-2.76,0.000000
-37.94,-2.76,0.000000
-37.44,-2.76,0.000000
-36.93,-2.76,0.000000
-36.43,-2.76,0.000000
-35.93,-2.76,0.000000
-35.43,-2.76,0.000000
-34.92,-2.76,0.000000
-34.42,-2.76,0.000000
-33.92,-2.76,0.000000
-33.42,-2.76,0.000000
-32.91,-2.76,0.000000
-32.41,-2.76,0.000000
-31.91,-2.76,0.000000
-31.41,-2.76,0.000000
-30.90,-2.76,0.000000
-30.40,-2.76,0.000000
-29.90,-2.76,0.000000
-29.40,-2.76,0.000000
-28.89,-2.76,0.000000
-28.39,-2.76,0.000000
-27.89,-2.76,0.000000
-27.39,-2.76,0.000000
-26.88,-2.76,0.000000
-26.38,-2.76,0.000000
-25.88,-2.76,0.000000
-25.38,-2.76,0.000000
-24.87,-2.76,0.000000
-24.37,-2.76,0.000000
-23.87,-2.76,0.000000
-23.37,-2.76,0.000000
-22.86,-2.76,0.000000
-22.36,-2.76,0.000000
-21.86,-2.76,0.000000
-21.36,-2.76,0.000000
-20.85,-2.76,0.000000
-20.35,-2.76,0.000000
-19.85,-2.76,0.000000
-19.35,-2.76,0.000000
-18.84,-2.76,0.000000
-18.34,-2.76,0.000000
-17.84,-2.76,0.000000
-17.34,-2.76,0.000000
-16.83,-2.76,0.000000
-16.33,-2.76,0.000000
-15.83,-2.76,0.000000
-15.33,-2.76,0.000000
-14.82,-2.76,0.000000
-14.32,-2.76,0.000000
-13.82,-2.76,0.000000
-13.32,-2.76,0.000000
-12.81,-2.76,0.000000
-12.31,-2.76,0.000000
-11.81,-2.76,0.000000
-11.31,-2.76,0.000000
-10.80,-2.76,0.000000
-10.30,-2.76,0.000000
-9.80,-2.76,0.000000
-9.30,-2.76,0.000000
-8.79,-2.76,0.000000
-8.29,-2.76,0.000000
-7.79,-2.76,0.000000
-7.29,-2.76,0.000000
-6.78,-2.76,0.000000
-6.28,-2.76,0.000000
-5.78,-2.76,0.000000
-5.28,-2.76,0.000000
-4.77,-2.76,0.000000
-4.27,-2.76,0.000000
-3.77,-2.76,0.000000
-3.27,-2.76,0.000000
-2.76,-2.76,0.000000
-2.26,-2.76,0.000000
-1.76,-2.76,0.000000
-1.26,-2.76,0.000000
-0.75,-2.76,0.000000
-0.25,-2.76,0.000000
0.25,-2.76,0.023923
0.75,-2.76,0.069526
1.26,-2.76,0.109343
1.76,-2.76,0.141864
2.26,-2.76,0.167326
2.76,-2.76,0.186845
3.27,-2.76,0.201717
3.77,-2.76,0.213084
4.27,-2.76,0.221847
4.77,-2.76,0.228679
5.28,-2.76,0.234071
5.78,-2.76,0.238379
6.28,-2.76,0.241862
6.78,-2.76,0.244710
7.29,-2.76,0.247063
7.79,-2.76,0.249026
8.29,-2.76,0.250679
8.79,-2.76,0.252082
9.30,-2.76,0.253283
9.80,-2.76,0.254317
10.30,-2.76,0.255213
10.80,-2.76,0.255996
11.31,-2.76,0.256682
11.81,-2.76,0.257287
12.31,-2.76,0.257822
12.81,-2.76,0.258299
13.32,-2.76,0.258725
13.82,-2.76,0.259108
14.32,-2.76,0.259452
14.82,-2.76,0.259763
15.33,-2.76,0.260045
15.83,-2.76,0.260301
16.33,-2.76,0.260535
16.83,-2.76,0.260748
17.34,-2.76,0.260944
17.84,-2.76,0.261124
18.34,-2.76,0.261289
18.84,-2.76,0.261442
19.35,-2.76,0.261583
19.85,-2.76,0.261714
20.35,-2.76,0.261836
20.85,-2.76,0.261949
21.36,-2.76,0.262054
21.86,-2.76,0.262152
22.36,-2.76,0.262244
22.86,-2.76,0.262330
23.37,-2.76,0.262410
23.87,-2.76,0.262485
24.37,-2.76,0.262556
24.87,-2.76,0.262623
25.38,-2.76,0.262686
25.88,-2.76,0.262745
26.38,-2.76,0.262801
26.88,-2.76,0.262854
27.39,-2.76,0.262904
27.89,-2.76,0.262951
28.39,-2.76,0.262996
28.89,-2.76,0.263039
29.40,-2.76,0.263079
29.90,-2.76,0.263117
30.40,-2.76,0.263154
30.90,-2.76,0.263189
31.41,-2.76,0.263222
31.91,-2.76,0.263254
32.41,-2.76,0.263284
32.91,-2.76,0.263312
33.42,-2.76,0.263340
33.92,-2.76,0.263366
34.42,-2.76,0.263391
34.92,-2.76,0.263416
35.43,-2.76,0.263439
35.93,-2.76,0.263461
36.43,-2.76,0.263482
36.93,-2.76,0.263502
37.44,-2.76,0.263522
37.94,-2.76,0.263541
38.44,-2.76,0.263559
38.94,-2.76,0.263576
39.45,-2.76,0.263593
39.95,-2.76,0.263609
40.45,-2.76,0.263625
40.95,-2.76,0.263639
41.46,-2.76,0.263654
41.96,-2.76,0.263668
42.46,-2.76,0.263681
42.96,-2.76,0.263694
43.47,-2.76,0.263707
43.97,-2.76,0.263719
44.47,-2.76,0.263730
44.97,-2.76,0.263742
45.48,-2.76,0.263752
45.98,-2.76,0.263763
46.48,-2.76,0.263773
46.98,-2.76,0.263783
47.49,-2.76,0.263793
47.99,-2.76,0.263802
48.49,-2.76,0.263811
48.99,-2.76,0.263820
49.50,-2.76,0.263828
50.00,-2.76,0.263836
-50.00,-2.26,0.000000
-49.50,-2.26,0.000000
-48.99,-2.26,0.000000
-48.49,-2.26,0.000000
-47.99,-2.26,0.000000
-47.49,-2.26,0.000000
-46.98,-2.26,0.000000
-46.48,-2.26,0.000000
-45.98,-2.26,0.000000
-45.48,-2.26,0.000000
-44.97,-2.26,0.000000
-44.47,-2.26,0.000000
-43.97,-2.26,0.000000
-43.47,-2.26,0.000000
-42.96,-2.26,0.000000
-42.46,-2.26,0.000000
-41.96,-2.26,0.000000
-41.46,-2.26,0.000000
-40.95,-2.26,0.000000
-40.45,-2.26,0.000000
-39.95,-2.26,0.000000
-39.45,-2.26,0.000000
-38.94,-2.26,0.000000
-38.44,-2.26,0.000000
-37.94,-2.26,0.000000
-37.44,-2.26,0.000000
-36.93,-2.26,0.000000
-36.43,-2.26,0.000000
-35.93,-2.26,0.000000
-35.43,-2.26,0.000000
-34.92,-2.26,0.000000
-34.42,-2.26,0.000000
-33.92,-2.26,0.000000
-33.42,-2.26,0.000000
-32.91,-2.26,0.000000
-32.41,-2.26,0.000000
-31.91,-2.26,0.000000
-31.41,-2.26,0.000000
-30.90,-2.26,0.000000
-30.40,-2.26,0.000000
-29.90,-2.26,0.000000
-29.40,-2.26,0.000000
-28.89,-2.26,0.000000
-28.39,-2.26,0.000000
-27.89,-2.26,0.000000
-27.39,-2.26,0.000000
-26.88,-2.26,0.000000
-26.38,-2.26,0.000000
-25.88,-2.26,0.000000
-25.38,-2.26,0.000000
-24.87,-2.26,0.000000
-24.37,-2.26,0.000000
-23.87,-2.26,0.000000
-23.37,-2.26,0.000000
-22.86,-2.26,0.000000
-22.36,-2.26,0.000000
-21.86,-2.26,0.000000
-21.36,-2.26,0.000000
-20.85,-2.26,0.000000
-20.35,-2.26,0.000000
-19.85,-2.26,0.000000
-19.35,-2.26,0.000000
-18.84,-2.26,0.000000
-18.34,-2.26,0.000000
-17.84,-2.26,0.000000
-17.34,-2.26,0.000000
-16.83,-2.26,0.000000
-16.33,-2.26,0.000000
-15.83,-2.26,0.000000
-15.33,-2.26,0.000000
-14.82,-2.26,0.000000
-14.32,-2.26,0.000000
-13.82,-2.26,0.000000
-13.32,-2.26,0.000000
-12.81,-2.26,0.000000
-12.31,-2.26,0.000000
-11.81,-2.26,0.000000
-11.31,-2.26,0.000000
-10.80,-2.26,0.000000
-10.30,-2.26,0.000000
-9.80,-2.26,0.000000
-9.30,-2.26,0.000000
-8.79,-2.26,0.000000
-8.29,-2.26,0.000000
-7.79,-2.26,0.000000
-7.29,-2.26,0.000000
-6.78,-2.26,0.000000
-6.28,-2.26,0.000000
-5.78,-2.26,0.000000
-5.28,-2.26,0.000000
-4.77,-2.26,0.000000
-4.27,-2.26,0.000000
-3.77,-2.26,0.000000
-3.27,-2.26,0.000000
-2.76,-2.26,0.000000
-2.26,-2.26,0.000000
-1.76,-2.26,0.000000
-1.26,-2.26,0.000000
-0.75,-2.26,0.000000
-0.25,-2.26,0.000000
0.25,-2.26,0.029180
0.75,-2.26,0.083560
1.26,-2.26,0.128326
1.76,-2.26,0.162227
2.26,-2.26,0.186845
2.76,-2.26,0.204510
3.27,-2.26,0.217255
3.77,-2.26,0.226583
4.27,-2.26,0.233531
4.77,-2.26,0.238803
5.28,-2.26,0.242874
5.78,-2.26,0.246071
6.28,-2.26,0.248619
6.78,-2.26,0.250679
7.29,-2.26,0.252365
7.79,-2.26,0.253761
8.29,-2.26,0.254928
8.79,-2.26,0.255914
9.30,-2.26,0.256753
9.80,-2.26,0.257472
10.30,-2.26,0.258094
10.80,-2.26,0.258635
11.31,-2.26,0.259108
11.81,-2.26,0.259524
12.31,-2.26,0.259892
12.81,-2.26,0.260218
13.32,-2.26,0.260510
13.82,-2.26,0.260771
14.32,-2.26,0.261006
14.82,-2.26,0.261217
15.33,-2.26,0.261409
15.83,-2.26,0.261583
16.33,-2.26,0.261742
16.83,-2.26,0.261887
17.34,-2.26,0.262020
17.84,-2.26,0.262141
18.34,-2.26,0.262254
18.84,-2.26,0.262357
19.35,-2.26,0.262452
19.85,-2.26,0.262541
20.35,-2.26,0.262623
20.85,-2.26,0.262699
21.36,-2.26,0.262770
21.86,-2.26,0.262836
22.36,-2.26,0.262898
22.86,-2.26,0.262956
23.37,-2.26,0.263010
23.87,-2.26,0.263061
24.37,-2.26,0.263109
24.87,-2.26,0.263154
25.38,-2.26,0.263196
25.88,-2.26,0.263236
26.38,-2.26,0.263274
26.88,-2.26,0.263309
27.39,-2.26,0.263343
27.89,-2.26,0.263375
28.39,-2.26,0.263405
28.89,-2.26,0.263434
29.40,-2.26,0.263461
29.90,-2.26,0.263487
30.40,-2.26,0.263511
30.90,-2.26,0.263535
31.41,-2.26,0.263557
31.91,-2.26,0.263578
32.41,-2.26,0.263598
32.91,-2.26,0.263618
33.42,-2.26,0.263636
33.92,-2.26,0.263654
34.42,-2.26,0.263671
34.92,-2.26,0.263687
35.43,-2.26,0.263702
35.93,-2.26,0.263717
36.43,-2.26,0.263732
36.93,-2.26,0.263745
37.44,-2.26,0.263758
37.94,-2.26,0.263771
38.44,-2.26,0.263783
38.94,-2.26,0.263795
39.45,-2.26,0.263806
39.95,-2.26,0.263817
40.45,-2.26,0.263827
40.95,-2.26,0.263837
41.46,-2.26,0.263847
41.96,-2.26,0.263856
42.46,-2.26,0.263865
42.96,-2.26,0.263874
43.47,-2.26,0.263882
43.97,-2.26,0.263890
44.47,-2.26,0.263898
44.97,-2.26,0.263906
45.48,-2.26,0.263913
45.98,-2.26,0.263920
46.48,-2.26,0.263927
46.98,-2.26,0.263934
47.49,-2.26,0.263940
47.99,-2.26,0.263946
48.49,-2.26,0.263952
48.99,-2.26,0.263958
49.50,-2.26,0.263964
50.00,-2.26,0.263969
-50.00,-1.76,0.000000
-49.50,-1.76,0.000000
-48.99,-1.76,0.000000
-48.49,-1.76,0.000000
-47.99,-1.76,0.000000
-47.49,-1.76,0.000000
-46.98,-1.76,0.000000
-46.48,-1.76,0.000000
-45.98,-1.76,0.000000
-45.48,-1.76,0.000000
-44.97,-1.76,0.000000
-44.47,-1.76,0.000000
-43.97,-1.76,0.000000
-43.47,-1.76,0.000000
-42.96,-1.76,0.000000
-42.46,-1.76,0.000000
-41.96,-1.76,0.000000
-41.46,-1.76,0.000000
-40.95,-1.76,0.000000
-40.45,-1.76,0.000000
-39.95,-1.76,0.000000
-39.45,-1.76,0.000000
-38.94,-1.76,0.000000
-38.44,-1.76,0.000000
-37.94,-1.76,0.000000
-37.44,-1.76,0.000000
-36.93,-1.76,0.000000
-36.43,-1.76,0.000000
-35.93,-1.76,0.000000
-35.43,-1.76,0.000000
-34.92,-1.76,0.000000
-34.42,-1.76,0.000000
-33.92,-1.76,0.000000
-33.42,-1.76,0.000000
-32.91,-1.76,0.000000
-32.41,-1.76,0.000000
-31.91,-1.76,0.000000
-31.41,-1.76,0.000000
-30.90,-1.76,0.000000
-30.40,-1.76,0.000000
-29.90,-1.76,0.000000
-29.40,-1.76,0.000000
-28.89,-1.76,0.000000
-28.39,-1.76,0.000000
-27.89,-1.76,0.000000
-27.39,-1.76,0.000000
-26.88,-1.76,0.000000
-26.38,-1.76,0.000000
-25.88,-1.76,0.000000
-25.38,-1.76,0.000000
-24.87,-1.76,0.000000
-24.37,-1.76,0.000000
-23.87,-1.76,0.000000
-23.37,-1.76,0.000000
-22.86,-1.76,0.000000
-22.36,-1.76,0.000000
-21.86,-1.76,0.000000
-21.36,-1.76,0.000000
-20.85,-1.76,0.000000
-20.35,-1.76,0.000000
-19.85,-1.76,0.000000
-19.35,-1.76,0.000000
-18.84,-1.76,0.000000
-18.34,-1.76,0.000000
-17.84,-1.76,0.000000
-17.34,-1.76,0.000000
-16.83,-1.76,0.000000
-16.33,-1.76,0.000000
-15.83,-1.76,0.000000
-15.33,-1.76,0.000000
-14.82,-1.76,0.000000
-14.32,-1.76,0.000000
-13.82,-1.76,0.000000
-13.32,-1.76,0.000000
-12.81,-1.76,0.000000
-12.31,-1.76,0.000000
-11.81,-1.76,0.000000
-11.31,-1.76,0.000000
-10.80,-1.76,0.000000
-10.30,-1.76,0.000000
-9.80,-1.76,0.000000
-9.30,-1.76,0.000000
-8.79,-1.76,0.000000
-8.29,-1.76,0.000000
-7.79,-1.76,0.000000
-7.29,-1.76,0.000000
-6.78,-1.76,0.000000
-6.28,-1.76,0.000000
-5.78,-1.76,0.000000
-5.28,-1.76,0.000000
-4.77,-1.76,0.000000
-4.27,-1.76,0.000000
-3.77,-1.76,0.000000
-3.27,-1.76,0.000000
-2.76,-1.76,0.000000
-2.26,-1.76,0.000000
-1.76,-1.76,0.000000
-1.26,-1.76,0.000000
-0.75,-1.76,0.000000
-0.25,-1.76,0.000000
0.25,-1.76,0.037369
0.75,-1.76,0.104089
1.26,-1.76,0.153586
1.76,-1.76,0.186845
2.26,-1.76,0.208578
2.76,-1.76,0.222928
3.27,-1.76,0.232655
3.77,-1.76,0.239449
4.27,-1.76,0.244336
4.77,-1.76,0.247947
5.28,-1.76,0.250679
5.78,-1.76,0.252791
6.28,-1.76,0.254453
6.78,-1.76,0.255783
7.29,-1.76,0.256862
7.79,-1.76,0.257750
8.29,-1.76,0.258488
8.79,-1.76,0.259108
9.30,-1.76,0.259634
9.80,-1.76,0.260083
10.30,-1.76,0.260470
10.80,-1.76,0.260806
11.31,-1.76,0.261099
11.81,-1.76,0.261356
12.31,-1.76,0.261583
12.81,-1.76,0.261785
13.32,-1.76,0.261964
13.82,-1.76,0.262125
14.32,-1.76,0.262269
14.82,-1.76,0.262399
15.33,-1.76,0.262516
15.83,-1.76,0.262623
16.33,-1.76,0.262720
16.83,-1.76,0.262809
17.34,-1.76,0.262890
17.84,-1.76,0.262964
18.34,-1.76,0.263033
18.84,-1.76,0.263096
19.35,-1.76,0.263154
19.85,-1.76,0.263208
20.35,-1.76,0.263258
20.85,-1.76,0.263304
21.36,-1.76,0.263348
21.86,-1.76,0.263388
22.36,-1.76,0.263426
22.86,-1.76,0.263461
23.37,-1.76,0.263494
23.87,-1.76,0.263525
24.37,-1.76,0.263554
24.87,-1.76,0.263581
25.38,-1.76,0.263607
25.88,-1.76,0.263631
26.38,-1.76,0.263654
26.88,-1.76,0.263675
27.39,-1.76,0.263696
27.89,-1.76,0.263715
28.39,-1.76,0.263734
28.89,-1.76,0.263751
29.40,-1.76,0.263767
29.90,-1.76,0.263783
30.40,-1.76,0.263798
30.90,-1.76,0.263812
31.41,-1.76,0.263826
31.91,-1.76,0.263839
32.41,-1.76,0.263851
32.91,-1.76,0.263863
33.42,-1.76,0.263874
33.92,-1.76,0.263885
34.42,-1.76,0.263895
34.92,-1.76,0.263905
35.43,-1.76,0.263914
35.93,-1.76,0.263923
36.43,-1.76,0.263932
36.93,-1.76,0.263940
37.44,-1.76,0.263948
37.94,-1.76,0.263956
38.44,-1.76,0.263963
38.94,-1.76,0.263970
39.45,-1.76,0.263977
39.95,-1.76,0.263983
40.45,-1.76,0.263990
40.95,-1.76,0.263996
41.46,-1.76,0.264002
41.96,-1.76,0.264007
42.46,-1.76,0.264013
42.96,-1.76,0.264018
43.47,-1.76,0.264023
43.97,-1.76,0.264028
44.47,-1.76,0.264033
44.97,-1.76,0.264037
45.48,-1.76,0.264042
45.98,-1.76,0.264046
46.48,-1.76,0.264050
46.98,-1.76,0.264054
47.49,-1.76,0.264058
47.99,-1.76,0.264062
48.49,-1.76,0.264065
48.99,-1.76,0.264069
49.50,-1.76,0.264072
50.00,-1.76,0.264076
-50.00,-1.26,0.000000
-49.50,-1.26,0.000000
-48.99,-1.26,0.000000
-48.49,-1.26,0.000000
-47.99,-1.26,0.000000
-47.49,-1.26,0.000000
-46.98,-1.26,0.000000
-46.48,-1.26,0.000000
-45.98,-1.26,0.000000
-45.48,-1.26,0.000000
-44.97,-1.26,0.000000
-44.47,-1.26,0.000000
-43.97,-1.26,0.000000
-43.47,-1.26,0.000000
-42.96,-1.26,0.000000
-42.46,-1.26,0.000000
-41.96,-1.26,0.000000
-41.46,-1.26,0.000000
-40.95,-1.26,0.000000
-40.45,-1.26,0.000000
-39.95,-1.26,0.000000
-39.45,-1.26,0.000000
-38.94,-1.26,0.000000
-38.44,-1.26,0.000000
-37.94,-1.26,0.000000
-37.44,-1.26,0.000000
-36.93,-1.26,0.000000
-36.43,-1.26,0.000000
-35.93,-1.26,0.000000
-35.43,-1.26,0.000000
-34.92,-1.26,0.000000
-34.42,-1.26,0.000000
-33.92,-1.26,0.000000
-33.42,-1.26,0.000000
-32.91,-1.26,0.000000
-32.41,-1.26,0.000000
-31.91,-1.26,0.000000
-31.41,-1.26,0.000000
-30.90,-1.26,0.000000
-30.40,-1.26,0.000000
-29.90,-1.26,0.000000
-29.40,-1.26,0.000000
-28.89,-1.26,0.000000
-28.39,-1.26,0.000000
-27.89,-1.26,0.000000
-27.39,-1.26,0.000000
-26.88,-1.26,0.000000
-26.38,-1.26,0.000000
-25.88,-1.26,0.000000
-25.38,-1.26,0.000000
-24.87,-1.26,0.000000
-24.37,-1.26,0.000000
-23.87,-1.26,0.000000
-23.37,-1.26,0.000000
-22.86,-1.26,0.000000
-22.36,-1.26,0.000000
-21.86,-1.26,0.000000
-21.36,-1.26,0.000000
-20.85,-1.26,0.000000
-20.35,-1.26,0.000000
-19.85,-1.26,0.000000
-19.35,-1.26,0.000000
-18.84,-1.26,0.000000
-18.34,-1.26,0.000000
-17.84,-1.26,0.000000
-17.34,-1.26,0.000000
-16.83,-1.26,0.000000
-16.33,-1.26,0.000000
-15.83,-1.26,0.000000
-15.33,-1.26,0.000000
-14.82,-1.26,0.000000
-14.32,-1.26,0.000000
-13.82,-1.26,0.000000
-13.32,-1.26,0.000000
-12.81,-1.26,0.000000
-12.31,-1.26,0.000000
-11.81,-1.26,0.000000
-11.31,-1.26,0.000000
-10.80,-1.26,0.000000
-10.30,-1.26,0.000000
-9.80,-1.26,0.000000
-9.30,-1.26,0.000000
-8.79,-1.26,0.000000
-8.29,-1.26,0.000000
-7.79,-1.26,0.000000
-7.29,-1.26,0.000000
-6.78,-1.26,0.000000
-6.28,-1.26,0.000000
-5.78,-1.26,0.000000
-5.28,-1.26,0.000000
-4.77,-1.26,0.000000
-4.27,-1.26,0.000000
-3.77,-1.26,0.000000
-3.27,-1.26,0.000000
-2.76,-1.26,0.000000
-2.26,-1.26,0.000000
-1.76,-1.26,0.000000
-1.26,-1.26,0.000000
-0.75,-1.26,0.000000
-0.25,-1.26,0.000000
0.25,-1.26,0.051822
0.75,-1.26,0.135950
1.26,-1.26,0.186845
1.76,-1.26,0.215020
2.26,-1.26,0.230987
2.76,-1.26,0.240554
3.27,-1.26,0.246626
3.77,-1.26,0.250679
4.27,-1.26,0.253502
4.77,-1.26,0.255539
5.28,-1.26,0.257053
5.78,-1.26,0.258208
6.28,-1.26,0.259108
6.78,-1.26,0.259822
7.29,-1.26,0.260397
7.79,-1.26,0.260868
8.29,-1.26,0.261257
8.79,-1.26,0.261583
9.30,-1.26,0.261859
9.80,-1.26,0.262094
10.30,-1.26,0.262296
10.80,-1.26,0.262471
11.31,-1.26,0.262623
11.81,-1.26,0.262756
12.31,-1.26,0.262874
12.81,-1.26,0.262978
13.32,-1.26,0.263071
13.82,-1.26,0.263154
14.32,-1.26,0.263228
14.82,-1.26,0.263295
15.33,-1.26,0.263356
15.83,-1.26,0.263411
16.33,-1.26,0.263461
16.83,-1.26,0.263506
17.34,-1.26,0.263548
17.84,-1.26,0.263586
18.34,-1.26,0.263621
18.84,-1.26,0.263654
19.35,-1.26,0.263684
19.85,-1.26,0.263711
20.35,-1.26,0.263737
20.85,-1.26,0.263761
21.36,-1.26,0.263783
21.86,-1.26,0.263804
22.36,-1.26,0.263823
22.86,-1.26,0.263841
23.37,-1.26,0.263858
23.87,-1.26,0.263874
24.37,-1.26,0.263889
24.87,-1.26,0.263903
25.38,-1.26,0.263916
25.88,-1.26,0.263928
26.38,-1.26,0.263940
26.88,-1.26,0.263951
27.39,-1.26,0.263962
27.89,-1.26,0.263971
28.39,-1.26,0.263981
28.89,-1.26,0.263990
29.40,-1.26,0.263998
29.90,-1.26,0.264006
30.40,-1.26,0.264014
30.90,-1.26,0.264021
31.41,-1.26,0.264028
31.91,-1.26,0.264035
32.41,-1.26,0.264041
32.91,-1.26,0.264047
33.42,-1.26,0.264053
33.92,-1.26,0.264058
34.42,-1.26,0.264063
34.92,-1.26,0.264068
35.43,-1.26,0.264073
35.93,-1.26,0.264078
36.43,-1.26,0.264082
36.93,-1.26,0.264086
37.44,-1.26,0.264090
37.94,-1.26,0.264094
38.44,-1.26,0.264098
38.94,-1.26,0.264102
39.45,-1.26,0.264105
39.95,-1.26,0.264109
40.45,-1.26,0.264112
40.95,-1.26,0.264115
41.46,-1.26,0.264118
41.96,-1.26,0.264121
42.46,-1.26,0.264124
42.96,-1.26,0.264126
43.47,-1.26,0.264129
43.97,-1.26,0.264131
44.47,-1.26,0.264134
44.97,-1.26,0.264136
45.48,-1.26,0.264138
45.98,-1.26,0.264141
46.48,-1.26,0.264143
46.98,-1.26,0.264145
47.49,-1.26,0.264147
47.99,-1.26,0.264149
48.49,-1.26,0.264150
48.99,-1.26,0.264152
49.50,-1.26,0.264154
50.00,-1.26,0.264156
-50.00,-0.75,0.000000
-49.50,-0.75,0.000000
-48.99,-0.75,0.000000
-48.49,-0.75,0.000000
-47.99,-0.75,0.000000
-47.49,-0.75,0.000000
-46.98,-0.75,0.000000
-46.48,-0.75,0.000000
-45.98,-0.75,0.000000
-45.48,-0.75,0.000000
-44.97,-0.75,0.000000
-44.47,-0.75,0.000000
-43.97,-0.75,0.000000
-43.47,-0.75,0.000000
-42.96,-0.75,0.000000
-42.46,-0.75,0.000000
-41.96,-0.75,0.000000
-41.46,-0.75,0.000000
-40.95,-0.75,0.000000
-40.45,-0.75,0.000000
-39.95,-0.75,0.000000
-39.45,-0.75,0.000000
-38.94,-0.75,0.000000
-38.44,-0.75,0.000000
-37.94,-0.75,0.000000
-37.44,-0.75,0.000000
-36.93,-0.75,0.000000
-36.43,-0.75,0.000000
-35.93,-0.75,0.000000
-35.43,-0.75,0.000000
-34.92,-0.75,0.000000
-34.42,-0.75,0.000000
-33.92,-0.75,0.000000
-33.42,-0.75,0.000000
-32.91,-0.75,0.000000
-32.41,-0.75,0.000000
-31.91,-0.75,0.000000
-31.41,-0.75,0.000000
-30.90,-0.75,0.000000
-30.40,-0.75,0.000000
-29.90,-0.75,0.000000
-29.40,-0.75,0.000000
-28.89,-0.75,0.000000
-28.39,-0.75,0.000000
-27.89,-0.75,0.000000
-27.39,-0.75,0.000000
-26.88,-0.75,0.000000
-26.38,-0.75,0.000000
-25.88,-0.75,0.000000
-25.38,-0.75,0.000000
-24.87,-0.75,0.000000
-24.37,-0.75,0.000000
-23.87,-0.75,0.000000
-23.37,-0.75,0.000000
-22.86,-0.75,0.000000
-22.36,-0.75,0.000000
-21.86,-0.75,0.000000
-21.36,-0.75,0.000000
-20.85,-0.75,0.000000
-20.35,-0.75,0.000000
-19.85,-0.75,0.000000
-19.35,-0.75,0.000000
-18.84,-0.75,0.000000
-18.34,-0.75,0.000000
-17.84,-0.75,0.000000
-17.34,-0.75,0.000000
-16.83,-0.75,0.000000
-16.33,-0.75,0.000000
-15.83,-0.75,0.000000
-15.33,-0.75,0.000000
-14.82,-0.75,0.000000
-14.32,-0.75,0.000000
-13.82,-0.75,0.000000
-13.32,-0.75,0.000000
-12.81,-0.75,0.000000
-12.31,-0.75,0.000000
-11.81,-0.75,0.000000
-11.31,-0.75,0.000000
-10.80,-0.75,0.000000
-10.30,-0.75,0.000000
-9.80,-0.75,0.000000
-9.30,-0.75,0.000000
-8.79,-0.75,0.000000
-8.29,-0.75,0.000000
-7.79,-0.75,0.000000
-7.29,-0.75,0.000000
-6.78,-0.75,0.000000
-6.28,-0.75,0.000000
-5.78,-0.75,0.000000
-5.28,-0.75,0.000000
-4.77,-0.75,0.000000
-4.27,-0.75,0.000000
-3.77,-0.75,0.000000
-3.27,-0.75,0.000000
-2.76,-0.75,0.000000
-2.26,-0.75,0.000000
-1.76,-0.75,0.000000
-1.26,-0.75,0.000000
-0.75,-0.75,0.000000
-0.25,-0.75,0.000000
0.25,-0.75,0.083560
0.75,-0.75,0.186845
1.26,-0.75,0.226583
1.76,-0.75,0.242874
2.26,-0.75,0.250679
2.76,-0.75,0.254928
3.27,-0.75,0.257472
3.77,-0.75,0.259108
4.27,-0.75,0.260218
4.77,-0.75,0.261006
5.28,-0.75,0.261583
5.78,-0.75,0.262020
6.28,-0.75,0.262357
6.78,-0.75,0.262623
7.29,-0.75,0.262836
7.79,-0.75,0.263010
8.29,-0.75,0.263154
8.79,-0.75,0.263274
9.30,-0.75,0.263375
9.80,-0.75,0.263461
10.30,-0.75,0.263535
10.80,-0.75,0.263598
11.31,-0.75,0.263654
11.81,-0.75,0.263702
12.31,-0.75,0.263745
12.81,-0.75,0.263783
13.32,-0.75,0.263817
13.82,-0.75,0.263847
14.32,-0.75,0.263874
14.82,-0.75,0.263898
15.33,-0.75,0.263920
15.83,-0.75,0.263940
16.33,-0.75,0.263958
16.83,-0.75,0.263975
17.34,-0.75,0.263990
17.84,-0.75,0.264004
18.34,-0.75,0.264016
18.84,-0.75,0.264028
19.35,-0.75,0.264039
19.85,-0.75,0.264049
20.35,-0.75,0.264058
20.85,-0.75,0.264067
21.36,-0.75,0.264075
21.86,-0.75,0.264082
22.36,-0.75,0.264089
22.86,-0.75,0.264096
23.37,-0.75,0.264102
23.87,-0.75,0.264107
24.37,-0.75,0.264113
24.87,-0.75,0.264118
25.38,-0.75,0.264123
25.88,-0.75,0.264127
26.38,-0.75,0.264131
26.88,-0.75,0.264135
27.39,-0.75,0.264139
27.89,-0.75,0.264143
28.39,-0.75,0.264146
28.89,-0.75,0.264149
29.40,-0.75,0.264152
29.90,-0.75,0.264155
30.40,-0.75,0.264158
30.90,-0.75,0.264161
31.41,-0.75,0.264163
31.91,-0.75,0.264165
32.41,-0.75,0.264168
32.91,-0.75,0.264170
33.42,-0.75,0.264172
33.92,-0.75,0.264174
34.42,-0.75,0.264176
34.92,-0.75,0.264178
35.43,-0.75,0.264179
35.93,-0.75,0.264181
36.43,-0.75,0.264183
36.93,-0.75,0.264184
37.44,-0.75,0.264186
37.94,-0.75,0.264187
38.44,-0.75,0.264188
38.94,-0.75,0.264190
39.45,-0.75,0.264191
39.95,-0.75,0.264192
40.45,-0.75,0.264193
40.95,-0.75,0.264194
41.46,-0.75,0.264195
41.96,-0.75,0.264196
42.46,-0.75,0.264198
42.96,-0.75,0.264198
43.47,-0.75,0.264199
43.97,-0.75,0.264200
44.47,-0.75,0.264201
44.97,-0.75,0.264202
45.48,-0.75,0.264203
45.98,-0.75,0.264204
46.48,-0.75,0.264204
46.98,-0.75,0.264205
47.49,-0.75,0.264206
47.99,-0.75,0.264207
48.49,-0.75,0.264207
48.99,-0.75,0.264208
49.50,-0.75,0.264208
50.00,-0.75,0.264209
-50.00,-0.25,0.000000
-49.50,-0.25,0.000000
-48.99,-0.25,0.000000
-48.49,-0.25,0.000000
-47.99,-0.25,0.000000
-47.49,-0.25,0.000000
-46.98,-0.25,0.000000
-46.48,-0.25,0.000000
-45.98,-0.25,0.000000
-45.48,-0.25,0.000000
-44.97,-0.25,0.000000
-44.47,-0.25,0.000000
-43.97,-0.25,0.000000
-43.47,-0.25,0.000000
-42.96,-0.25,0.000000
-42.46,-0.25,0.000000
-41.96,-0.25,0.000000
-41.46,-0.25,0.000000
-40.95,-0.25,0.000000
-40.45,-0.25,0.000000
-39.95,-0.25,0.000000
-39.45,-0.25,0.000000
-38.94,-0.25,0.000000
-38.44,-0.25,0.000000
-37.94,-0.25,0.000000
-37.44,-0.25,0.000000
-36.93,-0.25,0.000000
-36.43,-0.25,0.000000
-35.93,-0.25,0.000000
-35.43,-0.25,0.000000
-34.92,-0.25,0.000000
-34.42,-0.25,0.000000
-33.92,-0.25,0.000000
-33.42,-0.25,0.000000
-32.91,-0.25,0.000000
-32.41,-0.25,0.000000
-31.91,-0.25,0.000000
-31.41,-0.25,0.000000
-30.90,-0.25,0.000000
-30.40,-0.25,0.000000
-29.90,-0.25,0.000000
-29.40,-0.25,0.000000
-28.89,-0.25,0.000000
-28.39,-0.25,0.000000
-27.89,-0.25,0.000000
-27.39,-0.25,0.000000
-26.88,-0.25,0.000000
-26.38,-0.25,0.000000
-25.88,-0.25,0.000000
-25.38,-0.25,0.000000
-24.87,-0.25,0.000000
-24.37,-0.25,0.000000
-23.87,-0.25,0.000000
-23.37,-0.25,0.000000
-22.86,-0.25,0.000000
-22.36,-0.25,0.000000
-21.86,-0.25,0.000000
-21.36,-0.25,0.000000
-20.85,-0.25,0.000000
-20.35,-0.25,0.000000
-19.85,-0.25,0.000000
-19.35,-0.25,0.000000
-18.84,-0.25,0.000000
-18.34,-0.25,0.000000
-17.84,-0.25,0.000000
-17.34,-0.25,0.000000
-16.83,-0.25,0.000000
-16.33,-0.25,0.000000
-15.83,-0.25,0.000000
-15.33,-0.25,0.000000
-14.82,-0.25,0.000000
-14.32,-0.25,0.000000
-13.82,-0.25,0.000000
-13.32,-0.25,0.000000
-12.81,-0.25,0.000000
-12.31,-0.25,0.000000
-11.81,-0.25,0.000000
-11.31,-0.25,0.000000
-10.80,-0.25,0.000000
-10.30,-0.25,0.000000
-9.80,-0.25,0.000000
-9.30,-0.25,0.000000
-8.79,-0.25,0.000000
-8.29,-0.25,0.000000
-7.79,-0.25,0.000000
-7.29,-0.25,0.000000
-6.78,-0.25,0.000000
-6.28,-0.25,0.000000
-5.78,-0.25,0.000000
-5.28,-0.25,0.000000
-4.77,-0.25,0.000000
-4.27,-0.25,0.000000
-3.77,-0.25,0.000000
-3.27,-0.25,0.000000
-2.76,-0.25,0.000000
-2.26,-0.25,0.000000
-1.76,-0.25,0.000000
-1.26,-0.25,0.000000
-0.75,-0.25,0.000000
-0.25,-0.25,0.000000
0.25,-0.25,0.186845
0.75,-0.25,0.250679
1.26,-0.25,0.259108
1.76,-0.25,0.261583
2.26,-0.25,0.262623
2.76,-0.25,0.263154
3.27,-0.25,0.263461
3.77,-0.25,0.263654
4.27,-0.25,0.263783
4.77,-0.25,0.263874
5.28,-0.25,0.263940
5.78,-0.25,0.263990
6.28,-0.25,0.264028
6.78,-0.25,0.264058
7.29,-0.25,0.264082
7.79,-0.25,0.264102
8.29,-0.25,0.264118
8.79,-0.25,0.264131
9.30,-0.25,0.264143
9.80,-0.25,0.264152
10.30,-0.25,0.264161
10.80,-0.25,0.264168
11.31,-0.25,0.264174
11.81,-0.25,0.264179
12.31,-0.25,0.264184
12.81,-0.25,0.264188
13.32,-0.25,0.264192
13.82,-0.25,0.264195
14.32,-0.25,0.264198
14.82,-0.25,0.264201
15.33,-0.25,0.264204
15.83,-0.25,0.264206
16.33,-0.25,0.264208
16.83,-0.25,0.264210
17.34,-0.25,0.264211
17.84,-0.25,0.264213
18.34,-0.25,0.264214
18.84,-0.25,0.264216
19.35,-0.25,0.264217
19.85,-0.25,0.264218
20.35,-0.25,0.264219
20.85,-0.25,0.264220
21.36,-0.25,0.264221
21.86,-0.25,0.264222
22.36,-0.25,0.264222
22.86,-0.25,0.264223
23.37,-0.25,0.264224
23.87,-0.25,0.264224
24.37,-0.25,0.264225
24.87,-0.25,0.264226
25.38,-0.25,0.264226
25.88,-0.25,0.264227
26.38,-0.25,0.264227
26.88,-0.25,0.264228
27.39,-0.25,0.264228
27.89,-0.25,0.264228
28.39,-0.25,0.264229
28.89,-0.25,0.264229
29.40,-0.25,0.264229
29.90,-0.25,0.264230
30.40,-0.25,0.264230
30.90,-0.25,0.264230
31.41,-0.25,0.264231
31.91,-0.25,0.264231
32.41,-0.25,0.264231
32.91,-0.25,0.264231
33.42,-0.25,0.264232
33.92,-0.25,0.264232
34.42,-0.25,0.264232
34.92,-0.25,0.264232
35.43,-0.25,0.264232
35.93,-0.25,0.264233
36.43,-0.25,0.264233
36.93,-0.25,0.264233
37.44,-0.25,0.264233
37.94,-0.25,0.264233
38.44,-0.25,0.264233
38.94,-0.25,0.264234
39.45,-0.25,0.264234
39.95,-0.25,0.264234
40.45,-0.25,0.264234
40.95,-0.25,0.264234
41.46,-0.25,0.264234
41.96,-0.25,0.264234
42.46,-0.25,0.264234
42.96,-0.25,0.264235
43.47,-0.25,0.264235
43.97,-0.25,0.264235
44.47,-0.25,0.264235
44.97,-0.25,0.264235
45.48,-0.25,0.264235
45.98,-0.25,0.264235
46.48,-0.25,0.264235
46.98,-0.25,0.264235
47.49,-0.25,0.264235
47.99,-0.25,0.264236
48.49,-0.25,0.264236
48.99,-0.25,0.264236
49.50,-0.25,0.264236
50.00,-0.25,0.264236
-50.00,0.25,0.000000
-49.50,0.25,0.000000
-48.99,0.25,0.000000
-48.49,0.25,0.000000
-47.99,0.25,0.000000
-47.49,0.25,0.000000
-46.98,0.25,0.000000
-46.48,0.25,0.000000
-45.98,0.25,0.000000
-45.48,0.25,0.000000
-44.97,0.25,0.000000
-44.47,0.25,0.000000
-43.97,0.25,0.000000
-43.47,0.25,0.000000
-42.96,0.25,0.000000
-42.46,0.25,0.000000
-41.96,0.25,0.000000
-41.46,0.25,0.000000
-40.95,0.25,0.000000
-40.45,0.25,0.000000
-39.95,0.25,0.000000
-39.45,0.25,0.000000
-38.94,0.25,0.000000
-38.44,0.25,0.000000
-37.94,0.25,0.000000
-37.44,0.25,0.000000
-36.93,0.25,0.000000
-36.43,0.25,0.000000
-35.93,0.25,0.000000
-35.43,0.25,0.000000
-34.92,0.25,0.000000
-34.42,0.25,0.000000
-33.92,0.25,0.000000
-33.42,0.25,0.000000
-32.91,0.25,0.000000
-32.41,0.25,0.000000
-31.91,0.25,0.000000
-31.41,0.25,0.000000
-30.90,0.25,0.000000
-30.40,0.25,0.000000
-29.90,0.25,0.000000
-29.40,0.25,0.000000
-28.89,0.25,0.000000
-28.39,0.25,0.000000
-27.89,0.25,0.000000
-27.39,0.25,0.000000
-26.88,0.25,0.000000
-26.38,0.25,0.000000
-25.88,0.25,0.000000
-25.38,0.25,0.000000
-24.87,0.25,0.000000
-24.37,0.25,0.000000
-23.87,0.25,0.000000
-23.37,0.25,0.000000
-22.86,0.25,0.000000
-22.36,0.25,0.000000
-21.86,0.25,0.000000
-21.36,0.25,0.000000
-20.85,0.25,0.000000
-20.35,0.25,0.000000
-19.85,0.25,0.000000
-19.35,0.25,0.000000
-18.84,0.25,0.000000
-18.34,0.25,0.000000
-17.84,0.25,0.000000
-17.34,0.25,0.000000
-16.83,0.25,0.000000
-16.33,0.25,0.000000
-15.83,0.25,0.000000
-15.33,0.25,0.000000
-14.82,0.25,0.000000
-14.32,0.25,0.000000
-13.82,0.25,0.000000
-13.32,0.25,0.000000
-12.81,0.25,0.000000
-12.31,0.25,0.000000
-11.81,0.25,0.000000
-11.31,0.25,0.000000
-10.80,0.25,0.000000
-10.30,0.25,0.000000
-9.80,0.25,0.000000
-9.30,0.25,0.000000
-8.79,0.25,0.000000
-8.29,0.25,0.000000
-7.79,0.25,0.000000
-7.29,0.25,0.000000
-6.78,0.25,0.000000
-6.28,0.25,0.000000
-5.78,0.25,0.000000
-5.28,0.25,0.000000
-4.77,0.25,0.000000
-4.27,0.25,0.000000
-3.77,0.25,0.000000
-3.27,0.25,0.000000
-2.76,0.25,0.000000
-2.26,0.25,0.000000
-1.76,0.25,0.000000
-1.26,0.25,0.000000
-0.75,0.25,0.000000
-0.25,0.25,0.000000
0.25,0.25,0.186845
0.75,0.25,0.250679
1.26,0.25,0.259108
1.76,0.25,0.261583
2.26,0.25,0.262623
2.76,0.25,0.263154
3.27,0.25,0.263461
3.77,0.25,0.263654
4.27,0.25,0.263783
4.77,0.25,0.263874
5.28,0.25,0.893876
5.78,0.25,0.887948
6.28,0.25,0.882117
6.78,0.25,0.876384
7.29,0.25,0.870750
7.79,0.25,0.865214
8.29,0.25,0.859776
8.79,0.25,0.854435
9.30,0.25,0.849188
9.80,0.25,0.844036
10.30,0.25,0.838977
10.80,0.25,0.834009
11.31,0.25,0.829131
11.81,0.25,0.824340
12.31,0.25,0.819637
12.81,0.25,0.815019
13.32,0.25,0.810485
13.82,0.25,0.806033
14.32,0.25,0.801662
14.82,0.25,0.797370
15.33,0.25,0.793156
15.83,0.25,0.789019
16.33,0.25,0.784957
16.83,0.25,0.780969
17.34,0.25,0.777054
17.84,0.25,0.773209
18.34,0.25,0.769435
18.84,0.25,0.765729
19.35,0.25,0.762091
19.85,0.25,0.758518
20.35,0.25,0.264219
20.85,0.25,0.264220
21.36,0.25,0.264221
21.86,0.25,0.264222
22.36,0.25,0.264222
22.86,0.25,0.264223
23.37,0.25,0.264224
23.87,0.25,0.264224
24.37,0.25,0.264225
24.87,0.25,0.264226
25.38,0.25,0.264226
25.88,0.25,0.264227
26.38,0.25,0.264227
26.88,0.25,0.264228
27.39,0.25,0.264228
27.89,0.25,0.264228
28.39,0.25,0.264229
28.89,0.25,0.264229
29.40,0.25,0.264229
29.90,0.25,0.264230
30.40,0.25,0.264230
30.90,0.25,0.264230
31.41,0.25,0.264231
31.91,0.25,0.264231
32.41,0.25,0.264231
32.91,0.25,0.264231
33.42,0.25,0.264232
33.92,0.25,0.264232
34.42,0.25,0.264232
34.92,0.25,0.264232
35.43,0.25,0.264232
35.93,0.25,0.264233
36.43,0.25,0.264233
36.93,0.25,0.264233
37.44,0.25,0.264233
37.94,0.25,0.264233
38.44,0.25,0.264233
38.94,0.25,0.264234
39.45,0.25,0.264234
39.95,0.25,0.264234
40.45,0.25,0.264234
40.95,0.25,0.264234
41.46,0.25,0.264234
41.96,0.25,0.264234
42.46,0.25,0.264234
42.96,0.25,0.264235
43.47,0.25,0.264235
43.97,0.25,0.264235
44.47,0.25,0.264235
44.97,0.25,0.264235
45.48,0.25,0.264235
45.98,0.25,0.264235
46.48,0.25,0.264235
46.98,0.25,0.264235
47.49,0.25,0.264235
47.99,0.25,0.264236
48.49,0.25,0.264236
48.99,0.25,0.264236
49.50,0.25,0.264236
50.00,0.25,0.264236
-50.00,0.75,0.000000
-49.50,0.75,0.000000
-48.99,0.75,0.000000
-48.49,0.75,0.000000
-47.99,0.75,0.000000
-47.49,0.75,0.000000
-46.98,0.75,0.000000
-46.48,0.75,0.000000
-45.98,0.75,0.000000
-45.48,0.75,0.000000
-44.97,0.75,0.000000
-44.47,0.75,0.000000
-43.97,0.75,0.000000
-43.47,0.75,0.000000
-42.96,0.75,0.000000
-42.46,0.75,0.000000
-41.96,0.75,0.000000
-41.46,0.75,0.000000
-40.95,0.75,0.000000
-40.45,0.75,0.000000
-39.95,0.75,0.000000
-39.45,0.75,0.000000
-38.94,0.75,0.000000
-38.44,0.75,0.000000
-37.94,0.75,0.000000
-37.44,0.75,0.000000
-36.93,0.75,0.000000
-36.43,0.75,0.000000
-35.93,0.75,0.000000
-35.43,0.75,0.000000
-34.92,0.75,0.000000
-34.42,0.75,0.000000
-33.92,0.75,0.000000
-33.42,0.75,0.000000
-32.91,0.75,0.000000
-32.41,0.75,0.000000
-31.91,0.75,0.000000
-31.41,0.75,0.000000
-30.90,0.75,0.000000
-30.40,0.75,0.000000
-29.90,0.75,0.000000
-29.40,0.75,0.000000
-28.89,0.75,0.000000
-28.39,0.75,0.000000
-27.89,0.75,0.000000
-27.39,0.75,0.000000
-26.88,0.75,0.000000
-26.38,0.75,0.000000
-25.88,0.75,0.000000
-25.38,0.75,0.000000
-24.87,0.75,0.000000
-24.37,0.75,0.000000
-23.87,0.75,0.000000
-23.37,0.75,0.000000
-22.86,0.75,0.000000
-22.36,0.75,0.000000
-21.86,0.75,0.000000
-21.36,0.75,0.000000
-20.85,0.75,0.000000
-20.35,0.75,0.000000
-19.85,0.75,0.000000
-19.35,0.75,0.000000
-18.84,0.75,0.000000
-18.34,0.75,0.000000
-17.84,0.75,0.000000
-17.34,0.75,0.000000
-16.83,0.75,0.000000
-16.33,0.75,0.000000
-15.83,0.75,0.000000
-15.33,0.75,0.000000
-14.82,0.75,0.000000
-14.32,0.75,0.000000
-13.82,0.75,0.000000
-13.32,0.75,0.000000
-12.81,0.75,0.000000
-12.31,0.75,0.000000
-11.81,0.75,0.000000
-11.31,0.75,0.000000
-10.80,0.75,0.000000
-10.30,0.75,0.000000
-9.80,0.75,0.000000
-9.30,0.75,0.000000
-8.79,0.75,0.000000
-8.29,0.75,0.000000
-7.79,0.75,0.000000
-7.29,0.75,0.000000
-6.78,0.75,0.000000
-6.28,0.75,0.000000
-5.78,0.75,0.000000
-5.28,0.75,0.000000
-4.77,0.75,0.000000
-4.27,0.75,0.000000
-3.77,0.75,0.000000
-3.27,0.75,0.000000
-2.76,0.75,0.000000
-2.26,0.75,0.000000
-1.76,0.75,0.000000
-1.26,0.75,0.000000
-0.75,0.75,0.000000
-0.25,0.75,0.000000
0.25,0.75,0.083560
0.75,0.75,0.186845
1.26,0.75,0.226583
1.76,0.75,0.242874
2.26,0.75,0.250679
2.76,0.75,0.254928
3.27,0.75,0.257472
3.77,0.75,0.259108
4.27,0.75,0.260218
4.77,0.75,0.261006
5.28,0.75,0.890948
5.78,0.75,0.885466
6.28,0.75,0.879983
6.78,0.75,0.874528
7.29,0.75,0.869119
7.79,0.75,0.863769
8.29,0.75,0.858485
8.79,0.75,0.853274
9.30,0.75,0.848140
9.80,0.75,0.843083
10.30,0.75,0.838107
10.80,0.75,0.833211
11.31,0.75,0.828396
11.81,0.75,0.823662
12.31,0.75,0.819008
12.81,0.75,0.814434
13.32,0.75,0.809940
13.82,0.75,0.805524
14.32,0.75,0.801185
14.82,0.75,0.796923
15.33,0.75,0.792736
15.83,0.75,0.788623
16.33,0.75,0.784584
16.83,0.75,0.780616
17.34,0.75,0.776719
17.84,0.75,0.772893
18.34,0.75,0.769134
18.84,0.75,0.765443
19.35,0.75,0.761819
19.85,0.75,0.758260
20.35,0.75,0.264058
20.85,0.75,0.264067
21.36,0.75,0.264075
21.86,0.75,0.264082
22.36,0.75,0.264089
22.86,0.75,0.264096
23.37,0.75,0.264102
23.87,0.75,0.264107
24.37,0.75,0.264113
24.87,0.75,0.264118
25.38,0.75,0.264123
25.88,0.75,0.264127
26.38,0.75,0.264131
26.88,0.75,0.264135
27.39,0.75,0.264139
27.89,0.75,0.264143
28.39,0.75,0.264146
28.89,0.75,0.264149
29.40,0.75,0.264152
29.90,0.75,0.264155
30.40,0.75,0.264158
30.90,0.75,0.264161
31.41,0.75,0.264163
31.91,0.75,0.264165
32.41,0.75,0.264168
32.91,0.75,0.264170
33.42,0.75,0.264172
33.92,0.75,0.264174
34.42,0.75,0.264176
34.92,0.75,0.264178
35.43,0.75,0.264179
35.93,0.75,0.264181
36.43,0.75,0.264183
36.93,0.75,0.264184
37.44,0.75,0.264186
37.94,0.75,0.264187
38.44,0.75,0.264188
38.94,0.75,0.264190
39.45,0.75,0.264191
39.95,0.75,0.264192
40.45,0.75,0.264193
40.95,0.75,0.264194
41.46,0.75,0.264195
41.96,0.75,0.264196
42.46,0.75,0.264198
42.96,0.75,0.264198
43.47,0.75,0.264199
43.97,0.75,0.264200
44.47,0.75,0.264201
44.97,0.75,0.264202
45.48,0.75,0.264203
45.98,0.75,0.264204
46.48,0.75,0.264204
46.98,0.75,0.264205
47.49,0.75,0.264206
47.99,0.75,0.264207
48.49,0.75,0.264207
48.99,0.75,0.264208
49.50,0.75,0.264208
50.00,0.75,0.264209
-50.00,1.26,0.000000
-49.50,1.26,0.000000
-48.99,1.26,0.000000
-48.49,1.26,0.000000
-47.99,1.26,0.000000
-47.49,1.26,0.000000
-46.98,1.26,0.000000
-46.48,1.26,0.000000
-45.98,1.26,0.000000
-45.48,1.26,0.000000
-44.97,1.26,0.000000
-44.47,1.26,0.000000
-43.97,1.26,0.000000
-43.47,1.26,0.000000
-42.96,1.26,0.000000
-42.46,1.26,0.000000
-41.96,1.26,0.000000
-41.46,1.26,0.000000
-40.95,1.26,0.000000
-40.45,1.26,0.000000
-39.95,1.26,0.000000
-39.45,1.26,0.000000
-38.94,1.26,0.000000
-38.44,1.26,0.000000
-37.94,1.26,0.000000
-37.44,1.26,0.000000
-36.93,1.26,0.000000
-36.43,1.26,0.000000
-35.93,1.26,0.000000
-35.43,1.26,0.000000
-34.92,1.26,0.000000
-34.42,1.26,0.000000
-33.92,1.26,0.000000
-33.42,1.26,0.000000
-32.91,1.26,0.000000
-32.41,1.26,0.000000
-31.91,1.26,0.000000
-31.41,1.26,0.000000
-30.90,1.26,0.000000
-30.40,1.26,0.000000
-29.90,1.26,0.000000
-29.40,1.26,0.000000
-28.89,1.26,0.000000
-28.39,1.26,0.000000
-27.89,1.26,0.000000
-27.39,1.26,0.000000
-26.88,1.26,0.000000
-26.38,1.26,0.000000
-25.88,1.26,0.000000
-25.38,1.26,0.000000
-24.87,1.26,0.000000
-24.37,1.26,0.000000
-23.87,1.26,0.000000
-23.37,1.26,0.000000
-22.86,1.26,0.000000
-22.36,1.26,0.000000
-21.86,1.26,0.000000
-21.36,1.26,0.000000
-20.85,1.26,0.000000
-20.35,1.26,0.000000
-19.85,1.26,0.000000
-19.35,1.26,0.000000
-18.84,1.26,0.000000
-18.34,1.26,0.000000
-17.84,1.26,0.000000
-17.34,1.26,0.000000
-16.83,1.26,0.000000
-16.33,1.26,0.000000
-15.83,1.26,0.000000
-15.33,1.26,0.000000
-14.82,1.26,0.000000
-14.32,1.26,0.000000
-13.82,1.26,0.000000
-13.32,1.26,0.000000
-12.81,1.26,0.000000
-12.31,1.26,0.000000
-11.81,1.26,0.000000
-11.31,1.26,0.000000
-10.80,1.26,0.000000
-10.30,1.26,0.000000
-9.80,1.26,0.000000
-9.30,1.26,0.000000
-8.79,1.26,0.000000
-8.29,1.26,0.000000
-7.79,1.26,0.000000
-7.29,1.26,0.000000
-6.78,1.26,0.000000
-6.28,1.26,0.000000
-5.78,1.26,0.000000
-5.28,1.26,0.000000
-4.77,1.26,0.000000
-4.27,1.26,0.000000
-3.77,1.26,0.000000
-3.27,1.26,0.000000
-2.76,1.26,0.000000
-2.26,1.26,0.000000
-1.76,1.26,0.000000
-1.26,1.26,0.000000
-0.75,1.26,0.000000
-0.25,1.26,0.000000
0.25,1.26,0.051822
0.75,1.26,0.135950
1.26,1.26,0.186845
1.76,1.26,0.215020
2.26,1.26,0.230987
2.76,1.26,0.240554
3.27,1.26,0.246626
3.77,1.26,0.250679
4.27,1.26,0.253502
4.77,1.26,0.255539
5.28,1.26,0.885294
5.78,1.26,0.880642
6.28,1.26,0.875817
6.78,1.26,0.870892
7.29,1.26,0.865915
7.79,1.26,0.860923
8.29,1.26,0.855940
8.79,1.26,0.850983
9.30,1.26,0.846065
9.80,1.26,0.841195
10.30,1.26,0.836381
10.80,1.26,0.831627
11.31,1.26,0.826937
11.81,1.26,0.822313
12.31,1.26,0.817758
12.81,1.26,0.813272
13.32,1.26,0.808856
13.82,1.26,0.804511
14.32,1.26,0.800237
14.82,1.26,0.796032
15.33,1.26,0.791899
15.83,1.26,0.787834
16.33,1.26,0.783839
16.83,1.26,0.779912
17.34,1.26,0.776053
17.84,1.26,0.772261
18.34,1.26,0.768535
18.84,1.26,0.764874
19.35,1.26,0.761277
19.85,1.26,0.757743
20.35,1.26,0.263737
20.85,1.26,0.263761
21.36,1.26,0.263783
21.86,1.26,0.263804
22.36,1.26,0.263823
22.86,1.26,0.263841
23.37,1.26,0.263858
23.87,1.26,0.263874
24.37,1.26,0.263889
24.87,1.26,0.263903
25.38,1.26,0.263916
25.88,1.26,0.263928
26.38,1.26,0.263940
26.88,1.26,0.263951
27.39,1.26,0.263962
27.89,1.26,0.263971
28.39,1.26,0.263981
28.89,1.26,0.263990
29.40,1.26,0.263998
29.90,1.26,0.264006
30.40,1.26,0.264014
30.90,1.26,0.264021
31.41,1.26,0.264028
31.91,1.26,0.264035
32.41,1.26,0.264041
32.91,1.26,0.264047
33.42,1.26,0.264053
33.92,1.26,0.264058
34.42,1.26,0.264063
34.92,1.26,0.264068
35.43,1.26,0.264073
35.93,1.26,0.264078
36.43,1.26,0.264082
36.93,1.26,0.264086
37.44,1.26,0.264090
37.94,1.26,0.264094
38.44,1.26,0.264098
38.94,1.26,0.264102
39.45,1.26,0.264105
39.95,1.26,0.264109
40.45,1.26,0.264112
40.95,1.26,0.264115
41.46,1.26,0.264118
41.96,1.26,0.264121
42.46,1.26,0.264124
42.96,1.26,0.264126
43.47,1.26,0.264129
43.97,1.26,0.264131
44.47,1.26,0.264134
44.97,1.26,0.264136
45.48,1.26,0.264138
45.98,1.26,0.264141
46.48,1.26,0.264143
46.98,1.26,0.264145
47.49,1.26,0.264147
47.99,1.26,0.264149
48.49,1.26,0.264150
48.99,1.26,0.264152
49.50,1.26,0.264154
50.00,1.26,0.264156
-50.00,1.76,0.000000
-49.50,1.76,0.000000
-48.99,1.76,0.000000
-48.49,1.76,0.000000
-47.99,1.76,0.000000
-47.49,1.76,0.000000
-46.98,1.76,0.000000
-46.48,1.76,0.000000
-45.98,1.76,0.000000
-45.48,1.76,0.000000
-44.97,1.76,0.000000
-44.47,1.76,0.000000
-43.97,1.76,0.000000
-43.47,1.76,0.000000
-42.96,1.76,0.000000
-42.46,1.76,0.000000
-41.96,1.76,0.000000
-41.46,1.76,0.000000
-40.95,1.76,0.000000
-40.45,1.76,0.000000
-39.95,1.76,0.000000
-39.45,1.76,0.000000
-38.94,1.76,0.000000
-38.44,1.76,0.000000
-37.94,1.76,0.000000
-37.44,1.76,0.000000
-36.93,1.76,0.000000
-36.43,1.76,0.000000
-35.93,1.76,0.000000
-35.43,1.76,0.000000
-34.92,1.76,0.000000
-34.42,1.76,0.000000
-33.92,1.76,0.000000
-33.42,1.76,0.000000
-32.91,1.76,0.000000
-32.41,1.76,0.000000
-31.91,1.76,0.000000
-31.41,1.76,0.000000
-30.90,1.76,0.000000
-30.40,1.76,0.000000
-29.90,1.76,0.000000
-29.40,1.76,0.000000
-28.89,1.76,0.000000
-28.39,1.76,0.000000
-27.89,1.76,0.000000
-27.39,1.76,0.000000
-26.88,1.76,0.000000
-26.38,1.76,0.000000
-25.88,1.76,0.000000
-25.38,1.76,0.000000
-24.87,1.76,0.000000
-24.37,1.76,0.000000
-23.87,1.76,0.000000
-23.37,1.76,0.000000
-22.86,1.76,0.000000
-22.36,1.76,0.000000
-21.86,1.76,0.000000
-21.36,1.76,0.000000
-20.85,1.76,0.000000
-20.35,1.76,0.000000
-19.85,1.76,0.000000
-19.35,1.76,0.000000
-18.84,1.76,0.000000
-18.34,1.76,0.000000
-17.84,1.76,0.000000
-17.34,1.76,0.000000
-16.83,1.76,0.000000
-16.33,1.76,0.000000
-15.83,1.76,0.000000
-15.33,1.76,0.000000
-14.82,1.76,0.000000
-14.32,1.76,0.000000
-13.82,1.76,0.000000
-13.32,1.76,0.000000
-12.81,1.76,0.000000
-12.31,1.76,0.000000
-11.81,1.76,0.000000
-11.31,1.76,0.000000
-10.80,1.76,0.000000
-10.30,1.76,0.000000
-9.80,1.76,0.000000
-9.30,1.76,0.000000
-8.79,1.76,0.000000
-8.29,1.76,0.000000
-7.79,1.76,0.000000
-7.29,1.76,0.000000
-6.78,1.76,0.000000
-6.28,1.76,0.000000
-5.78,1.76,0.000000
-5.28,1.76,0.000000
-4.77,1.76,0.000000
-4.27,1.76,0.000000
-3.77,1.76,0.000000
-3.27,1.76,0.000000
-2.76,1.76,0.000000
-2.26,1.76,0.000000
-1.76,1.76,0.000000
-1.26,1.76,0.000000
-0.75,1.76,0.000000
-0.25,1.76,0.000000
0.25,1.76,0.037369
0.75,1.76,0.104089
1.26,1.76,0.153586
1.76,1.76,0.186845
2.26,1.76,0.208578
2.76,1.76,0.222928
3.27,1.76,0.232655
3.77,1.76,0.239449
4.27,1.76,0.244336
4.77,1.76,0.247947
5.28,1.76,0.877275
5.78,1.76,0.873740
6.28,1.76,0.869814
6.78,1.76,0.865621
7.29,1.76,0.861251
7.79,1.76,0.856765
8.29,1.76,0.852208
8.79,1.76,0.847615
9.30,1.76,0.843009
9.80,1.76,0.838410
10.30,1.76,0.833831
10.80,1.76,0.829284
11.31,1.76,0.824776
11.81,1.76,0.820314
12.31,1.76,0.815902
12.81,1.76,0.811545
13.32,1.76,0.807245
13.82,1.76,0.803004
14.32,1.76,0.798825
14.82,1.76,0.794707
15.33,1.76,0.790651
15.83,1.76,0.786659
16.33,1.76,0.782729
16.83,1.76,0.778863
17.34,1.76,0.775060
17.84,1.76,0.771319
18.34,1.76,0.767640
18.84,1.76,0.764023
19.35,1.76,0.760468
19.85,1.76,0.756972
20.35,1.76,0.263258
20.85,1.76,0.263304
21.36,1.76,0.263348
21.86,1.76,0.263388
22.36,1.76,0.263426
22.86,1.76,0.263461
23.37,1.76,0.263494
23.87,1.76,0.263525
24.37,1.76,0.263554
24.87,1.76,0.263581
25.38,1.76,0.263607
25.88,1.76,0.263631
26.38,1.76,0.263654
26.88,1.76,0.263675
27.39,1.76,0.263696
27.89,1.76,0.263715
28.39,1.76,0.263734
28.89,1.76,0.263751
29.40,1.76,0.263767
29.90,1.76,0.263783
30.40,1.76,0.263798
30.90,1.76,0.263812
31.41,1.76,0.263826
31.91,1.76,0.263839
32.41,1.76,0.263851
32.91,1.76,0.263863
33.42,1.76,0.263874
33.92,1.76,0.263885
34.42,1.76,0.263895
34.92,1.76,0.263905
35.43,1.76,0.263914
35.93,1.76,0.263923
36.43,1.76,0.263932
36.93,1.76,0.263940
37.44,1.76,0.263948
37.94,1.76,0.263956
38.44,1.76,0.263963
38.94,1.76,0.263970
39.45,1.76,0.263977
39.95,1.76,0.263983
40.45,1.76,0.263990
40.95,1.76,0.263996
41.46,1.76,0.264002
41.96,1.76,0.264007
42.46,1.76,0.264013
42.96,1.76,0.264018
43.47,1.76,0.264023
43.97,1.76,0.264028
44.47,1.76,0.264033
44.97,1.76,0.264037
45.48,1.76,0.264042
45.98,1.76,0.264046
46.48,1.76,0.264050
46.98,1.76,0.264054
47.49,1.76,0.264058
47.99,1.76,0.264062
48.49,1.76,0.264065
48.99,1.76,0.264069
49.50,1.76,0.264072
50.00,1.76,0.264076
-50.00,2.26,0.000000
-49.50,2.26,0.000000
-48.99,2.26,0.000000
-48.49,2.26,0.000000
-47.99,2.26,0.000000
-47.49,2.26,0.000000
-46.98,2.26,0.000000
-46.48,2.26,0.000000
-45.98,2.26,0.000000
-45.48,2.26,0.000000
-44.97,2.26,0.000000
-44.47,2.26,0.000000
-43.97,2.26,0.000000
-43.47,2.26,0.000000
-42.96,2.26,0.000000
-42.46,2.26,0.000000
-41.96,2.26,0.000000
-41.46,2.26,0.000000
-40.95,2.26,0.000000
-40.45,2.26,0.000000
-39.95,2.26,0.000000
-39.45,2.26,0.000000
-38.94,2.26,0.000000
-38.44,2.26,0.000000
-37.94,2.26,0.000000
-37.44,2.26,0.000000
-36.93,2.26,0.000000
-36.43,2.26,0.000000
-35.93,2.26,0.000000
-35.43,2.26,0.000000
-34.92,2.26,0.000000
-34.42,2.26,0.000000
-33.92,2.26,0.000000
-33.42,2.26,0.000000
-32.91,2.26,0.000000
-32.41,2.26,0.000000
-31.91,2.26,0.000000
-31.41,2.26,0.000000
-30.90,2.26,0.000000
-30.40,2.26,0.000000
-29.90,2.26,0.000000
-29.40,2.26,0.000000
-28.89,2.26,0.000000
-28.39,2.26,0.000000
-27.89,2.26,0.000000
-27.39,2.26,0.000000
-26.88,2.26,0.000000
-26.38,2.26,0.000000
-25.88,2.26,0.000000
-25.38,2.26,0.000000
-24.87,2.26,0.000000
-24.37,2.26,0.000000
-23.87,2.26,0.000000
-23.37,2.26,0.000000
-22.86,2.26,0.000000
-22.36,2.26,0.000000
-21.86,2.26,0.000000
-21.36,2.26,0.000000
-20.85,2.26,0.000000
-20.35,2.26,0.000000
-19.85,2.26,0.000000
-19.35,2.26,0.000000
-18.84,2.26,0.000000
-18.34,2.26,0.000000
-17.84,2.26,0.000000
-17.34,2.26,0.000000
-16.83,2.26,0.000000
-16.33,2.26,0.000000
-15.83,2.26,0.000000
-15.33,2.26,0.000000
-14.82,2.26,0.000000
-14.32,2.26,0.000000
-13.82,2.26,0.000000
-13.32,2.26,0.000000
-12.81,2.26,0.000000
-12.31,2.26,0.000000
-11.81,2.26,0.000000
-11.31,2.26,0.000000
-10.80,2.26,0.000000
-10.30,2.26,0.000000
-9.80,2.26,0.000000
-9.30,2.26,0.000000
-8.79,2.26,0.000000
-8.29,2.26,0.000000
-7.79,2.26,0.000000
-7.29,2.26,0.000000
-6.78,2.26,0.000000
-6.28,2.26,0.000000
-5.78,2.26,0.000000
-5.28,2.26,0.000000
-4.77,2.26,0.000000
-4.27,2.26,0.000000
-3.77,2.26,0.000000
-3.27,2.26,0.000000
-2.76,2.26,0.000000
-2.26,2.26,0.000000
-1.76,2.26,0.000000
-1.26,2.26,0.000000
-0.75,2.26,0.000000
-0.25,2.26,0.000000
0.25,2.26,0.029180
0.75,2.26,0.083560
1.26,2.26,0.128326
1.76,2.26,0.162227
2.26,2.26,0.186845
2.76,2.26,0.204510
3.27,2.26,0.217255
3.77,2.26,0.226583
4.27,2.26,0.233531
4.77,2.26,0.238803
5.28,2.26,0.867350
5.78,2.26,0.865098
6.28,2.26,0.862228
6.78,2.26,0.858913
7.29,2.26,0.855278
7.79,2.26,0.851413
8.29,2.26,0.847387
8.79,2.26,0.843248
9.30,2.26,0.839036
9.80,2.26,0.834779
10.30,2.26,0.830500
10.80,2.26,0.826217
11.31,2.26,0.821943
11.81,2.26,0.817689
12.31,2.26,0.813463
12.81,2.26,0.809273
13.32,2.26,0.805123
13.82,2.26,0.801019
14.32,2.26,0.796962
14.82,2.26,0.792956
15.33,2.26,0.789003
15.83,2.26,0.785105
16.33,2.26,0.781262
16.83,2.26,0.777475
17.34,2.26,0.773744
17.84,2.26,0.770071
18.34,2.26,0.766455
18.84,2.26,0.762897
19.35,2.26,0.759395
19.85,2.26,0.755950
20.35,2.26,0.262623
20.85,2.26,0.262699
21.36,2.26,0.262770
21.86,2.26,0.262836
22.36,2.26,0.262898
22.86,2.26,0.262956
23.37,2.26,0.263010
23.87,2.26,0.263061
24.37,2.26,0.263109
24.87,2.26,0.263154
25.38,2.26,0.263196
25.88,2.26,0.263236
26.38,2.26,0.263274
26.88,2.26,0.263309
27.39,2.26,0.263343
27.89,2.26,0.263375
28.39,2.26,0.263405
28.89,2.26,0.263434
29.40,2.26,0.263461
29.90,2.26,0.263487
30.40,2.26,0.263511
30.90,2.26,0.263535
31.41,2.26,0.263557
31.91,2.26,0.263578
32.41,2.26,0.263598
32.91,2.26,0.263618
33.42,2.26,0.263636
33.92,2.26,0.263654
34.42,2.26,0.263671
34.92,2.26,0.263687
35.43,2.26,0.263702
35.93,2.26,0.263717
36.43,2.26,0.263732
36.93,2.26,0.263745
37.44,2.26,0.263758
37.94,2.26,0.263771
38.44,2.26,0.263783
38.94,2.26,0.263795
39.45,2.26,0.263806
39.95,2.26,0.263817
40.45,2.26,0.263827
40.95,2.26,0.263837
41.46,2.26,0.263847
41.96,2.26,0.263856
42.46,2.26,0.263865
42.96,2.26,0.263874
43.47,2.26,0.263882
43.97,2.26,0.263890
44.47,2.26,0.263898
44.97,2.26,0.263906
45.48,2.26,0.263913
45.98,2.26,0.263920
46.48,2.26,0.263927
46.98,2.26,0.263934
47.49,2.26,0.263940
47.99,2.26,0.263946
48.49,2.26,0.263952
48.99,2.26,0.263958
49.50,2.26,0.263964
50.00,2.26,0.263969
-50.00,2.76,0.000000
-49.50,2.76,0.000000
-48.99,2.76,0.000000
-48.49,2.76,0.000000
-47.99,2.76,0.000000
-47.49,2.76,0.000000
-46.98,2.76,0.000000
-46.48,2.76,0.000000
-45.98,2.76,0.000000
-45.48,2.76,0.000000
-44.97,2.76,0.000000
-44.47,2.76,0.000000
-43.97,2.76,0.000000
-43.47,2.76,0.000000
-42.96,2.76,0.000000
-42.46,2.76,0.000000
-41.96,2.76,0.000000
-41.46,2.76,0.000000
-40.95,2.76,0.000000
-40.45,2.76,0.000000
-39.95,2.76,0.000000
-39.45,2.76,0.000000
-38.94,2.76,0.000000
-38.44,2.76,0.000000
-37.94,2.76,0.000000
-37.44,2.76,0.000000
-36.93,2.76,0.000000
-36.43,2.76,0.000000
-35.93,2.76,0.000000
-35.43,2.76,0.000000
-34.92,2.76,0.000000
-34.42,2.76,0.000000
-33.92,2.76,0.000000
-33.42,2.76,0.000000
-32.91,2.76,0.000000
-32.41,2.76,0.000000
-31.91,2.76,0.000000
-31.41,2.76,0.000000
-30.90,2.76,0.000000
-30.40,2.76,0.000000
-29.90,2.76,0.000000
-29.40,2.76,0.000000
-28.89,2.76,0.000000
-28.39,2.76,0.000000
-27.89,2.76,0.000000
-27.39,2.76,0.000000
-26.88,2.76,0.000000
-26.38,2.76,0.000000
-25.88,2.76,0.000000
-25.38,2.76,0.000000
-24.87,2.76,0.000000
-24.37,2.76,0.000000
-23.87,2.76,0.000000
-23.37,2.76,0.000000
-22.86,2.76,0.000000
-22.36,2.76,0.000000
-21.86,2.76,0.000000
-21.36,2.76,0.000000
-20.85,2.76,0.000000
-20.35,2.76,0.000000
-19.85,2.76,0.000000
-19.35,2.76,0.000000
-18.84,2.76,0.000000
-18.34,2.76,0.000000
-17.84,2.76,0.000000
-17.34,2.76,0.000000
-16.83,2.76,0.000000
-16.33,2.76,0.000000
-15.83,2.76,0.000000
-15.33,2.76,0.000000
-14.82,2.76,0.000000
-14.32,2.76,0.000000
-13.82,2.76,0.000000
-13.32,2.76,0.000000
-12.81,2.76,0.000000
-12.31,2.76,0.000000
-11.81,2.76,0.000000
-11.31,2.76,0.000000
-10.80,2.76,0.000000
-10.30,2.76,0.000000
-9.80,2.76,0.000000
-9.30,2.76,0.000000
-8.79,2.76,0.000000
-8.29,2.76,0.000000
-7.79,2.76,0.000000
-7.29,2.76,0.000000
-6.78,2.76,0.000000
-6.28,2.76,0.000000
-5.78,2.76,0.000000
-5.28,2.76,0.000000
-4.77,2.76,0.000000
-4.27,2.76,0.000000
-3.77,2.76,0.000000
-3.27,2.76,0.000000
-2.76,2.76,0.000000
-2.26,2.76,0.000000
-1.76,2.76,0.000000
-1.26,2.76,0.000000
-0.75,2.76,0.000000
-0.25,2.76,0.000000
0.25,2.76,0.023923
0.75,2.76,0.069526
1.26,2.76,0.109343
1.76,2.76,0.141864
2.26,2.76,0.167326
2.76,2.76,0.186845
3.27,2.76,0.201717
3.77,2.76,0.213084
4.27,2.76,0.221847
4.77,2.76,0.228679
5.28,2.76,0.856006
5.78,2.76,0.855089
6.28,2.76,0.853348
6.78,2.76,0.850992
7.29,2.76,0.848175
7.79,2.76,0.845013
8.29,2.76,0.841591
8.79,2.76,0.837978
9.30,2.76,0.834224
9.80,2.76,0.830368
10.30,2.76,0.826443
10.80,2.76,0.822473
11.31,2.76,0.818477
11.81,2.76,0.814472
12.31,2.76,0.810470
12.81,2.76,0.806480
13.32,2.76,0.802512
13.82,2.76,0.798572
14.32,2.76,0.794666
14.82,2.76,0.790796
15.33,2.76,0.786968
15.83,2.76,0.783184
16.33,2.76,0.779446
16.83,2.76,0.775756
17.34,2.76,0.772116
17.84,2.76,0.768526
18.34,2.76,0.764987
18.84,2.76,0.761499
19.35,2.76,0.758064
19.85,2.76,0.754681
20.35,2.76,0.261836
20.85,2.76,0.261949
21.36,2.76,0.262054
21.86,2.76,0.262152
22.36,2.76,0.262244
22.86,2.76,0.262330
23.37,2.76,0.262410
23.87,2.76,0.262485
24.37,2.76,0.262556
24.87,2.76,0.262623
25.38,2.76,0.262686
25.88,2.76,0.262745
26.38,2.76,0.262801
26.88,2.76,0.262854
27.39,2.76,0.262904
27.89,2.76,0.262951
28.39,2.76,0.262996
28.89,2.76,0.263039
29.40,2.76,0.263079
29.90,2.76,0.263117
30.40,2.76,0.263154
30.90,2.76,0.263189
31.41,2.76,0.263222
31.91,2.76,0.263254
32.41,2.76,0.263284
32.91,2.76,0.263312
33.42,2.76,0.263340
33.92,2.76,0.263366
34.42,2.76,0.263391
34.92,2.76,0.263416
35.43,2.76,0.263439
35.93,2.76,0.263461
36.43,2.76,0.263482
36.93,2.76,0.263502
37.44,2.76,0.263522
37.94,2.76,0.263541
38.44,2.76,0.263559
38.94,2.76,0.263576
39.45,2.76,0.263593
39.95,2.76,0.263609
40.45,2.76,0.263625
40.95,2.76,0.263639
41.46,2.76,0.263654
41.96,2.76,0.263668
42.46,2.76,0.263681
42.96,2.76,0.263694
43.47,2.76,0.263707
43.97,2.76,0.263719
44.47,2.76,0.263730
44.97,2.76,0.263742
45.48,2.76,0.263752
45.98,2.76,0.263763
46.48,2.76,0.263773
46.98,2.76,0.263783
47.49,2.76,0.263793
47.99,2.76,0.263802
48.49,2.76,0.263811
48.99,2.76,0.263820
49.50,2.76,0.263828
50.00,2.76,0.263836
-50.00,3.27,0.000000
-49.50,3.27,0.000000
-48.99,3.27,0.000000
-48.49,3.27,0.000000
-47.99,3.27,0.000000
-47.49,3.27,0.000000
-46.98,3.27,0.000000
-46.48,3.27,0.000000
-45.98,3.27,0.000000
-45.48,3.27,0.000000
-44.97,3.27,0.000000
-44.47,3.27,0.000000
-43.97,3.27,0.000000
-43.47,3.27,0.000000
-42.96,3.27,0.000000
-42.46,3.27,0.000000
-41.96,3.27,0.000000
-41.46,3.27,0.000000
-40.95,3.27,0.000000
-40.45,3.27,0.000000
-39.95,3.27,0.000000
-39.45,3.27,0.000000
-38.94,3.27,0.000000
-38.44,3.27,0.000000
-37.94,3.27,0.000000
-37.44,3.27,0.000000
-36.93,3.27,0.000000
-36.43,3.27,0.000000
-35.93,3.27,0.000000
-35.43,3.27,0.000000
-34.92,3.27,0.000000
-34.42,3.27,0.000000
-33.92,3.27,0.000000
-33.42,3.27,0.000000
-32.91,3.27,0.000000
-32.41,3.27,0.000000
-31.91,3.27,0.000000
-31.41,3.27,0.000000
-30.90,3.27,0.000000
-30.40,3.27,0.000000
-29.90,3.27,0.000000
-29.40,3.27,0.000000
-28.89,3.27,0.000000
-28.39,3.27,0.000000
-27.89,3.27,0.000000
-27.39,3.27,0.000000
-26.88,3.27,0.000000
-26.38,3.27,0.000000
-25.88,3.27,0.000000
-25.38,3.27,0.000000
-24.87,3.27,0.000000
-24.37,3.27,0.000000
-23.87,3.27,0.000000
-23.37,3.27,0.000000
-22.86,3.27,0.000000
-22.36,3.27,0.000000
-21.86,3.27,0.000000
-21.36,3.27,0.000000
-20.85,3.27,0.000000
-20.35,3.27,0.000000
-19.85,3.27,0.000000
-19.35,3.27,0.000000
-18.84,3.27,0.000000
-18.34,3.27,0.000000
-17.84,3.27,0.000000
-17.34,3.27,0.000000
-16.83,3.27,0.000000
-16.33,3.27,0.000000
-15.83,3.27,0.000000
-15.33,3.27,0.000000
-14.82,3.27,0.000000
-14.32,3.27,0.000000
-13.82,3.27,0.000000
-13.32,3.27,0.000000
-12.81,3.27,0.000000
-12.31,3.27,0.000000
-11.81,3.27,0.000000
-11.31,3.27,0.000000
-10.80,3.27,0.000000
-10.30,3.27,0.000000
-9.80,3.27,0.000000
-9.30,3.27,0.000000
-8.79,3.27,0.000000
-8.29,3.27,0.000000
-7.79,3.27,0.000000
-7.29,3.27,0.000000
-6.78,3.27,0.000000
-6.28,3.27,0.000000
-5.78,3.27,0.000000
-5.28,3.27,0.000000
-4.77,3.27,0.000000
-4.27,3.27,0.000000
-3.77,3.27,0.000000
-3.27,3.27,0.000000
-2.76,3.27,0.000000
-2.26,3.27,0.000000
-1.76,3.27,0.000000
-1.26,3.27,0.000000
-0.75,3.27,0.000000
-0.25,3.27,0.000000
0.25,3.27,0.020266
0.75,3.27,0.059417
1.26,3.27,0.094856
1.76,3.27,0.125276
2.26,3.27,0.150408
2.76,3.27,0.170683
3.27,3.27,0.186845
3.77,3.27,0.199683
4.27,3.27,0.209900
4.77,3.27,0.218078
5.28,3.27,0.843701
5.78,3.27,0.844079
6.28,3.27,0.843468
6.78,3.27,0.842096
7.29,3.27,0.840136
7.79,3.27,0.837720
8.29,3.27,0.834951
8.79,3.27,0.831910
9.30,3.27,0.828660
9.80,3.27,0.825251
10.30,3.27,0.821722
10.80,3.27,0.818105
11.31,3.27,0.814425
11.81,3.27,0.810703
12.31,3.27,0.806956
12.81,3.27,0.803197
13.32,3.27,0.799438
13.82,3.27,0.795688
14.32,3.27,0.791955
14.82,3.27,0.788244
15.33,3.27,0.784561
15.83,3.27,0.780911
16.33,3.27,0.777296
16.83,3.27,0.773719
17.34,3.27,0.770184
17.84,3.27,0.766691
18.34,3.27,0.763242
18.84,3.27,0.759839
19.35,3.27,0.756482
19.85,3.27,0.753172
20.35,3.27,0.260900
20.85,3.27,0.261056
21.36,3.27,0.261202
21.86,3.27,0.261338
22.36,3.27,0.261465
22.86,3.27,0.261583
23.37,3.27,0.261695
23.87,3.27,0.261799
24.37,3.27,0.261898
24.87,3.27,0.261990
25.38,3.27,0.262077
25.88,3.27,0.262159
26.38,3.27,0.262237
26.88,3.27,0.262310
27.39,3.27,0.262380
27.89,3.27,0.262445
28.39,3.27,0.262508
28.89,3.27,0.262567
29.40,3.27,0.262623
29.90,3.27,0.262676
30.40,3.27,0.262727
30.90,3.27,0.262776
31.41,3.27,0.262822
31.91,3.27,0.262866
32.41,3.27,0.262907
32.91,3.27,0.262948
33.42,3.27,0.262986
33.92,3.27,0.263022
34.42,3.27,0.263057
34.92,3.27,0.263091
35.43,3.27,0.263123
35.93,3.27,0.263154
36.43,3.27,0.263183
36.93,3.27,0.263212
37.44,3.27,0.263239
37.94,3.27,0.263265
38.44,3.27,0.263290
38.94,3.27,0.263315
39.45,3.27,0.263338
39.95,3.27,0.263360
40.45,3.27,0.263382
40.95,3.27,0.263403
41.46,3.27,0.263423
41.96,3.27,0.263442
42.46,3.27,0.263461
42.96,3.27,0.263479
43.47,3.27,0.263496
43.97,3.27,0.263513
44.47,3.27,0.263529
44.97,3.27,0.263545
45.48,3.27,0.263560
45.98,3.27,0.263575
46.48,3.27,0.263589
46.98,3.27,0.263603
47.49,3.27,0.263616
47.99,3.27,0.263629
48.49,3.27,0.263642
48.99,3.27,0.263654
49.50,3.27,0.263666
50.00,3.27,0.263677
-50.00,3.77,0.000000
-49.50,3.77,0.000000
-48.99,3.77,0.000000
-48.49,3.77,0.000000
-47.99,3.77,0.000000
-47.49,3.77,0.000000
-46.98,3.77,0.000000
-46.48,3.77,0.000000
-45.98,3.77,0.000000
-45.48,3.77,0.000000
-44.97,3.77,0.000000
-44.47,3.77,0.000000
-43.97,3.77,0.000000
-43.47,3.77,0.000000
-42.96,3.77,0.000000
-42.46,3.77,0.000000
-41.96,3.77,0.000000
-41.46,3.77,0.000000
-40.95,3.77,0.000000
-40.45,3.77,0.000000
-39.95,3.77,0.000000
-39.45,3.77,0.000000
-38.94,3.77,0.000000
-38.44,3.77,0.000000
-37.94,3.77,0.000000
-37.44,3.77,0.000000
-36.93,3.77,0.000000
-36.43,3.77,0.000000
-35.93,3.77,0.000000
-35.43,3.77,0.000000
-34.92,3.77,0.000000
-34.42,3.77,0.000000
-33.92,3.77,0.000000
-33.42,3.77,0.000000
-32.91,3.77,0.000000
-32.41,3.77,0.000000
-31.91,3.77,0.000000
-31.41,3.77,0.000000
-30.90,3.77,0.000000
-30.40,3.77,0.000000
-29.90,3.77,0.000000
-29.40,3.77,0.000000
-28.89,3.77,0.000000
-28.39,3.77,0.000000
-27.89,3.77,0.000000
-27.39,3.77,0.000000
-26.88,3.77,0.000000
-26.38,3.77,0.000000
-25.88,3.77,0.000000
-25.38,3.77,0.000000
-24.87,3.77,0.000000
-24.37,3.77,0.000000
-23.87,3.77,0.000000
-23.37,3.77,0.000000
-22.86,3.77,0.000000
-22.36,3.77,0.000000
-21.86,3.77,0.000000
-21.36,3.77,0.000000
-20.85,3.77,0.000000
-20.35,3.77,0.000000
-19.85,3.77,0.000000
-19.35,3.77,0.000000
-18.84,3.77,0.000000
-18.34,3.77,0.000000
-17.84,3.77,0.000000
-17.34,3.77,0.000000
-16.83,3.77,0.000000
-16.33,3.77,0.000000
-15.83,3.77,0.000000
-15.33,3.77,0.000000
-14.82,3.77,0.000000
-14.32,3.77,0.000000
-13.82,3.77,0.000000
-13.32,3.77,0.000000
-12.81,3.77,0.000000
-12.31,3.77,0.000000
-11.81,3.77,0.000000
-11.31,3.77,0.000000
-10.80,3.77,0.000000
-10.30,3.77,0.000000
-9.80,3.77,0.000000
-9.30,3.77,0.000000
-8.79,3.77,0.000000
-8.29,3.77,0.000000
-7.79,3.77,0.000000
-7.29,3.77,0.000000
-6.78,3.77,0.000000
-6.28,3.77,0.000000
-5.78,3.77,0.000000
-5.28,3.77,0.000000
-4.77,3.77,0.000000
-4.27,3.77,0.000000
-3.77,3.77,0.000000
-3.27,3.77,0.000000
-2.76,3.77,0.000000
-2.26,3.77,0.000000
-1.76,3.77,0.000000
-1.26,3.77,0.000000
-0.75,3.77,0.000000
-0.25,3.77,0.000000
0.25,3.77,0.017577
0.75,3.77,0.051822
1.26,3.77,0.083560
1.76,3.77,0.111743
2.26,3.77,0.135950
2.76,3.77,0.156261
3.27,3.77,0.173058
3.77,3.77,0.186845
4.27,3.77,0.198136
4.77,3.77,0.207397
5.28,3.77,0.830827
5.78,3.77,0.832400
6.28,3.77,0.832866
6.78,3.77,0.832455
7.29,3.77,0.831350
7.79,3.77,0.829693
8.29,3.77,0.827599
8.79,3.77,0.825158
9.30,3.77,0.822441
9.80,3.77,0.819509
10.30,3.77,0.816406
10.80,3.77,0.813171
11.31,3.77,0.809836
11.81,3.77,0.806425
12.31,3.77,0.802959
12.81,3.77,0.799456
13.32,3.77,0.795929
13.82,3.77,0.792391
14.32,3.77,0.788852
14.82,3.77,0.785319
15.33,3.77,0.781800
15.83,3.77,0.778300
16.33,3.77,0.774824
16.83,3.77,0.771376
17.34,3.77,0.767959
17.84,3.77,0.764577
18.34,3.77,0.761231
18.84,3.77,0.757924
19.35,3.77,0.754656
19.85,3.77,0.751430
20.35,3.77,0.259822
20.85,3.77,0.260027
21.36,3.77,0.260218
21.86,3.77,0.260397
22.36,3.77,0.260564
22.86,3.77,0.260721
23.37,3.77,0.260868
23.87,3.77,0.261006
24.37,3.77,0.261135
24.87,3.77,0.261257
25.38,3.77,0.261372
25.88,3.77,0.261481
26.38,3.77,0.261583
26.88,3.77,0.261680
27.39,3.77,0.261772
27.89,3.77,0.261859
28.39,3.77,0.261941
28.89,3.77,0.262020
29.40,3.77,0.262094
29.90,3.77,0.262165
30.40,3.77,0.262232
30.90,3.77,0.262296
31.41,3.77,0.262357
31.91,3.77,0.262415
32.41,3.77,0.262471
32.91,3.77,0.262524
33.42,3.77,0.262574
33.92,3.77,0.262623
34.42,3.77,0.262669
34.92,3.77,0.262714
35.43,3.77,0.262756
35.93,3.77,0.262797
36.43,3.77,0.262836
36.93,3.77,0.262874
37.44,3.77,0.262910
37.94,3.77,0.262945
38.44,3.77,0.262978
38.94,3.77,0.263010
39.45,3.77,0.263041
39.95,3.77,0.263071
40.45,3.77,0.263100
40.95,3.77,0.263127
41.46,3.77,0.263154
41.96,3.77,0.263180
42.46,3.77,0.263204
42.96,3.77,0.263228
43.47,3.77,0.263251
43.97,3.77,0.263274
44.47,3.77,0.263295
44.97,3.77,0.263316
45.48,3.77,0.263336
45.98,3.77,0.263356
46.48,3.77,0.263375
46.98,3.77,0.263393
47.49,3.77,0.263411
47.99,3.77,0.263428
48.49,3.77,0.263445
48.99,3.77,0.263461
49.50,3.77,0.263476
50.00,3.77,0.263492
-50.00,4.27,0.000000
-49.50,4.27,0.000000
-48.99,4.27,0.000000
-48.49,4.27,0.000000
-47.99,4.27,0.000000
-47.49,4.27,0.000000
-46.98,4.27,0.000000
-46.48,4.27,0.000000
-45.98,4.27,0.000000
-45.48,4.27,0.000000
-44.97,4.27,0.000000
-44.47,4.27,0.000000
-43.97,4.27,0.000000
-43.47,4.27,0.000000
-42.96,4.27,0.000000
-42.46,4.27,0.000000
-41.96,4.27,0.000000
-41.46,4.27,0.000000
-40.95,4.27,0.000000
-40.45,4.27,0.000000
-39.95,4.27,0.000000
-39.45,4.27,0.000000
-38.94,4.27,0.000000
-38.44,4.27,0.000000
-37.94,4.27,0.000000
-37.44,4.27,0.000000
-36.93,4.27,0.000000
-36.43,4.27,0.000000
-35.93,4.27,0.000000
-35.43,4.27,0.000000
-34.92,4.27,0.000000
-34.42,4.27,0.000000
-33.92,4.27,0.000000
-33.42,4.27,0.000000
-32.91,4.27,0.000000
-32.41,4.27,0.000000
-31.91,4.27,0.000000
-31.41,4.27,0.000000
-30.90,4.27,0.000000
-30.40,4.27,0.000000
-29.90,4.27,0.000000
-29.40,4.27,0.000000
-28.89,4.27,0.000000
-28.39,4.27,0.000000
-27.89,4.27,0.000000
-27.39,4.27,0.000000
-26.88,4.27,0.000000
-26.38,4.27,0.000000
-25.88,4.27,0.000000
-25.38,4.27,0.000000
-24.87,4.27,0.000000
-24.37,4.27,0.000000
-23.87,4.27,0.000000
-23.37,4.27,0.000000
-22.86,4.27,0.000000
-22.36,4.27,0.000000
-21.86,4.27,0.000000
-21.36,4.27,0.000000
-20.85,4.27,0.000000
-20.35,4.27,0.000000
-19.85,4.27,0.000000
-19.35,4.27,0.000000
-18.84,4.27,0.000000
-18.34,4.27,0.000000
-17.84,4.27,0.000000
-17.34,4.27,0.000000
-16.83,4.27,0.000000
-16.33,4.27,0.000000
-15.83,4.27,0.000000
-15.33,4.27,0.000000
-14.82,4.27,0.000000
-14.32,4.27,0.000000
-13.82,4.27,0.000000
-13.32,4.27,0.000000
-12.81,4.27,0.000000
-12.31,4.27,0.000000
-11.81,4.27,0.000000
-11.31,4.27,0.000000
-10.80,4.27,0.000000
-10.30,4.27,0.000000
-9.80,4.27,0.000000
-9.30,4.27,0.000000
-8.79,4.27,0.000000
-8.29,4.27,0.000000
-7.79,4.27,0.000000
-7.29,4.27,0.000000
-6.78,4.27,0.000000
-6.28,4.27,0.000000
-5.78,4.27,0.000000
-5.28,4.27,0.000000
-4.77,4.27,0.000000
-4.27,4.27,0.000000
-3.77,4.27,0.000000
-3.27,4.27,0.000000
-2.76,4.27,0.000000
-2.26,4.27,0.000000
-1.76,4.27,0.000000
-1.26,4.27,0.000000
-0.75,4.27,0.000000
-0.25,4.27,0.000000
0.25,4.27,0.015517
0.75,4.27,0.045921
1.26,4.27,0.074559
1.76,4.27,0.100609
2.26,4.27,0.123634
2.76,4.27,0.143548
3.27,4.27,0.160512
3.77,4.27,0.174826
4.27,4.27,0.186845
4.77,4.27,0.196922
5.28,4.27,0.817705
5.78,4.27,0.820333
6.28,4.27,0.821785
6.78,4.27,0.822280
7.29,4.27,0.821998
7.79,4.27,0.821088
8.29,4.27,0.819667
8.79,4.27,0.817832
9.30,4.27,0.815663
9.80,4.27,0.813223
10.30,4.27,0.810566
10.80,4.27,0.807734
11.31,4.27,0.804764
11.81,4.27,0.801685
12.31,4.27,0.798521
12.81,4.27,0.795293
13.32,4.27,0.792018
13.82,4.27,0.788710
14.32,4.27,0.785382
14.82,4.27,0.782044
15.33,4.27,0.778704
15.83,4.27,0.775369
16.33,4.27,0.772047
16.83,4.27,0.768741
17.34,4.27,0.765456
17.84,4.27,0.762196
18.34,4.27,0.758964
18.84,4.27,0.755763
19.35,4.27,0.752595
19.85,4.27,0.749462
20.35,4.27,0.258605
20.85,4.27,0.258865
21.36,4.27,0.259108
21.86,4.27,0.259335
22.36,4.27,0.259547
22.86,4.27,0.259746
23.37,4.27,0.259932
23.87,4.27,0.260107
24.37,4.27,0.260272
24.87,4.27,0.260427
25.38,4.27,0.260574
25.88,4.27,0.260712
26.38,4.27,0.260842
26.88,4.27,0.260966
27.39,4.27,0.261083
27.89,4.27,0.261194
28.39,4.27,0.261299
28.89,4.27,0.261398
29.40,4.27,0.261493
29.90,4.27,0.261583
30.40,4.27,0.261669
30.90,4.27,0.261751
31.41,4.27,0.261829
31.91,4.27,0.261903
32.41,4.27,0.261974
32.91,4.27,0.262042
33.42,4.27,0.262107
33.92,4.27,0.262169
34.42,4.27,0.262228
34.92,4.27,0.262285
35.43,4.27,0.262339
35.93,4.27,0.262391
36.43,4.27,0.262442
36.93,4.27,0.262490
37.44,4.27,0.262536
37.94,4.27,0.262580
38.44,4.27,0.262623
38.94,4.27,0.262664
39.45,4.27,0.262704
39.95,4.27,0.262742
40.45,4.27,0.262778
40.95,4.27,0.262814
41.46,4.27,0.262848
41.96,4.27,0.262881
42.46,4.27,0.262912
42.96,4.27,0.262943
43.47,4.27,0.262973
43.97,4.27,0.263001
44.47,4.27,0.263029
44.97,4.27,0.263055
45.48,4.27,0.263081
45.98,4.27,0.263106
46.48,4.27,0.263131
46.98,4.27,0.263154
47.49,4.27,0.263177
47.99,4.27,0.263199
48.49,4.27,0.263220
48.99,4.27,0.263241
49.50,4.27,0.263261
50.00,4.27,0.263280
-50.00,4.77,0.000000
-49.50,4.77,0.000000
-48.99,4.77,0.000000
-48.49,4.77,0.000000
-47.99,4.77,0.000000
-47.49,4.77,0.000000
-46.98,4.77,0.000000
-46.48,4.77,0.000000
-45.98,4.77,0.000000
-45.48,4.77,0.000000
-44.97,4.77,0.000000
-44.47,4.77,0.000000
-43.97,4.77,0.000000
-43.47,4.77,0.000000
-42.96,4.77,0.000000
-42.46,4.77,0.000000
-41.96,4.77,0.000000
-41.46,4.77,0.000000
-40.95,4.77,0.000000
-40.45,4.77,0.000000
-39.95,4.77,0.000000
-39.45,4.77,0.000000
-38.94,4.77,0.000000
-38.44,4.77,0.000000
-37.94,4.77,0.000000
-37.44,4.77,0.000000
-36.93,4.77,0.000000
-36.43,4.77,0.000000
-35.93,4.77,0.000000
-35.43,4.77,0.000000
-34.92,4.77,0.000000
-34.42,4.77,0.000000
-33.92,4.77,0.000000
-33.42,4.77,0.000000
-32.91,4.77,0.000000
-32.41,4.77,0.000000
-31.91,4.77,0.000000
-31.41,4.77,0.000000
-30.90,4.77,0.000000
-30.40,4.77,0.000000
-29.90,4.77,0.000000
-29.40,4.77,0.000000
-28.89,4.77,0.000000
-28.39,4.77,0.000000
-27.89,4.77,0.000000
-27.39,4.77,0.000000
-26.88,4.77,0.000000
-26.38,4.77,0.000000
-25.88,4.77,0.000000
-25.38,4.77,0.000000
-24.87,4.77,0.000000
-24.37,4.77,0.000000
-23.87,4.77,0.000000
-23.37,4.77,0.000000
-22.86,4.77,0.000000
-22.36,4.77,0.000000
-21.86,4.77,0.000000
-21.36,4.77,0.000000
-20.85,4.77,0.000000
-20.35,4.77,0.000000
-19.85,4.77,0.000000
-19.35,4.77,0.000000
-18.84,4.77,0.000000
-18.34,4.77,0.000000
-17.84,4.77,0.000000
-17.34,4.77,0.000000
-16.83,4.77,0.000000
-16.33,4.77,0.000000
-15.83,4.77,0.000000
-15.33,4.77,0.000000
-14.82,4.77,0.000000
-14.32,4.77,0.000000
-13.82,4.77,0.000000
-13.32,4.77,0.000000
-12.81,4.77,0.000000
-12.31,4.77,0.000000
-11.81,4.77,0.000000
-11.31,4.77,0.000000
-10.80,4.77,0.000000
-10.30,4.77,0.000000
-9.80,4.77,0.000000
-9.30,4.77,0.000000
-8.79,4.77,0.000000
-8.29,4.77,0.000000
-7.79,4.77,0.000000
-7.29,4.77,0.000000
-6.78,4.77,0.000000
-6.28,4.77,0.000000
-5.78,4.77,0.000000
-5.28,4.77,0.000000
-4.77,4.77,0.000000
-4.27,4.77,0.000000
-3.77,4.77,0.000000
-3.27,4.77,0.000000
-2.76,4.77,0.000000
-2.26,4.77,0.000000
-1.76,4.77,0.000000
-1.26,4.77,0.000000
-0.75,4.77,0.000000
-0.25,4.77,0.000000
0.25,4.77,0.013888
0.75,4.77,0.041211
1.26,4.77,0.067247
1.76,4.77,0.091349
2.26,4.77,0.113117
2.76,4.77,0.132393
3.27,4.77,0.149212
3.77,4.77,0.163734
4.27,4.77,0.176193
4.77,4.77,0.186845
5.28,4.77,0.804574
5.78,4.77,0.808107
6.28,4.77,0.810433
6.78,4.77,0.811755
7.29,4.77,0.812245
7.79,4.77,0.812046
8.29,4.77,0.811279
8.79,4.77,0.810043
9.30,4.77,0.808419
9.80,4.77,0.806478
10.30,4.77,0.804275
10.80,4.77,0.801857
11.31,4.77,0.799265
11.81,4.77,0.796531
12.31,4.77,0.793684
12.81,4.77,0.790746
13.32,4.77,0.787737
13.82,4.77,0.784674
14.32,4.77,0.781572
14.82,4.77,0.778442
15.33,4.77,0.775295
15.83,4.77,0.772139
16.33,4.77,0.768981
16.83,4.77,0.765829
17.34,4.77,0.762687
17.84,4.77,0.759560
18.34,4.77,0.756453
18.84,4.77,0.753368
19.35,4.77,0.750309
19.85,4.77,0.747277
20.35,4.77,0.257256
20.85,4.77,0.257576
21.36,4.77,0.257875
21.86,4.77,0.258155
22.36,4.77,0.258416
22.86,4.77,0.258661
23.37,4.77,0.258891
23.87,4.77,0.259108
24.37,4.77,0.259311
24.87,4.77,0.259503
25.38,4.77,0.259684
25.88,4.77,0.259855
26.38,4.77,0.260016
26.88,4.77,0.260169
27.39,4.77,0.260314
27.89,4.77,0.260451
28.39,4.77,0.260581
28.89,4.77,0.260705
29.40,4.77,0.260822
29.90,4.77,0.260934
30.40,4.77,0.261041
30.90,4.77,0.261142
31.41,4.77,0.261239
31.91,4.77,0.261331
32.41,4.77,0.261419
32.91,4.77,0.261503
33.42,4.77,0.261583
33.92,4.77,0.261660
34.42,4.77,0.261734
34.92,4.77,0.261805
35.43,4.77,0.261872
35.93,4.77,0.261937
36.43,4.77,0.261999
36.93,4.77,0.262059
37.44,4.77,0.262117
37.94,4.77,0.262172
38.44,4.77,0.262225
38.94,4.77,0.262276
39.45,4.77,0.262325
39.95,4.77,0.262372
40.45,4.77,0.262418
40.95,4.77,0.262462
41.46,4.77,0.262504
41.96,4.77,0.262545
42.46,4.77,0.262585
42.96,4.77,0.262623
43.47,4.77,0.262660
43.97,4.77,0.262695
44.47,4.77,0.262730
44.97,4.77,0.262763
45.48,4.77,0.262795
45.98,4.77,0.262826
46.48,4.77,0.262856
46.98,4.77,0.262886
47.49,4.77,0.262914
47.99,4.77,0.262941
48.49,4.77,0.262968
48.99,4.77,0.262994
49.50,4.77,0.263019
50.00,4.77,0.263043
-50.00,5.28,0.000000
-49.50,5.28,0.000000
-48.99,5.28,0.000000
-48.49,5.28,0.000000
-47.99,5.28,0.000000
-47.49,5.28,0.000000
-46.98,5.28,0.000000
-46.48,5.28,0.000000
-45.98,5.28,0.000000
-45.48,5.28,0.000000
-44.97,5.28,0.000000
-44.47,5.28,0.000000
-43.97,5.28,0.000000
-43.47,5.28,0.000000
-42.96,5.28,0.000000
-42.46,5.28,0.000000
-41.96,5.28,0.000000
-41.46,5.28,0.000000
-40.95,5.28,0.000000
-40.45,5.28,0.000000
-39.95,5.28,0.000000
-39.45,5.28,0.000000
-38.94,5.28,0.000000
-38.44,5.28,0.000000
-37.94,5.28,0.000000
-37.44,5.28,0.000000
-36.93,5.28,0.000000
-36.43,5.28,0.000000
-35.93,5.28,0.000000
-35.43,5.28,0.000000
-34.92,5.28,0.000000
-34.42,5.28,0.000000
-33.92,5.28,0.000000
-33.42,5.28,0.000000
-32.91,5.28,0.000000
-32.41,5.28,0.000000
-31.91,5.28,0.000000
-31.41,5.28,0.000000
-30.90,5.28,0.000000
-30.40,5.28,0.000000
-29.90,5.28,0.000000
-29.40,5.28,0.000000
-28.89,5.28,0.000000
-28.39,5.28,0.000000
-27.89,5.28,0.000000
-27.39,5.28,0.000000
-26.88,5.28,0.000000
-26.38,5.28,0.000000
-25.88,5.28,0.000000
-25.38,5.28,0.000000
-24.87,5.28,0.000000
-24.37,5.28,0.000000
-23.87,5.28,0.000000
-23.37,5.28,0.000000
-22.86,5.28,0.000000
-22.36,5.28,0.000000
-21.86,5.28,0.000000
-21.36,5.28,0.000000
-20.85,5.28,0.000000
-20.35,5.28,0.000000
-19.85,5.28,0.000000
-19.35,5.28,0.000000
-18.84,5.28,0.000000
-18.34,5.28,0.000000
-17.84,5.28,0.000000
-17.34,5.28,0.000000
-16.83,5.28,0.000000
-16.33,5.28,0.000000
-15.83,5.28,0.000000
-15.33,5.28,0.000000
-14.82,5.28,0.000000
-14.32,5.28,0.000000
-13.82,5.28,0.000000
-13.32,5.28,0.000000
-12.81,5.28,0.000000
-12.31,5.28,0.000000
-11.81,5.28,0.000000
-11.31,5.28,0.000000
-10.80,5.28,0.000000
-10.30,5.28,0.000000
-9.80,5.28,0.000000
-9.30,5.28,0.000000
-8.79,5.28,0.000000
-8.29,5.28,0.000000
-7.79,5.28,0.000000
-7.29,5.28,0.000000
-6.78,5.28,0.000000
-6.28,5.28,0.000000
-5.78,5.28,0.000000
-5.28,5.28,0.000000
-4.77,5.28,0.000000
-4.27,5.28,0.000000
-3.77,5.28,0.000000
-3.27,5.28,0.000000
-2.76,5.28,0.000000
-2.26,5.28,0.000000
-1.76,5.28,0.000000
-1.26,5.28,0.000000
-0.75,5.28,0.000000
-0.25,5.28,0.000000
0.25,5.28,0.012569
0.75,5.28,0.037369
1.26,5.28,0.061203
1.76,5.28,0.083560
2.26,5.28,0.104089
2.76,5.28,0.122609
3.27,5.28,0.139083
3.77,5.28,0.153586
4.27,5.28,0.166259
4.77,5.28,0.177282
5.28,5.28,0.791608
5.78,5.28,0.795895
6.28,5.28,0.798977
6.78,5.28,0.801036
7.29,5.28,0.802231
7.79,5.28,0.802697
8.29,5.28,0.802551
8.79,5.28,0.801891
9.30,5.28,0.800801
9.80,5.28,0.799352
10.30,5.28,0.797602
10.80,5.28,0.795602
11.31,5.28,0.793393
11.81,5.28,0.791013
12.31,5.28,0.788491
12.81,5.28,0.785853
13.32,5.28,0.783121
13.82,5.28,0.780315
14.32,5.28,0.777449
14.82,5.28,0.774539
15.33,5.28,0.771594
15.83,5.28,0.768627
16.33,5.28,0.765646
16.83,5.28,0.762657
17.34,5.28,0.759668
17.84,5.28,0.756684
18.34,5.28,0.753710
18.84,5.28,0.750750
19.35,5.28,0.747807
19.85,5.28,0.744886
20.35,5.28,0.255783
20.85,5.28,0.256167
21.36,5.28,0.256526
21.86,5.28,0.256862
22.36,5.28,0.257177
22.86,5.28,0.257472
23.37,5.28,0.257750
23.87,5.28,0.258011
24.37,5.28,0.258256
24.87,5.28,0.258488
25.38,5.28,0.258706
25.88,5.28,0.258913
26.38,5.28,0.259108
26.88,5.28,0.259293
27.39,5.28,0.259468
27.89,5.28,0.259634
28.39,5.28,0.259791
28.89,5.28,0.259941
29.40,5.28,0.260083
29.90,5.28,0.260218
30.40,5.28,0.260347
30.90,5.28,0.260470
31.41,5.28,0.260587
31.91,5.28,0.260699
32.41,5.28,0.260806
32.91,5.28,0.260908
33.42,5.28,0.261006
33.92,5.28,0.261099
34.42,5.28,0.261188
34.92,5.28,0.261274
35.43,5.28,0.261356
35.93,5.28,0.261435
36.43,5.28,0.261511
36.93,5.28,0.261583
37.44,5.28,0.261653
37.94,5.28,0.261720
38.44,5.28,0.261785
38.94,5.28,0.261847
39.45,5.28,0.261907
39.95,5.28,0.261964
40.45,5.28,0.262020
40.95,5.28,0.262073
41.46,5.28,0.262125
41.96,5.28,0.262174
42.46,5.28,0.262222
42.96,5.28,0.262269
43.47,5.28,0.262314
43.97,5.28,0.262357
44.47,5.28,0.262399
44.97,5.28,0.262439
45.48,5.28,0.262478
45.98,5.28,0.262516
46.48,5.28,0.262553
46.98,5.28,0.262589
47.49,5.28,0.262623
47.99,5.28,0.262656
48.49,5.28,0.262689
48.99,5.28,0.262720
49.50,5.28,0.262750
50.00,5.28,0.262780
-50.00,5.78,0.000000
-49.50,5.78,0.000000
-48.99,5.78,0.000000
-48.49,5.78,0.000000
-47.99,5.78,0.000000
-47.49,5.78,0.000000
-46.98,5.78,0.000000
-46.48,5.78,0.000000
-45.98,5.78,0.000000
-45.48,5.78,0.000000
-44.97,5.78,0.000000
-44.47,5.78,0.000000
-43.97,5.78,0.000000
-43.47,5.78,0.000000
-42.96,5.78,0.000000
-42.46,5.78,0.000000
-41.96,5.78,0.000000
-41.46,5.78,0.000000
-40.95,5.78,0.000000
-40.45,5.78,0.000000
-39.95,5.78,0.000000
-39.45,5.78,0.000000
-38.94,5.78,0.000000
-38.44,5.78,0.000000
-37.94,5.78,0.000000
-37.44,5.78,0.000000
-36.93,5.78,0.000000
-36.43,5.78,0.000000
-35.93,5.78,0.000000
-35.43,5.78,0.000000
-34.92,5.78,0.000000
-34.42,5.78,0.000000
-33.92,5.78,0.000000
-33.42,5.78,0.000000
-32.91,5.78,0.000000
-32.41,5.78,0.000000
-31.91,5.78,0.000000
-31.41,5.78,0.000000
-30.90,5.78,0.000000
-30.40,5.78,0.000000
-29.90,5.78,0.000000
-29.40,5.78,0.000000
-28.89,5.78,0.000000
-28.39,5.78,0.000000
-27.89,5.78,0.000000
-27.39,5.78,0.000000
-26.88,5.78,0.000000
-26.38,5.78,0.000000
-25.88,5.78,0.000000
-25.38,5.78,0.000000
-24.87,5.78,0.000000
-24.37,5.78,0.000000
-23.87,5.78,0.000000
-23.37,5.78,0.000000
-22.86,5.78,0.000000
-22.36,5.78,0.000000
-21.86,5.78,0.000000
-21.36,5.78,0.000000
-20.85,5.78,0.000000
-20.35,5.78,0.000000
-19.85,5.78,0.000000
-19.35,5.78,0.000000
-18.84,5.78,0.000000
-18.34,5.78,0.000000
-17.84,5.78,0.000000
-17.34,5.78,0.000000
-16.83,5.78,0.000000
-16.33,5.78,0.000000
-15.83,5.78,0.000000
-15.33,5.78,0.000000
-14.82,5.78,0.000000
-14.32,5.78,0.000000
-13.82,5.78,0.000000
-13.32,5.78,0.000000
-12.81,5.78,0.000000
-12.31,5.78,0.000000
-11.81,5.78,0.000000
-11.31,5.78,0.000000
-10.80,5.78,0.000000
-10.30,5.78,0.000000
-9.80,5.78,0.000000
-9.30,5.78,0.000000
-8.79,5.78,0.000000
-8.29,5.78,0.000000
-7.79,5.78,0.000000
-7.29,5.78,0.000000
-6.78,5.78,0.000000
-6.28,5.78,0.000000
-5.78,5.78,0.000000
-5.28,5.78,0.000000
-4.77,5.78,0.000000
-4.27,5.78,0.000000
-3.77,5.78,0.000000
-3.27,5.78,0.000000
-2.76,5.78,0.000000
-2.26,5.78,0.000000
-1.76,5.78,0.000000
-1.26,5.78,0.000000
-0.75,5.78,0.000000
-0.25,5.78,0.000000
0.25,5.78,0.011478
0.75,5.78,0.034176
1.26,5.78,0.056132
1.76,5.78,0.076936
2.26,5.78,0.096289
2.76,5.78,0.114007
3.27,5.78,0.130021
3.77,5.78,0.144345
4.27,5.78,0.157061
4.77,5.78,0.168289
5.28,5.78,0.778927
5.78,5.78,0.783826
6.28,5.78,0.787548
6.78,5.78,0.790251
7.29,5.78,0.792076
7.79,5.78,0.793151
8.29,5.78,0.793583
8.79,5.78,0.793470
9.30,5.78,0.792892
9.80,5.78,0.791921
10.30,5.78,0.790615
10.80,5.78,0.789028
11.31,5.78,0.787203
11.81,5.78,0.785178
12.31,5.78,0.782986
12.81,5.78,0.780654
13.32,5.78,0.778206
13.82,5.78,0.775662
14.32,5.78,0.773042
14.82,5.78,0.770358
15.33,5.78,0.767626
15.83,5.78,0.764856
16.33,5.78,0.762059
16.83,5.78,0.759242
17.34,5.78,0.756414
17.84,5.78,0.753580
18.34,5.78,0.750747
18.84,5.78,0.747919
19.35,5.78,0.745101
19.85,5.78,0.742296
20.35,5.78,0.254190
20.85,5.78,0.254643
21.36,5.78,0.255066
21.86,5.78,0.255463
22.36,5.78,0.255834
22.86,5.78,0.256183
23.37,5.78,0.256511
23.87,5.78,0.256820
24.37,5.78,0.257110
24.87,5.78,0.257384
25.38,5.78,0.257643
25.88,5.78,0.257888
26.38,5.78,0.258119
26.88,5.78,0.258338
27.39,5.78,0.258546
27.89,5.78,0.258743
28.39,5.78,0.258930
28.89,5.78,0.259108
29.40,5.78,0.259277
29.90,5.78,0.259438
30.40,5.78,0.259591
30.90,5.78,0.259737
31.41,5.78,0.259877
31.91,5.78,0.260010
32.41,5.78,0.260137
32.91,5.78,0.260258
33.42,5.78,0.260374
33.92,5.78,0.260486
34.42,5.78,0.260592
34.92,5.78,0.260694
35.43,5.78,0.260792
35.93,5.78,0.260886
36.43,5.78,0.260976
36.93,5.78,0.261063
37.44,5.78,0.261146
37.94,5.78,0.261226
38.44,5.78,0.261303
38.94,5.78,0.261377
39.45,5.78,0.261449
39.95,5.78,0.261517
40.45,5.78,0.261583
40.95,5.78,0.261647
41.46,5.78,0.261709
41.96,5.78,0.261768
42.46,5.78,0.261826
42.96,5.78,0.261881
43.47,5.78,0.261934
43.97,5.78,0.261986
44.47,5.78,0.262036
44.97,5.78,0.262084
45.48,5.78,0.262131
45.98,5.78,0.262177
46.48,5.78,0.262220
46.98,5.78,0.262263
47.49,5.78,0.262304
47.99,5.78,0.262344
48.49,5.78,0.262383
48.99,5.78,0.262420
49.50,5.78,0.262456
50.00,5.78,0.262492
-50.00,6.28,0.000000
-49.50,6.28,0.000000
-48.99,6.28,0.000000
-48.49,6.28,0.000000
-47.99,6.28,0.000000
-47.49,6.28,0.000000
-46.98,6.28,0.000000
-46.48,6.28,0.000000
-45.98,6.28,0.000000
-45.48,6.28,0.000000
-44.97,6.28,0.000000
-44.47,6.28,0.000000
-43.97,6.28,0.000000
-43.47,6.28,0.000000
-42.96,6.28,0.000000
-42.46,6.28,0.000000
-41.96,6.28,0.000000
-41.46,6.28,0.000000
-40.95,6.28,0.000000
-40.45,6.28,0.000000
-39.95,6.28,0.000000
-39.45,6.28,0.000000
-38.94,6.28,0.000000
-38.44,6.28,0.000000
-37.94,6.28,0.000000
-37.44,6.28,0.000000
-36.93,6.28,0.000000
-36.43,6.28,0.000000
-35.93,6.28,0.000000
-35.43,6.28,0.000000
-34.92,6.28,0.000000
-34.42,6.28,0.000000
-33.92,6.28,0.000000
-33.42,6.28,0.000000
-32.91,6.28,0.000000
-32.41,6.28,0.000000
-31.91,6.28,0.000000
-31.41,6.28,0.000000
-30.90,6.28,0.000000
-30.40,6.28,0.000000
-29.90,6.28,0.000000
-29.40,6.28,0.000000
-28.89,6.28,0.000000
-28.39,6.28,0.000000
-27.89,6.28,0.000000
-27.39,6.28,0.000000
-26.88,6.28,0.000000
-26.38,6.28,0.000000
-25.88,6.28,0.000000
-25.38,6.28,0.000000
-24.87,6.28,0.000000
-24.37,6.28,0.000000
-23.87,6.28,0.000000
-23.37,6.28,0.000000
-22.86,6.28,0.000000
-22.36,6.28,0.000000
-21.86,6.28,0.000000
-21.36,6.28,0.000000
-20.85,6.28,0.000000
-20.35,6.28,0.000000
-19.85,6.28,0.000000
-19.35,6.28,0.000000
-18.84,6.28,0.000000
-18.34,6.28,0.000000
-17.84,6.28,0.000000
-17.34,6.28,0.000000
-16.83,6.28,0.000000
-16.33,6.28,0.000000
-15.83,6.28,0.000000
-15.33,6.28,0.000000
-14.82,6.28,0.000000
-14.32,6.28,0.000000
-13.82,6.28,0.000000
-13.32,6.28,0.000000
-12.81,6.28,0.000000
-12.31,6.28,0.000000
-11.81,6.28,0.000000
-11.31,6.28,0.000000
-10.80,6.28,0.000000
-10.30,6.28,0.000000
-9.80,6.28,0.000000
-9.30,6.28,0.000000
-8.79,6.28,0.000000
-8.29,6.28,0.000000
-7.79,6.28,0.000000
-7.29,6.28,0.000000
-6.78,6.28,0.000000
-6.28,6.28,0.000000
-5.78,6.28,0.000000
-5.28,6.28,0.000000
-4.77,6.28,0.000000
-4.27,6.28,0.000000
-3.77,6.28,0.000000
-3.27,6.28,0.000000
-2.76,6.28,0.000000
-2.26,6.28,0.000000
-1.76,6.28,0.000000
-1.26,6.28,0.000000
-0.75,6.28,0.000000
-0.25,6.28,0.000000
0.25,6.28,0.010561
0.75,6.28,0.031483
1.26,6.28,0.051822
1.76,6.28,0.071247
2.26,6.28,0.089503
2.76,6.28,0.106419
3.27,6.28,0.121907
3.77,6.28,0.135950
4.27,6.28,0.148584
4.77,6.28,0.159887
5.28,6.28,0.766604
5.78,6.28,0.771991
6.28,6.28,0.776245
6.78,6.28,0.779499
7.29,6.28,0.781881
7.79,6.28,0.783502
8.29,6.28,0.784466
8.79,6.28,0.784861
9.30,6.28,0.784767
9.80,6.28,0.784253
10.30,6.28,0.783378
10.80,6.28,0.782194
11.31,6.28,0.780747
11.81,6.28,0.779075
12.31,6.28,0.777211
12.81,6.28,0.775186
13.32,6.28,0.773025
13.82,6.28,0.770749
14.32,6.28,0.768378
14.82,6.28,0.765928
15.33,6.28,0.763413
15.83,6.28,0.760847
16.33,6.28,0.758240
16.83,6.28,0.755602
17.34,6.28,0.752941
17.84,6.28,0.750265
18.34,6.28,0.747579
18.84,6.28,0.744890
19.35,6.28,0.742202
19.85,6.28,0.739520
20.35,6.28,0.252487
20.85,6.28,0.253011
21.36,6.28,0.253502
21.86,6.28,0.253962
22.36,6.28,0.254393
22.86,6.28,0.254799
23.37,6.28,0.255180
23.87,6.28,0.255539
24.37,6.28,0.255877
24.87,6.28,0.256197
25.38,6.28,0.256498
25.88,6.28,0.256784
26.38,6.28,0.257053
26.88,6.28,0.257309
27.39,6.28,0.257552
27.89,6.28,0.257782
28.39,6.28,0.258000
28.89,6.28,0.258208
29.40,6.28,0.258406
29.90,6.28,0.258594
30.40,6.28,0.258774
30.90,6.28,0.258945
31.41,6.28,0.259108
31.91,6.28,0.259264
32.41,6.28,0.259413
32.91,6.28,0.259555
33.42,6.28,0.259691
33.92,6.28,0.259822
34.42,6.28,0.259947
34.92,6.28,0.260066
35.43,6.28,0.260181
35.93,6.28,0.260291
36.43,6.28,0.260397
36.93,6.28,0.260499
37.44,6.28,0.260596
37.94,6.28,0.260690
38.44,6.28,0.260781
38.94,6.28,0.260868
39.45,6.28,0.260951
39.95,6.28,0.261032
40.45,6.28,0.261110
40.95,6.28,0.261185
41.46,6.28,0.261257
41.96,6.28,0.261327
42.46,6.28,0.261395
42.96,6.28,0.261460
43.47,6.28,0.261523
43.97,6.28,0.261583
44.47,6.28,0.261642
44.97,6.28,0.261699
45.48,6.28,0.261754
45.98,6.28,0.261807
46.48,6.28,0.261859
46.98,6.28,0.261909
47.49,6.28,0.261957
47.99,6.28,0.262004
48.49,6.28,0.262050
48.99,6.28,0.262094
49.50,6.28,0.262137
50.00,6.28,0.262178
-50.00,6.78,0.000000
-49.50,6.78,0.000000
-48.99,6.78,0.000000
-48.49,6.78,0.000000
-47.99,6.78,0.000000
-47.49,6.78,0.000000
-46.98,6.78,0.000000
-46.48,6.78,0.000000
-45.98,6.78,0.000000
-45.48,6.78,0.000000
-44.97,6.78,0.000000
-44.47,6.78,0.000000
-43.97,6.78,0.000000
-43.47,6.78,0.000000
-42.96,6.78,0.000000
-42.46,6.78,0.000000
-41.96,6.78,0.000000
-41.46,6.78,0.000000
-40.95,6.78,0.000000
-40.45,6.78,0.000000
-39.95,6.78,0.000000
-39.45,6.78,0.000000
-38.94,6.78,0.000000
-38.44,6.78,0.000000
-37.94,6.78,0.000000
-37.44,6.78,0.000000
-36.93,6.78,0.000000
-36.43,6.78,0.000000
-35.93,6.78,0.000000
-35.43,6.78,0.000000
-34.92,6.78,0.000000
-34.42,6.78,0.000000
-33.92,6.78,0.000000
-33.42,6.78,0.000000
-32.91,6.78,0.000000
-32.41,6.78,0.000000
-31.91,6.78,0.000000
-31.41,6.78,0.000000
-30.90,6.78,0.000000
-30.40,6.78,0.000000
-29.90,6.78,0.000000
-29.40,6.78,0.000000
-28.89,6.78,0.000000
-28.39,6.78,0.000000
-27.89,6.78,0.000000
-27.39,6.78,0.000000
-26.88,6.78,0.000000
-26.38,6.78,0.000000
-25.88,6.78,0.000000
-25.38,6.78,0.000000
-24.87,6.78,0.000000
-24.37,6.78,0.000000
-23.87,6.78,0.000000
-23.37,6.78,0.000000
-22.86,6.78,0.000000
-22.36,6.78,0.000000
-21.86,6.78,0.000000
-21.36,6.78,0.000000
-20.85,6.78,0.000000
-20.35,6.78,0.000000
-19.85,6.78,0.000000
-19.35,6.78,0.000000
-18.84,6.78,0.000000
-18.34,6.78,0.000000
-17.84,6.78,0.000000
-17.34,6.78,0.000000
-16.83,6.78,0.000000
-16.33,6.78,0.000000
-15.83,6.78,0.000000
-15.33,6.78,0.000000
-14.82,6.78,0.000000
-14.32,6.78,0.000000
-13.82,6.78,0.000000
-13.32,6.78,0.000000
-12.81,6.78,0.000000
-12.31,6.78,0.000000
-11.81,6.78,0.000000
-11.31,6.78,0.000000
-10.80,6.78,0.000000
-10.30,6.78,0.000000
-9.80,6.78,0.000000
-9.30,6.78,0.000000
-8.79,6.78,0.000000
-8.29,6.78,0.000000
-7.79,6.78,0.000000
-7.29,6.78,0.000000
-6.78,6.78,0.000000
-6.28,6.78,0.000000
-5.78,6.78,0.000000
-5.28,6.78,0.000000
-4.77,6.78,0.000000
-4.27,6.78,0.000000
-3.77,6.78,0.000000
-3.27,6.78,0.000000
-2.76,6.78,0.000000
-2.26,6.78,0.000000
-1.76,6.78,0.000000
-1.26,6.78,0.000000
-0.75,6.78,0.000000
-0.25,6.78,0.000000
0.25,6.78,0.009780
0.75,6.78,0.029180
1.26,6.78,0.048115
1.76,6.78,0.066314
2.26,6.78,0.083560
2.76,6.78,0.099697
3.27,6.78,0.114631
3.77,6.78,0.128326
4.27,6.78,0.140790
4.77,6.78,0.152068
5.28,6.78,0.754686
5.78,6.78,0.760451
6.28,6.78,0.765137
6.78,6.78,0.768858
7.29,6.78,0.771722
7.79,6.78,0.773830
8.29,6.78,0.775274
8.79,6.78,0.776137
9.30,6.78,0.776495
9.80,6.78,0.776412
10.30,6.78,0.775948
10.80,6.78,0.775153
11.31,6.78,0.774072
11.81,6.78,0.772746
12.31,6.78,0.771208
12.81,6.78,0.769488
13.32,6.78,0.767613
13.82,6.78,0.765605
14.32,6.78,0.763486
14.82,6.78,0.761272
15.33,6.78,0.758979
15.83,6.78,0.756621
16.33,6.78,0.754210
16.83,6.78,0.751755
17.34,6.78,0.749267
17.84,6.78,0.746752
18.34,6.78,0.744220
18.84,6.78,0.741674
19.35,6.78,0.739123
19.85,6.78,0.736569
20.35,6.78,0.250679
20.85,6.78,0.251278
21.36,6.78,0.251839
21.86,6.78,0.252365
22.36,6.78,0.252859
22.86,6.78,0.253324
23.37,6.78,0.253761
23.87,6.78,0.254173
24.37,6.78,0.254561
24.87,6.78,0.254928
25.38,6.78,0.255275
25.88,6.78,0.255603
26.38,6.78,0.255914
26.88,6.78,0.256208
27.39,6.78,0.256487
27.89,6.78,0.256753
28.39,6.78,0.257005
28.89,6.78,0.257244
29.40,6.78,0.257472
29.90,6.78,0.257690
30.40,6.78,0.257897
30.90,6.78,0.258094
31.41,6.78,0.258283
31.91,6.78,0.258463
32.41,6.78,0.258635
32.91,6.78,0.258799
33.42,6.78,0.258957
33.92,6.78,0.259108
34.42,6.78,0.259252
34.92,6.78,0.259391
35.43,6.78,0.259524
35.93,6.78,0.259651
36.43,6.78,0.259774
36.93,6.78,0.259892
37.44,6.78,0.260005
37.94,6.78,0.260114
38.44,6.78,0.260218
38.94,6.78,0.260319
39.45,6.78,0.260416
39.95,6.78,0.260510
40.45,6.78,0.260600
40.95,6.78,0.260687
41.46,6.78,0.260771
41.96,6.78,0.260852
42.46,6.78,0.260930
42.96,6.78,0.261006
43.47,6.78,0.261079
43.97,6.78,0.261149
44.47,6.78,0.261217
44.97,6.78,0.261283
45.48,6.78,0.261347
45.98,6.78,0.261409
46.48,6.78,0.261469
46.98,6.78,0.261527
47.49,6.78,0.261583
47.99,6.78,0.261638
48.49,6.78,0.261691
48.99,6.78,0.261742
49.50,6.78,0.261792
50.00,6.78,0.261840
-50.00,7.29,0.000000
-49.50,7.29,0.000000
-48.99,7.29,0.000000
-48.49,7.29,0.000000
-47.99,7.29,0.000000
-47.49,7.29,0.000000
-46.98,7.29,0.000000
-46.48,7.29,0.000000
-45.98,7.29,0.000000
-45.48,7.29,0.000000
-44.97,7.29,0.000000
-44.47,7.29,0.000000
-43.97,7.29,0.000000
-43.47,7.29,0.000000
-42.96,7.29,0.000000
-42.46,7.29,0.000000
-41.96,7.29,0.000000
-41.46,7.29,0.000000
-40.95,7.29,0.000000
-40.45,7.29,0.000000
-39.95,7.29,0.000000
-39.45,7.29,0.000000
-38.94,7.29,0.000000
-38.44,7.29,0.000000
-37.94,7.29,0.000000
-37.44,7.29,0.000000
-36.93,7.29,0.000000
-36.43,7.29,0.000000
-35.93,7.29,0.000000
-35.43,7.29,0.000000
-34.92,7.29,0.000000
-34.42,7.29,0.000000
-33.92,7.29,0.000000
-33.42,7.29,0.000000
-32.91,7.29,0.000000
-32.41,7.29,0.000000
-31.91,7.29,0.000000
-31.41,7.29,0.000000
-30.90,7.29,0.000000
-30.40,7.29,0.000000
-29.90,7.29,0.000000
-29.40,7.29,0.000000
-28.89,7.29,0.000000
-28.39,7.29,0.000000
-27.89,7.29,0.000000
-27.39,7.29,0.000000
-26.88,7.29,0.000000
-26.38,7.29,0.000000
-25.88,7.29,0.000000
-25.38,7.29,0.000000
-24.87,7.29,0.000000
-24.37,7.29,0.000000
-23.87,7.29,0.000000
-23.37,7.29,0.000000
-22.86,7.29,0.000000
-22.36,7.29,0.000000
-21.86,7.29,0.000000
-21.36,7.29,0.000000
-20.85,7.29,0.000000
-20.35,7.29,0.000000
-19.85,7.29,0.000000
-19.35,7.29,0.000000
-18.84,7.29,0.000000
-18.34,7.29,0.000000
-17.84,7.29,0.000000
-17.34,7.29,0.000000
-16.83,7.29,0.000000
-16.33,7.29,0.000000
-15.83,7.29,0.000000
-15.33,7.29,0.000000
-14.82,7.29,0.000000
-14.32,7.29,0.000000
-13.82,7.29,0.000000
-13.32,7.29,0.000000
-12.81,7.29,0.000000
-12.31,7.29,0.000000
-11.81,7.29,0.000000
-11.31,7.29,0.000000
-10.80,7.29,0.000000
-10.30,7.29,0.000000
-9.80,7.29,0.000000
-9.30,7.29,0.000000
-8.79,7.29,0.000000
-8.29,7.29,0.000000
-7.79,7.29,0.000000
-7.29,7.29,0.000000
-6.78,7.29,0.000000
-6.28,7.29,0.000000
-5.78,7.29,0.000000
-5.28,7.29,0.000000
-4.77,7.29,0.000000
-4.27,7.29,0.000000
-3.77,7.29,0.000000
-3.27,7.29,0.000000
-2.76,7.29,0.000000
-2.26,7.29,0.000000
-1.76,7.29,0.000000
-1.26,7.29,0.000000
-0.75,7.29,0.000000
-0.25,7.29,0.000000
0.25,7.29,0.009106
0.75,7.29,0.027190
1.26,7.29,0.044896
1.76,7.29,0.062001
2.26,7.29,0.078320
2.76,7.29,0.093714
3.27,7.29,0.108089
3.77,7.29,0.121398
4.27,7.29,0.133631
4.77,7.29,0.144810
5.28,7.29,0.743191
5.78,7.29,0.749243
6.28,7.29,0.754276
6.78,7.29,0.758384
7.29,7.29,0.761662
7.79,7.29,0.764196
8.29,7.29,0.766069
8.79,7.29,0.767358
9.30,7.29,0.768132
9.80,7.29,0.768453
10.30,7.29,0.768376
10.80,7.29,0.767952
11.31,7.29,0.767225
11.81,7.29,0.766234
12.31,7.29,0.765013
12.81,7.29,0.763594
13.32,7.29,0.762002
13.82,7.29,0.760261
14.32,7.29,0.758394
14.82,7.29,0.756417
15.33,7.29,0.754347
15.83,7.29,0.752200
16.33,7.29,0.749986
16.83,7.29,0.747719
17.34,7.29,0.745406
17.84,7.29,0.743058
18.34,7.29,0.740682
18.84,7.29,0.738285
19.35,7.29,0.735873
19.85,7.29,0.733452
20.35,7.29,0.248775
20.85,7.29,0.249451
21.36,7.29,0.250085
21.86,7.29,0.250679
22.36,7.29,0.251238
22.86,7.29,0.251764
23.37,7.29,0.252259
23.87,7.29,0.252726
24.37,7.29,0.253167
24.87,7.29,0.253583
25.38,7.29,0.253977
25.88,7.29,0.254350
26.38,7.29,0.254703
26.88,7.29,0.255038
27.39,7.29,0.255356
27.89,7.29,0.255658
28.39,7.29,0.255945
28.89,7.29,0.256218
29.40,7.29,0.256478
29.90,7.29,0.256726
30.40,7.29,0.256962
30.90,7.29,0.257187
31.41,7.29,0.257403
31.91,7.29,0.257608
32.41,7.29,0.257805
32.91,7.29,0.257993
33.42,7.29,0.258173
33.92,7.29,0.258346
34.42,7.29,0.258511
34.92,7.29,0.258669
35.43,7.29,0.258822
35.93,7.29,0.258968
36.43,7.29,0.259108
36.93,7.29,0.259243
37.44,7.29,0.259372
37.94,7.29,0.259497
38.44,7.29,0.259617
38.94,7.29,0.259732
39.45,7.29,0.259843
39.95,7.29,0.259951
40.45,7.29,0.260054
40.95,7.29,0.260154
41.46,7.29,0.260250
41.96,7.29,0.260343
42.46,7.29,0.260433
42.96,7.29,0.260519
43.47,7.29,0.260603
43.97,7.29,0.260684
44.47,7.29,0.260762
44.97,7.29,0.260838
45.48,7.29,0.260911
45.98,7.29,0.260982
46.48,7.29,0.261051
46.98,7.29,0.261118
47.49,7.29,0.261182
47.99,7.29,0.261245
48.49,7.29,0.261306
48.99,7.29,0.261365
49.50,7.29,0.261422
50.00,7.29,0.261477
-50.00,7.79,0.000000
-49.50,7.79,0.000000
-48.99,7.79,0.000000
-48.49,7.79,0.000000
-47.99,7.79,0.000000
-47.49,7.79,0.000000
-46.98,7.79,0.000000
-46.48,7.79,0.000000
-45.98,7.79,0.000000
-45.48,7.79,0.000000
-44.97,7.79,0.000000
-44.47,7.79,0.000000
-43.97,7.79,0.000000
-43.47,7.79,0.000000
-42.96,7.79,0.000000
-42.46,7.79,0.000000
-41.96,7.79,0.000000
-41.46,7.79,0.000000
-40.95,7.79,0.000000
-40.45,7.79,0.000000
-39.95,7.79,0.000000
-39.45,7.79,0.000000
-38.94,7.79,0.000000
-38.44,7.79,0.000000
-37.94,7.79,0.000000
-37.44,7.79,0.000000
-36.93,7.79,0.000000
-36.43,7.79,0.000000
-35.93,7.79,0.000000
-35.43,7.79,0.000000
-34.92,7.79,0.000000
-34.42,7.79,0.000000
-33.92,7.79,0.000000
-33.42,7.79,0.000000
-32.91,7.79,0.000000
-32.41,7.79,0.000000
-31.91,7.79,0.000000
-31.41,7.79,0.000000
-30.90,7.79,0.000000
-30.40,7.79,0.000000
-29.90,7.79,0.000000
-29.40,7.79,0.000000
-28.89,7.79,0.000000
-28.39,7.79,0.000000
-27.89,7.79,0.000000
-27.39,7.79,0.000000
-26.88,7.79,0.000000
-26.38,7.79,0.000000
-25.88,7.79,0.000000
-25.38,7.79,0.000000
-24.87,7.79,0.000000
-24.37,7.79,0.000000
-23.87,7.79,0.000000
-23.37,7.79,0.000000
-22.86,7.79,0.000000
-22.36,7.79,0.000000
-21.86,7.79,0.000000
-21.36,7.79,0.000000
-20.85,7.79,0.000000
-20.35,7.79,0.000000
-19.85,7.79,0.000000
-19.35,7.79,0.000000
-18.84,7.79,0.000000
-18.34,7.79,0.000000
-17.84,7.79,0.000000
-17.34,7.79,0.000000
-16.83,7.79,0.000000
-16.33,7.79,0.000000
-15.83,7.79,0.000000
-15.33,7.79,0.000000
-14.82,7.79,0.000000
-14.32,7.79,0.000000
-13.82,7.79,0.000000
-13.32,7.79,0.000000
-12.81,7.79,0.000000
-12.31,7.79,0.000000
-11.81,7.79,0.000000
-11.31,7.79,0.000000
-10.80,7.79,0.000000
-10.30,7.79,0.000000
-9.80,7.79,0.000000
-9.30,7.79,0.000000
-8.79,7.79,0.000000
-8.29,7.79,0.000000
-7.79,7.79,0.000000
-7.29,7.79,0.000000
-6.78,7.79,0.000000
-6.28,7.79,0.000000
-5.78,7.79,0.000000
-5.28,7.79,0.000000
-4.77,7.79,0.000000
-4.27,7.79,0.000000
-3.77,7.79,0.000000
-3.27,7.79,0.000000
-2.76,7.79,0.000000
-2.26,7.79,0.000000
-1.76,7.79,0.000000
-1.26,7.79,0.000000
-0.75,7.79,0.000000
-0.25,7.79,0.000000
0.25,7.79,0.008519
0.75,7.79,0.025453
1.26,7.79,0.042075
1.76,7.79,0.058202
2.26,7.79,0.073673
2.76,7.79,0.088364
3.27,7.79,0.102188
3.77,7.79,0.115092
4.27,7.79,0.127055
4.77,7.79,0.138081
5.28,7.79,0.732126
5.78,7.79,0.738387
6.28,7.79,0.743692
6.78,7.79,0.748119
7.29,7.79,0.751746
7.79,7.79,0.754650
8.29,7.79,0.756904
8.79,7.79,0.758576
9.30,7.79,0.759730
9.80,7.79,0.760424
10.30,7.79,0.760710
10.80,7.79,0.760637
11.31,7.79,0.760247
11.81,7.79,0.759578
12.31,7.79,0.758664
12.81,7.79,0.757537
13.32,7.79,0.756223
13.82,7.79,0.754746
14.32,7.79,0.753127
14.82,7.79,0.751386
15.33,7.79,0.749540
15.83,7.79,0.747604
16.33,7.79,0.745590
16.83,7.79,0.743511
17.34,7.79,0.741377
17.84,7.79,0.739198
18.34,7.79,0.736982
18.84,7.79,0.734736
19.35,7.79,0.732467
19.85,7.79,0.730182
20.35,7.79,0.246783
20.85,7.79,0.247537
21.36,7.79,0.248245
21.86,7.79,0.248910
22.36,7.79,0.249535
22.86,7.79,0.250124
23.37,7.79,0.250679
23.87,7.79,0.251203
24.37,7.79,0.251698
24.87,7.79,0.252166
25.38,7.79,0.252608
25.88,7.79,0.253027
26.38,7.79,0.253425
26.88,7.79,0.253802
27.39,7.79,0.254160
27.89,7.79,0.254500
28.39,7.79,0.254824
28.89,7.79,0.255132
29.40,7.79,0.255425
29.90,7.79,0.255705
30.40,7.79,0.255972
30.90,7.79,0.256227
31.41,7.79,0.256470
31.91,7.79,0.256702
32.41,7.79,0.256925
32.91,7.79,0.257137
33.42,7.79,0.257341
33.92,7.79,0.257536
34.42,7.79,0.257724
34.92,7.79,0.257903
35.43,7.79,0.258075
35.93,7.79,0.258241
36.43,7.79,0.258400
36.93,7.79,0.258552
37.44,7.79,0.258699
37.94,7.79,0.258841
38.44,7.79,0.258977
38.94,7.79,0.259108
39.45,7.79,0.259234
39.95,7.79,0.259356
40.45,7.79,0.259473
40.95,7.79,0.259586
41.46,7.79,0.259695
41.96,7.79,0.259801
42.46,7.79,0.259903
42.96,7.79,0.260001
43.47,7.79,0.260096
43.97,7.79,0.260188
44.47,7.79,0.260277
44.97,7.79,0.260363
45.48,7.79,0.260447
45.98,7.79,0.260528
46.48,7.79,0.260606
46.98,7.79,0.260681
47.49,7.79,0.260755
47.99,7.79,0.260826
48.49,7.79,0.260895
48.99,7.79,0.260962
49.50,7.79,0.261027
50.00,7.79,0.261090
-50.00,8.29,0.000000
-49.50,8.29,0.000000
-48.99,8.29,0.000000
-48.49,8.29,0.000000
-47.99,8.29,0.000000
-47.49,8.29,0.000000
-46.98,8.29,0.000000
-46.48,8.29,0.000000
-45.98,8.29,0.000000
-45.48,8.29,0.000000
-44.97,8.29,0.000000
-44.47,8.29,0.000000
-43.97,8.29,0.000000
-43.47,8.29,0.000000
-42.96,8.29,0.000000
-42.46,8.29,0.000000
-41.96,8.29,0.000000
-41.46,8.29,0.000000
-40.95,8.29,0.000000
-40.45,8.29,0.000000
-39.95,8.29,0.000000
-39.45,8.29,0.000000
-38.94,8.29,0.000000
-38.44,8.29,0.000000
-37.94,8.29,0.000000
-37.44,8.29,0.000000
-36.93,8.29,0.000000
-36.43,8.29,0.000000
-35.93,8.29,0.000000
-35.43,8.29,0.000000
-34.92,8.29,0.000000
-34.42,8.29,0.000000
-33.92,8.29,0.000000
-33.42,8.29,0.000000
-32.91,8.29,0.000000
-32.41,8.29,0.000000
-31.91,8.29,0.000000
-31.41,8.29,0.000000
-30.90,8.29,0.000000
-30.40,8.29,0.000000
-29.90,8.29,0.000000
-29.40,8.29,0.000000
-28.89,8.29,0.000000
-28.39,8.29,0.000000
-27.89,8.29,0.000000
-27.39,8.29,0.000000
-26.88,8.29,0.000000
-26.38,8.29,0.000000
-25.88,8.29,0.000000
-25.38,8.29,0.000000
-24.87,8.29,0.000000
-24.37,8.29,0.000000
-23.87,8.29,0.000000
-23.37,8.29,0.000000
-22.86,8.29,0.000000
-22.36,8.29,0.000000
-21.86,8.29,0.000000
-21.36,8.29,0.000000
-20.85,8.29,0.000000
-20.35,8.29,0.000000
-19.85,8.29,0.000000
-19.35,8.29,0.000000
-18.84,8.29,0.000000
-18.34,8.29,0.000000
-17.84,8.29,0.000000
-17.34,8.29,0.000000
-16.83,8.29,0.000000
-16.33,8.29,0.000000
-15.83,8.29,0.000000
-15.33,8.29,0.000000
-14.82,8.29,0.000000
-14.32,8.29,0.000000
-13.82,8.29,0.000000
-13.32,8.29,0.000000
-12.81,8.29,0.000000
-12.31,8.29,0.000000
-11.81,8.29,0.000000
-11.31,8.29,0.000000
-10.80,8.29,0.000000
-10.30,8.29,0.000000
-9.80,8.29,0.000000
-9.30,8.29,0.000000
-8.79,8.29,0.000000
-8.29,8.29,0.000000
-7.79,8.29,0.000000
-7.29,8.29,0.000000
-6.78,8.29,0.000000
-6.28,8.29,0.000000
-5.78,8.29,0.000000
-5.28,8.29,0.000000
-4.77,8.29,0.000000
-4.27,8.29,0.000000
-3.77,8.29,0.000000
-3.27,8.29,0.000000
-2.76,8.29,0.000000
-2.26,8.29,0.000000
-1.76,8.29,0.000000
-1.26,8.29,0.000000
-0.75,8.29,0.000000
-0.25,8.29,0.000000
0.25,8.29,0.008004
0.75,8.29,0.023923
1.26,8.29,0.039584
1.76,8.29,0.054831
2.26,8.29,0.069526
2.76,8.29,0.083560
3.27,8.29,0.096850
3.77,8.29,0.109343
4.27,8.29,0.121010
4.77,8.29,0.131846
5.28,8.29,0.721486
5.78,8.29,0.727892
6.28,8.29,0.733406
6.78,8.29,0.738090
7.29,8.29,0.742010
7.79,8.29,0.745232
8.29,8.29,0.747819
8.79,8.29,0.749833
9.30,8.29,0.751332
9.80,8.29,0.752368
10.30,8.29,0.752991
10.80,8.29,0.753246
11.31,8.29,0.753174
11.81,8.29,0.752813
12.31,8.29,0.752194
12.81,8.29,0.751350
13.32,8.29,0.750305
13.82,8.29,0.749086
14.32,8.29,0.747712
14.82,8.29,0.746205
15.33,8.29,0.744580
15.83,8.29,0.742853
16.33,8.29,0.741039
16.83,8.29,0.739149
17.34,8.29,0.737195
17.84,8.29,0.735186
18.34,8.29,0.733132
18.84,8.29,0.731040
19.35,8.29,0.728917
19.85,8.29,0.726769
20.35,8.29,0.244710
20.85,8.29,0.245543
21.36,8.29,0.246326
21.86,8.29,0.247063
22.36,8.29,0.247756
22.86,8.29,0.248410
23.37,8.29,0.249026
23.87,8.29,0.249608
24.37,8.29,0.250159
24.87,8.29,0.250679
25.38,8.29,0.251172
25.88,8.29,0.251639
26.38,8.29,0.252082
26.88,8.29,0.252503
27.39,8.29,0.252903
27.89,8.29,0.253283
28.39,8.29,0.253644
28.89,8.29,0.253989
29.40,8.29,0.254317
29.90,8.29,0.254630
30.40,8.29,0.254928
30.90,8.29,0.255213
31.41,8.29,0.255486
31.91,8.29,0.255746
32.41,8.29,0.255996
32.91,8.29,0.256234
33.42,8.29,0.256463
33.92,8.29,0.256682
34.42,8.29,0.256892
34.92,8.29,0.257093
35.43,8.29,0.257287
35.93,8.29,0.257472
36.43,8.29,0.257651
36.93,8.29,0.257822
37.44,8.29,0.257987
37.94,8.29,0.258146
38.44,8.29,0.258299
38.94,8.29,0.258447
39.45,8.29,0.258589
39.95,8.29,0.258725
40.45,8.29,0.258857
40.95,8.29,0.258985
41.46,8.29,0.259108
41.96,8.29,0.259226
42.46,8.29,0.259341
42.96,8.29,0.259452
43.47,8.29,0.259559
43.97,8.29,0.259663
44.47,8.29,0.259763
44.97,8.29,0.259860
45.48,8.29,0.259954
45.98,8.29,0.260045
46.48,8.29,0.260133
46.98,8.29,0.260218
47.49,8.29,0.260301
47.99,8.29,0.260381
48.49,8.29,0.260459
48.99,8.29,0.260535
49.50,8.29,0.260608
50.00,8.29,0.260679
-50.00,8.79,0.000000
-49.50,8.79,0.000000
-48.99,8.79,0.000000
-48.49,8.79,0.000000
-47.99,8.79,0.000000
-47.49,8.79,0.000000
-46.98,8.79,0.000000
-46.48,8.79,0.000000
-45.98,8.79,0.000000
-45.48,8.79,0.000000
-44.97,8.79,0.000000
-44.47,8.79,0.000000
-43.97,8.79,0.000000
-43.47,8.79,0.000000
-42.96,8.79,0.000000
-42.46,8.79,0.000000
-41.96,8.79,0.000000
-41.46,8.79,0.000000
-40.95,8.79,0.000000
-40.45,8.79,0.000000
-39.95,8.79,0.000000
-39.45,8.79,0.000000
-38.94,8.79,0.000000
-38.44,8.79,0.000000
-37.94,8.79,0.000000
-37.44,8.79,0.000000
-36.93,8.79,0.000000
-36.43,8.79,0.000000
-35.93,8.79,0.000000
-35.43,8.79,0.000000
-34.92,8.79,0.000000
-34.42,8.79,0.000000
-33.92,8.79,0.000000
-33.42,8.79,0.000000
-32.91,8.79,0.000000
-32.41,8.79,0.000000
-31.91,8.79,0.000000
-31.41,8.79,0.000000
-30.90,8.79,0.000000
-30.40,8.79,0.000000
-29.90,8.79,0.000000
-29.40,8.79,0.000000
-28.89,8.79,0.000000
-28.39,8.79,0.000000
-27.89,8.79,0.000000
-27.39,8.79,0.000000
-26.88,8.79,0.000000
-26.38,8.79,0.000000
-25.88,8.79,0.000000
-25.38,8.79,0.000000
-24.87,8.79,0.000000
-24.37,8.79,0.000000
-23.87,8.79,0.000000
-23.37,8.79,0.000000
-22.86,8.79,0.000000
-22.36,8.79,0.000000
-21.86,8.79,0.000000
-21.36,8.79,0.000000
-20.85,8.79,0.000000
-20.35,8.79,0.000000
-19.85,8.79,0.000000
-19.35,8.79,0.000000
-18.84,8.79,0.000000
-18.34,8.79,0.000000
-17.84,8.79,0.000000
-17.34,8.79,0.000000
-16.83,8.79,0.000000
-16.33,8.79,0.000000
-15.83,8.79,0.000000
-15.33,8.79,0.000000
-14.82,8.79,0.000000
-14.32,8.79,0.000000
-13.82,8.79,0.000000
-13.32,8.79,0.000000
-12.81,8.79,0.000000
-12.31,8.79,0.000000
-11.81,8.79,0.000000
-11.31,8.79,0.000000
-10.80,8.79,0.000000
-10.30,8.79,0.000000
-9.80,8.79,0.000000
-9.30,8.79,0.000000
-8.79,8.79,0.000000
-8.29,8.79,0.000000
-7.79,8.79,0.000000
-7.29,8.79,0.000000
-6.78,8.79,0.000000
-6.28,8.79,0.000000
-5.78,8.79,0.000000
-5.28,8.79,0.000000
-4.77,8.79,0.000000
-4.27,8.79,0.000000
-3.77,8.79,0.000000
-3.27,8.79,0.000000
-2.76,8.79,0.000000
-2.26,8.79,0.000000
-1.76,8.79,0.000000
-1.26,8.79,0.000000
-0.75,8.79,0.000000
-0.25,8.79,0.000000
0.25,8.79,0.007547
0.75,8.79,0.022566
1.26,8.79,0.037369
1.76,8.79,0.051822
2.26,8.79,0.065806
2.76,8.79,0.079226
3.27,8.79,0.092005
3.77,8.79,0.104089
4.27,8.79,0.115447
4.77,8.79,0.126066
5.28,8.79,0.711258
5.78,8.79,0.717758
6.28,8.79,0.723427
6.78,8.79,0.728315
7.29,8.79,0.732478
7.79,8.79,0.735970
8.29,8.79,0.738847
8.79,8.79,0.741164
9.30,8.79,0.742972
9.80,8.79,0.744320
10.30,8.79,0.745253
10.80,8.79,0.745814
11.31,8.79,0.746041
11.81,8.79,0.745970
12.31,8.79,0.745633
12.81,8.79,0.745060
13.32,8.79,0.744276
13.82,8.79,0.743307
14.32,8.79,0.742173
14.82,8.79,0.740894
15.33,8.79,0.739487
15.83,8.79,0.737968
16.33,8.79,0.736352
16.83,8.79,0.734651
17.34,8.79,0.732876
17.84,8.79,0.731039
18.34,8.79,0.729147
18.84,8.79,0.727209
19.35,8.79,0.725233
19.85,8.79,0.723226
20.35,8.79,0.242563
20.85,8.79,0.243477
21.36,8.79,0.244336
21.86,8.79,0.245145
22.36,8.79,0.245907
22.86,8.79,0.246626
23.37,8.79,0.247305
23.87,8.79,0.247947
24.37,8.79,0.248554
24.87,8.79,0.249128
25.38,8.79,0.249673
25.88,8.79,0.250189
26.38,8.79,0.250679
26.88,8.79,0.251145
27.39,8.79,0.251587
27.89,8.79,0.252008
28.39,8.79,0.252409
28.89,8.79,0.252791
29.40,8.79,0.253155
29.90,8.79,0.253502
30.40,8.79,0.253833
30.90,8.79,0.254150
31.41,8.79,0.254453
31.91,8.79,0.254742
32.41,8.79,0.255019
32.91,8.79,0.255285
33.42,8.79,0.255539
33.92,8.79,0.255783
34.42,8.79,0.256016
34.92,8.79,0.256241
35.43,8.79,0.256456
35.93,8.79,0.256663
36.43,8.79,0.256862
36.93,8.79,0.257053
37.44,8.79,0.257238
37.94,8.79,0.257415
38.44,8.79,0.257585
38.94,8.79,0.257750
39.45,8.79,0.257908
39.95,8.79,0.258061
40.45,8.79,0.258208
40.95,8.79,0.258350
41.46,8.79,0.258488
41.96,8.79,0.258620
42.46,8.79,0.258748
42.96,8.79,0.258872
43.47,8.79,0.258992
43.97,8.79,0.259108
44.47,8.79,0.259220
44.97,8.79,0.259328
45.48,8.79,0.259433
45.98,8.79,0.259535
46.48,8.79,0.259634
46.98,8.79,0.259729
47.49,8.79,0.259822
47.99,8.79,0.259911
48.49,8.79,0.259998
48.99,8.79,0.260083
49.50,8.79,0.260165
50.00,8.79,0.260245
-50.00,9.30,0.000000
-49.50,9.30,0.000000
-48.99,9.30,0.000000
-48.49,9.30,0.000000
-47.99,9.30,0.000000
-47.49,9.30,0.000000
-46.98,9.30,0.000000
-46.48,9.30,0.000000
-45.98,9.30,0.000000
-45.48,9.30,0.000000
-44.97,9.30,0.000000
-44.47,9.30,0.000000
-43.97,9.30,0.000000
-43.47,9.30,0.000000
-42.96,9.30,0.000000
-42.46,9.30,0.000000
-41.96,9.30,0.000000
-41.46,9.30,0.000000
-40.95,9.30,0.000000
-40.45,9.30,0.000000
-39.95,9.30,0.000000
-39.45,9.30,0.000000
-38.94,9.30,0.000000
-38.44,9.30,0.000000
-37.94,9.30,0.000000
-37.44,9.30,0.000000
-36.93,9.30,0.000000
-36.43,9.30,0.000000
-35.93,9.30,0.000000
-35.43,9.30,0.000000
-34.92,9.30,0.000000
-34.42,9.30,0.000000
-33.92,9.30,0.000000
-33.42,9.30,0.000000
-32.91,9.30,0.000000
-32.41,9.30,0.000000
-31.91,9.30,0.000000
-31.41,9.30,0.000000
-30.90,9.30,0.000000
-30.40,9.30,0.000000
-29.90,9.30,0.000000
-29.40,9.30,0.000000
-28.89,9.30,0.000000
-28.39,9.30,0.000000
-27.89,9.30,0.000000
-27.39,9.30,0.000000
-26.88,9.30,0.000000
-26.38,9.30,0.000000
-25.88,9.30,0.000000
-25.38,9.30,0.000000
-24.87,9.30,0.000000
-24.37,9.30,0.000000
-23.87,9.30,0.000000
-23.37,9.30,0.000000
-22.86,9.30,0.000000
-22.36,9.30,0.000000
-21.86,9.30,0.000000
-21.36,9.30,0.000000
-20.85,9.30,0.000000
-20.35,9.30,0.000000
-19.85,9.30,0.000000
-19.35,9.30,0.000000
-18.84,9.30,0.000000
-18.34,9.30,0.000000
-17.84,9.30,0.000000
-17.34,9.30,0.000000
-16.83,9.30,0.000000
-16.33,9.30,0.000000
-15.83,9.30,0.000000
-15.33,9.30,0.000000
-14.82,9.30,0.000000
-14.32,9.30,0.000000
-13.82,9.30,0.000000
-13.32,9.30,0.000000
-12.81,9.30,0.000000
-12.31,9.30,0.000000
-11.81,9.30,0.000000
-11.31,9.30,0.000000
-10.80,9.30,0.000000
-10.30,9.30,0.000000
-9.80,9.30,0.000000
-9.30,9.30,0.000000
-8.79,9.30,0.000000
-8.29,9.30,0.000000
-7.79,9.30,0.000000
-7.29,9.30,0.000000
-6.78,9.30,0.000000
-6.28,9.30,0.000000
-5.78,9.30,0.000000
-5.28,9.30,0.000000
-4.77,9.30,0.000000
-4.27,9.30,0.000000
-3.77,9.30,0.000000
-3.27,9.30,0.000000
-2.76,9.30,0.000000
-2.26,9.30,0.000000
-1.76,9.30,0.000000
-1.26,9.30,0.000000
-0.75,9.30,0.000000
-0.25,9.30,0.000000
0.25,9.30,0.007139
0.75,9.30,0.021355
1.26,9.30,0.035386
1.76,9.30,0.049120
2.26,9.30,0.062453
2.76,9.30,0.075300
3.27,9.30,0.087592
3.77,9.30,0.099276
4.27,9.30,0.110320
4.77,9.30,0.120706
5.28,9.30,0.701426
5.78,9.30,0.707979
6.28,9.30,0.713758
6.78,9.30,0.718805
7.29,9.30,0.723165
7.79,9.30,0.726885
8.29,9.30,0.730013
8.79,9.30,0.732596
9.30,9.30,0.734680
9.80,9.30,0.736309
10.30,9.30,0.737526
10.80,9.30,0.738370
11.31,9.30,0.738876
11.81,9.30,0.739079
12.31,9.30,0.739009
12.81,9.30,0.738694
13.32,9.30,0.738161
13.82,9.30,0.737433
14.32,9.30,0.736531
14.82,9.30,0.735475
15.33,9.30,0.734282
15.83,9.30,0.732968
16.33,9.30,0.731547
16.83,9.30,0.730033
17.34,9.30,0.728436
17.84,9.30,0.726769
18.34,9.30,0.725039
18.84,9.30,0.723257
19.35,9.30,0.721429
19.85,9.30,0.719563
20.35,9.30,0.240351
20.85,9.30,0.241345
21.36,9.30,0.242280
21.86,9.30,0.243162
22.36,9.30,0.243994
22.86,9.30,0.244779
23.37,9.30,0.245522
23.87,9.30,0.246223
24.37,9.30,0.246888
24.87,9.30,0.247517
25.38,9.30,0.248114
25.88,9.30,0.248681
26.38,9.30,0.249219
26.88,9.30,0.249730
27.39,9.30,0.250216
27.89,9.30,0.250679
28.39,9.30,0.251120
28.89,9.30,0.251540
29.40,9.30,0.251941
29.90,9.30,0.252324
30.40,9.30,0.252689
30.90,9.30,0.253038
31.41,9.30,0.253372
31.91,9.30,0.253692
32.41,9.30,0.253998
32.91,9.30,0.254291
33.42,9.30,0.254572
33.92,9.30,0.254841
34.42,9.30,0.255099
34.92,9.30,0.255348
35.43,9.30,0.255586
35.93,9.30,0.255815
36.43,9.30,0.256035
36.93,9.30,0.256247
37.44,9.30,0.256451
37.94,9.30,0.256647
38.44,9.30,0.256836
38.94,9.30,0.257018
39.45,9.30,0.257193
39.95,9.30,0.257363
40.45,9.30,0.257526
40.95,9.30,0.257684
41.46,9.30,0.257836
41.96,9.30,0.257983
42.46,9.30,0.258125
42.96,9.30,0.258263
43.47,9.30,0.258395
43.97,9.30,0.258524
44.47,9.30,0.258648
44.97,9.30,0.258769
45.48,9.30,0.258885
45.98,9.30,0.258998
46.48,9.30,0.259108
46.98,9.30,0.259214
47.49,9.30,0.259317
47.99,9.30,0.259416
48.49,9.30,0.259513
48.99,9.30,0.259607
49.50,9.30,0.259698
50.00,9.30,0.259787
-50.00,9.80,0.000000
-49.50,9.80,0.000000
-48.99,9.80,0.000000
-48.49,9.80,0.000000
-47.99,9.80,0.000000
-47.49,9.80,0.000000
-46.98,9.80,0.000000
-46.48,9.80,0.000000
-45.98,9.80,0.000000
-45.48,9.80,0.000000
-44.97,9.80,0.000000
-44.47,9.80,0.000000
-43.97,9.80,0.000000
-43.47,9.80,0.000000
-42.96,9.80,0.000000
-42.46,9.80,0.000000
-41.96,9.80,0.000000
-41.46,9.80,0.000000
-40.95,9.80,0.000000
-40.45,9.80,0.000000
-39.95,9.80,0.000000
-39.45,9.80,0.000000
-38.94,9.80,0.000000
-38.44,9.80,0.000000
-37.94,9.80,0.000000
-37.44,9.80,0.000000
-36.93,9.80,0.000000
-36.43,9.80,0.000000
-35.93,9.80,0.000000
-35.43,9.80,0.000000
-34.92,9.80,0.000000
-34.42,9.80,0.000000
-33.92,9.80,0.000000
-33.42,9.80,0.000000
-32.91,9.80,0.000000
-32.41,9.80,0.000000
-31.91,9.80,0.000000
-31.41,9.80,0.000000
-30.90,9.80,0.000000
-30.40,9.80,0.000000
-29.90,9.80,0.000000
-29.40,9.80,0.000000
-28.89,9.80,0.000000
-28.39,9.80,0.000000
-27.89,9.80,0.000000
-27.39,9.80,0.000000
-26.88,9.80,0.000000
-26.38,9.80,0.000000
-25.88,9.80,0.000000
-25.38,9.80,0.000000
-24.87,9.80,0.000000
-24.37,9.80,0.000000
-23.87,9.80,0.000000
-23.37,9.80,0.000000
-22.86,9.80,0.000000
-22.36,9.80,0.000000
-21.86,9.80,0.000000
-21.36,9.80,0.000000
-20.85,9.80,0.000000
-20.35,9.80,0.000000
-19.85,9.80,0.000000
-19.35,9.80,0.000000
-18.84,9.80,0.000000
-18.34,9.80,0.000000
-17.84,9.80,0.000000
-17.34,9.80,0.000000
-16.83,9.80,0.000000
-16.33,9.80,0.000000
-15.83,9.80,0.000000
-15.33,9.80,0.000000
-14.82,9.80,0.000000
-14.32,9.80,0.000000
-13.82,9.80,0.000000
-13.32,9.80,0.000000
-12.81,9.80,0.000000
-12.31,9.80,0.000000
-11.81,9.80,0.000000
-11.31,9.80,0.000000
-10.80,9.80,0.000000
-10.30,9.80,0.000000
-9.80,9.80,0.000000
-9.30,9.80,0.000000
-8.79,9.80,0.000000
-8.29,9.80,0.000000
-7.79,9.80,0.000000
-7.29,9.80,0.000000
-6.78,9.80,0.000000
-6.28,9.80,0.000000
-5.78,9.80,0.000000
-5.28,9.80,0.000000
-4.77,9.80,0.000000
-4.27,9.80,0.000000
-3.77,9.80,0.000000
-3.27,9.80,0.000000
-2.76,9.80,0.000000
-2.26,9.80,0.000000
-1.76,9.80,0.000000
-1.26,9.80,0.000000
-0.75,9.80,0.000000
-0.25,9.80,0.000000
0.25,9.80,0.006773
0.75,9.80,0.020266
1.26,9.80,0.033602
1.76,9.80,0.046682
2.26,9.80,0.059417
2.76,9.80,0.071730
3.27,9.80,0.083560
3.77,9.80,0.094856
4.27,9.80,0.105586
4.77,9.80,0.115729
5.28,9.80,0.691973
5.78,9.80,0.698544
6.28,9.80,0.704397
6.78,9.80,0.709564
7.29,9.80,0.714083
7.79,9.80,0.717993
8.29,9.80,0.721334
8.79,9.80,0.724150
9.30,9.80,0.726479
9.80,9.80,0.728362
10.30,9.80,0.729837
10.80,9.80,0.730940
11.31,9.80,0.731705
11.81,9.80,0.732164
12.31,9.80,0.732345
12.81,9.80,0.732276
13.32,9.80,0.731982
13.82,9.80,0.731486
14.32,9.80,0.730808
14.82,9.80,0.729968
15.33,9.80,0.728983
15.83,9.80,0.727869
16.33,9.80,0.726640
16.83,9.80,0.725310
17.34,9.80,0.723890
17.84,9.80,0.722392
18.34,9.80,0.720824
18.84,9.80,0.719196
19.35,9.80,0.717516
19.85,9.80,0.715791
20.35,9.80,0.238080
20.85,9.80,0.239154
21.36,9.80,0.240166
21.86,9.80,0.241121
22.36,9.80,0.242022
22.86,9.80,0.242874
23.37,9.80,0.243680
23.87,9.80,0.244443
24.37,9.80,0.245165
24.87,9.80,0.245850
25.38,9.80,0.246500
25.88,9.80,0.247118
26.38,9.80,0.247704
26.88,9.80,0.248262
27.39,9.80,0.248793
27.89,9.80,0.249299
28.39,9.80,0.249781
28.89,9.80,0.250241
29.40,9.80,0.250679
29.90,9.80,0.251098
30.40,9.80,0.251498
30.90,9.80,0.251881
31.41,9.80,0.252247
31.91,9.80,0.252597
32.41,9.80,0.252933
32.91,9.80,0.253254
33.42,9.80,0.253563
33.92,9.80,0.253858
34.42,9.80,0.254142
34.92,9.80,0.254415
35.43,9.80,0.254677
35.93,9.80,0.254928
36.43,9.80,0.255170
36.93,9.80,0.255403
37.44,9.80,0.255628
37.94,9.80,0.255844
38.44,9.80,0.256052
38.94,9.80,0.256252
39.45,9.80,0.256445
39.95,9.80,0.256632
40.45,9.80,0.256812
40.95,9.80,0.256986
41.46,9.80,0.257153
41.96,9.80,0.257316
42.46,9.80,0.257472
42.96,9.80,0.257624
43.47,9.80,0.257770
43.97,9.80,0.257912
44.47,9.80,0.258049
44.97,9.80,0.258182
45.48,9.80,0.258311
45.98,9.80,0.258435
46.48,9.80,0.258556
46.98,9.80,0.258673
47.49,9.80,0.258787
47.99,9.80,0.258897
48.49,9.80,0.259004
48.99,9.80,0.259108
49.50,9.80,0.259208
50.00,9.80,0.259306
-50.00,10.30,0.000000
-49.50,10.30,0.000000
-48.99,10.30,0.000000
-48.49,10.30,0.000000
-47.99,10.30,0.000000
-47.49,10.30,0.000000
-46.98,10.30,0.000000
-46.48,10.30,0.000000
-45.98,10.30,0.000000
-45.48,10.30,0.000000
-44.97,10.30,0.000000
-44.47,10.30,0.000000
-43.97,10.30,0.000000
-43.47,10.30,0.000000
-42.96,10.30,0.000000
-42.46,10.30,0.000000
-41.96,10.30,0.000000
-41.46,10.30,0.000000
-40.95,10.30,0.000000
-40.45,10.30,0.000000
-39.95,10.30,0.000000
-39.45,10.30,0.000000
-38.94,10.30,0.000000
-38.44,10.30,0.000000
-37.94,10.30,0.000000
-37.44,10.30,0.000000
-36.93,10.30,0.000000
-36.43,10.30,0.000000
-35.93,10.30,0.000000
-35.43,10.30,0.000000
-34.92,10.30,0.000000
-34.42,10.30,0.000000
-33.92,10.30,0.000000
-33.42,10.30,0.000000
-32.91,10.30,0.000000
-32.41,10.30,0.000000
-31.91,10.30,0.000000
-31.41,10.30,0.000000
-30.90,10.30,0.000000
-30.40,10.30,0.000000
-29.90,10.30,0.000000
-29.40,10.30,0.000000
-28.89,10.30,0.000000
-28.39,10.30,0.000000
-27.89,10.30,0.000000
-27.39,10.30,0.000000
-26.88,10.30,0.000000
-26.38,10.30,0.000000
-25.88,10.30,0.000000
-25.38,10.30,0.000000
-24.87,10.30,0.000000
-24.37,10.30,0.000000
-23.87,10.30,0.000000
-23.37,10.30,0.000000
-22.86,10.30,0.000000
-22.36,10.30,0.000000
-21.86,10.30,0.000000
-21.36,10.30,0.000000
-20.85,10.30,0.000000
-20.35,10.30,0.000000
-19.85,10.30,0.000000
-19.35,10.30,0.000000
-18.84,10.30,0.000000
-18.34,10.30,0.000000
-17.84,10.30,0.000000
-17.34,10.30,0.000000
-16.83,10.30,0.000000
-16.33,10.30,0.000000
-15.83,10.30,0.000000
-15.33,10.30,0.000000
-14.82,10.30,0.000000
-14.32,10.30,0.000000
-13.82,10.30,0.000000
-13.32,10.30,0.000000
-12.81,10.30,0.000000
-12.31,10.30,0.000000
-11.81,10.30,0.000000
-11.31,10.30,0.000000
-10.80,10.30,0.000000
-10.30,10.30,0.000000
-9.80,10.30,0.000000
-9.30,10.30,0.000000
-8.79,10.30,0.000000
-8.29,10.30,0.000000
-7.79,10.30,0.000000
-7.29,10.30,0.000000
-6.78,10.30,0.000000
-6.28,10.30,0.000000
-5.78,10.30,0.000000
-5.28,10.30,0.000000
-4.77,10.30,0.000000
-4.27,10.30,0.000000
-3.77,10.30,0.000000
-3.27,10.30,0.000000
-2.76,10.30,0.000000
-2.26,10.30,0.000000
-1.76,10.30,0.000000
-1.26,10.30,0.000000
-0.75,10.30,0.000000
-0.25,10.30,0.000000
0.25,10.30,0.006443
0.75,10.30,0.019283
1.26,10.30,0.031987
1.76,10.30,0.044471
2.26,10.30,0.056655
2.76,10.30,0.068472
3.27,10.30,0.079865
3.77,10.30,0.090788
4.27,10.30,0.101208
4.77,10.30,0.111102
5.28,10.30,0.682878
5.78,10.30,0.689440
6.28,10.30,0.695337
6.78,10.30,0.700592
7.29,10.30,0.705236
7.79,10.30,0.709302
8.29,10.30,0.712826
8.79,10.30,0.715842
9.30,10.30,0.718388
9.80,10.30,0.720498
10.30,10.30,0.722207
10.80,10.30,0.723548
11.31,10.30,0.724552
11.81,10.30,0.725248
12.31,10.30,0.725665
12.81,10.30,0.725828
13.32,10.30,0.725761
13.82,10.30,0.725486
14.32,10.30,0.725024
14.82,10.30,0.724392
15.33,10.30,0.723609
15.83,10.30,0.722689
16.33,10.30,0.721648
16.83,10.30,0.720498
17.34,10.30,0.719252
17.84,10.30,0.717920
18.34,10.30,0.716512
18.84,10.30,0.715038
19.35,10.30,0.713505
19.85,10.30,0.711921
20.35,10.30,0.235758
20.85,10.30,0.236911
21.36,10.30,0.237999
21.86,10.30,0.239026
22.36,10.30,0.239997
22.86,10.30,0.240916
23.37,10.30,0.241785
23.87,10.30,0.242609
24.37,10.30,0.243390
24.87,10.30,0.244131
25.38,10.30,0.244835
25.88,10.30,0.245504
26.38,10.30,0.246140
26.88,10.30,0.246745
27.39,10.30,0.247321
27.89,10.30,0.247871
28.39,10.30,0.248394
28.89,10.30,0.248894
29.40,10.30,0.249371
29.90,10.30,0.249827
30.40,10.30,0.250263
30.90,10.30,0.250679
31.41,10.30,0.251078
31.91,10.30,0.251460
32.41,10.30,0.251826
32.91,10.30,0.252177
33.42,10.30,0.252513
33.92,10.30,0.252836
34.42,10.30,0.253146
34.92,10.30,0.253444
35.43,10.30,0.253730
35.93,10.30,0.254005
36.43,10.30,0.254270
36.93,10.30,0.254525
37.44,10.30,0.254770
37.94,10.30,0.255006
38.44,10.30,0.255234
38.94,10.30,0.255453
39.45,10.30,0.255665
39.95,10.30,0.255869
40.45,10.30,0.256066
40.95,10.30,0.256257
41.46,10.30,0.256441
41.96,10.30,0.256618
42.46,10.30,0.256790
42.96,10.30,0.256956
43.47,10.30,0.257117
43.97,10.30,0.257273
44.47,10.30,0.257423
44.97,10.30,0.257569
45.48,10.30,0.257710
45.98,10.30,0.257847
46.48,10.30,0.257980
46.98,10.30,0.258108
47.49,10.30,0.258233
47.99,10.30,0.258354
48.49,10.30,0.258471
48.99,10.30,0.258585
49.50,10.30,0.258696
50.00,10.30,0.258803
-50.00,10.80,0.000000
-49.50,10.80,0.000000
-48.99,10.80,0.000000
-48.49,10.80,0.000000
-47.99,10.80,0.000000
-47.49,10.80,0.000000
-46.98,10.80,0.000000
-46.48,10.80,0.000000
-45.98,10.80,0.000000
-45.48,10.80,0.000000
-44.97,10.80,0.000000
-44.47,10.80,0.000000
-43.97,10.80,0.000000
-43.47,10.80,0.000000
-42.96,10.80,0.000000
-42.46,10.80,0.000000
-41.96,10.80,0.000000
-41.46,10.80,0.000000
-40.95,10.80,0.000000
-40.45,10.80,0.000000
-39.95,10.80,0.000000
-39.45,10.80,0.000000
-38.94,10.80,0.000000
-38.44,10.80,0.000000
-37.94,10.80,0.000000
-37.44,10.80,0.000000
-36.93,10.80,0.000000
-36.43,10.80,0.000000
-35.93,10.80,0.000000
-35.43,10.80,0.000000
-34.92,10.80,0.000000
-34.42,10.80,0.000000
-33.92,10.80,0.000000
-33.42,10.80,0.000000
-32.91,10.80,0.000000
-32.41,10.80,0.000000
-31.91,10.80,0.000000
-31.41,10.80,0.000000
-30.90,10.80,0.000000
-30.40,10.80,0.000000
-29.90,10.80,0.000000
-29.40,10.80,0.000000
-28.89,10.80,0.000000
-28.39,10.80,0.000000
-27.89,10.80,0.000000
-27.39,10.80,0.000000
-26.88,10.80,0.000000
-26.38,10.80,0.000000
-25.88,10.80,0.000000
-25.38,10.80,0.000000
-24.87,10.80,0.000000
-24.37,10.80,0.000000
-23.87,10.80,0.000000
-23.37,10.80,0.000000
-22.86,10.80,0.000000
-22.36,10.80,0.000000
-21.86,10.80,0.000000
-21.36,10.80,0.000000
-20.85,10.80,0.000000
-20.35,10.80,0.000000
-19.85,10.80,0.000000
-19.35,10.80,0.000000
-18.84,10.80,0.000000
-18.34,10.80,0.000000
-17.84,10.80,0.000000
-17.34,10.80,0.000000
-16.83,10.80,0.000000
-16.33,10.80,0.000000
-15.83,10.80,0.000000
-15.33,10.80,0.000000
-14.82,10.80,0.000000
-14.32,10.80,0.000000
-13.82,10.80,0.000000
-13.32,10.80,0.000000
-12.81,10.80,0.000000
-12.31,10.80,0.000000
-11.81,10.80,0.000000
-11.31,10.80,0.000000
-10.80,10.80,0.000000
-10.30,10.80,0.000000
-9.80,10.80,0.000000
-9.30,10.80,0.000000
-8.79,10.80,0.000000
-8.29,10.80,0.000000
-7.79,10.80,0.000000
-7.29,10.80,0.000000
-6.78,10.80,0.000000
-6.28,10.80,0.000000
-5.78,10.80,0.000000
-5.28,10.80,0.000000
-4.77,10.80,0.000000
-4.27,10.80,0.000000
-3.77,10.80,0.000000
-3.27,10.80,0.000000
-2.76,10.80,0.000000
-2.26,10.80,0.000000
-1.76,10.80,0.000000
-1.26,10.80,0.000000
-0.75,10.80,0.000000
-0.25,10.80,0.000000
0.25,10.80,0.006143
0.75,10.80,0.018391
1.26,10.80,0.030520
1.76,10.80,0.042457
2.26,10.80,0.054133
2.76,10.80,0.065487
3.27,10.80,0.076468
3.77,10.80,0.087033
4.27,10.80,0.097150
4.77,10.80,0.106796
5.28,10.80,0.674122
5.78,10.80,0.680655
6.28,10.80,0.686570
6.78,10.80,0.691885
7.29,10.80,0.696626
7.79,10.80,0.700820
8.29,10.80,0.704496
8.79,10.80,0.707686
9.30,10.80,0.710422
9.80,10.80,0.712733
10.30,10.80,0.714653
10.80,10.80,0.716210
11.31,10.80,0.717433
11.81,10.80,0.718350
12.31,10.80,0.718987
12.81,10.80,0.719368
13.32,10.80,0.719516
13.82,10.80,0.719452
14.32,10.80,0.719195
14.82,10.80,0.718764
15.33,10.80,0.718175
15.83,10.80,0.717444
16.33,10.80,0.716585
16.83,10.80,0.715612
17.34,10.80,0.714536
17.84,10.80,0.713367
18.34,10.80,0.712117
18.84,10.80,0.710794
19.35,10.80,0.709407
19.85,10.80,0.707963
20.35,10.80,0.233391
20.85,10.80,0.234622
21.36,10.80,0.235785
21.86,10.80,0.236885
22.36,10.80,0.237925
22.86,10.80,0.238910
23.37,10.80,0.239843
23.87,10.80,0.240728
24.37,10.80,0.241567
24.87,10.80,0.242365
25.38,10.80,0.243122
25.88,10.80,0.243843
26.38,10.80,0.244529
26.88,10.80,0.245182
27.39,10.80,0.245804
27.89,10.80,0.246397
28.39,10.80,0.246963
28.89,10.80,0.247503
29.40,10.80,0.248019
29.90,10.80,0.248513
30.40,10.80,0.248984
30.90,10.80,0.249436
31.41,10.80,0.249868
31.91,10.80,0.250282
32.41,10.80,0.250679
32.91,10.80,0.251060
33.42,10.80,0.251425
33.92,10.80,0.251776
34.42,10.80,0.252113
34.92,10.80,0.252436
35.43,10.80,0.252747
35.93,10.80,0.253046
36.43,10.80,0.253334
36.93,10.80,0.253612
37.44,10.80,0.253878
37.94,10.80,0.254136
38.44,10.80,0.254384
38.94,10.80,0.254623
39.45,10.80,0.254853
39.95,10.80,0.255076
40.45,10.80,0.255291
40.95,10.80,0.255498
41.46,10.80,0.255699
41.96,10.80,0.255893
42.46,10.80,0.256080
42.96,10.80,0.256261
43.47,10.80,0.256437
43.97,10.80,0.256606
44.47,10.80,0.256771
44.97,10.80,0.256930
45.48,10.80,0.257084
45.98,10.80,0.257233
46.48,10.80,0.257378
46.98,10.80,0.257519
47.49,10.80,0.257655
47.99,10.80,0.257787
48.49,10.80,0.257915
48.99,10.80,0.258040
49.50,10.80,0.258161
50.00,10.80,0.258278
-50.00,11.31,0.000000
-49.50,11.31,0.000000
-48.99,11.31,0.000000
-48.49,11.31,0.000000
-47.99,11.31,0.000000
-47.49,11.31,0.000000
-46.98,11.31,0.000000
-46.48,11.31,0.000000
-45.98,11.31,0.000000
-45.48,11.31,0.000000
-44.97,11.31,0.000000
-44.47,11.31,0.000000
-43.97,11.31,0.000000
-43.47,11.31,0.000000
-42.96,11.31,0.000000
-42.46,11.31,0.000000
-41.96,11.31,0.000000
-41.46,11.31,0.000000
-40.95,11.31,0.000000
-40.45,11.31,0.000000
-39.95,11.31,0.000000
-39.45,11.31,0.000000
-38.94,11.31,0.000000
-38.44,11.31,0.000000
-37.94,11.31,0.000000
-37.44,11.31,0.000000
-36.93,11.31,0.000000
-36.43,11.31,0.000000
-35.93,11.31,0.000000
-35.43,11.31,0.000000
-34.92,11.31,0.000000
-34.42,11.31,0.000000
-33.92,11.31,0.000000
-33.42,11.31,0.000000
-32.91,11.31,0.000000
-32.41,11.31,0.000000
-31.91,11.31,0.000000
-31.41,11.31,0.000000
-30.90,11.31,0.000000
-30.40,11.31,0.000000
-29.90,11.31,0.000000
-29.40,11.31,0.000000
-28.89,11.31,0.000000
-28.39,11.31,0.000000
-27.89,11.31,0.000000
-27.39,11.31,0.000000
-26.88,11.31,0.000000
-26.38,11.31,0.000000
-25.88,11.31,0.000000
-25.38,11.31,0.000000
-24.87,11.31,0.000000
-24.37,11.31,0.000000
-23.87,11.31,0.000000
-23.37,11.31,0.000000
-22.86,11.31,0.000000
-22.36,11.31,0.000000
-21.86,11.31,0.000000
-21.36,11.31,0.000000
-20.85,11.31,0.000000
-20.35,11.31,0.000000
-19.85,11.31,0.000000
-19.35,11.31,0.000000
-18.84,11.31,0.000000
-18.34,11.31,0.000000
-17.84,11.31,0.000000
-17.34,11.31,0.000000
-16.83,11.31,0.000000
-16.33,11.31,0.000000
-15.83,11.31,0.000000
-15.33,11.31,0.000000
-14.82,11.31,0.000000
-14.32,11.31,0.000000
-13.82,11.31,0.000000
-13.32,11.31,0.000000
-12.81,11.31,0.000000
-12.31,11.31,0.000000
-11.81,11.31,0.000000
-11.31,11.31,0.000000
-10.80,11.31,0.000000
-10.30,11.31,0.000000
-9.80,11.31,0.000000
-9.30,11.31,0.000000
-8.79,11.31,0.000000
-8.29,11.31,0.000000
-7.79,11.31,0.000000
-7.29,11.31,0.000000
-6.78,11.31,0.000000
-6.28,11.31,0.000000
-5.78,11.31,0.000000
-5.28,11.31,0.000000
-4.77,11.31,0.000000
-4.27,11.31,0.000000
-3.77,11.31,0.000000
-3.27,11.31,0.000000
-2.76,11.31,0.000000
-2.26,11.31,0.000000
-1.76,11.31,0.000000
-1.26,11.31,0.000000
-0.75,11.31,0.000000
-0.25,11.31,0.000000
0.25,11.31,0.005871
0.75,11.31,0.017577
1.26,11.31,0.029180
1.76,11.31,0.040615
2.26,11.31,0.051822
2.76,11.31,0.062744
3.27,11.31,0.073337
3.77,11.31,0.083560
4.27,11.31,0.093382
4.77,11.31,0.102782
5.28,11.31,0.665687
5.78,11.31,0.672174
6.28,11.31,0.678086
6.78,11.31,0.683439
7.29,11.31,0.688252
7.79,11.31,0.692548
8.29,11.31,0.696352
8.79,11.31,0.699690
9.30,11.31,0.702591
9.80,11.31,0.705081
10.30,11.31,0.707189
10.80,11.31,0.708942
11.31,11.31,0.710367
11.81,11.31,0.711487
12.31,11.31,0.712329
12.81,11.31,0.712914
13.32,11.31,0.713264
13.82,11.31,0.713399
14.32,11.31,0.713338
14.82,11.31,0.713098
15.33,11.31,0.712697
15.83,11.31,0.712148
16.33,11.31,0.711466
16.83,11.31,0.710664
17.34,11.31,0.709754
17.84,11.31,0.708745
18.34,11.31,0.707650
18.84,11.31,0.706476
19.35,11.31,0.705233
19.85,11.31,0.703927
20.35,11.31,0.230987
20.85,11.31,0.232294
21.36,11.31,0.233531
21.86,11.31,0.234702
22.36,11.31,0.235810
22.86,11.31,0.236861
23.37,11.31,0.237857
23.87,11.31,0.238803
24.37,11.31,0.239701
24.87,11.31,0.240554
25.38,11.31,0.241366
25.88,11.31,0.242139
26.38,11.31,0.242874
26.88,11.31,0.243575
27.39,11.31,0.244243
27.89,11.31,0.244881
28.39,11.31,0.245489
28.89,11.31,0.246071
29.40,11.31,0.246626
29.90,11.31,0.247158
30.40,11.31,0.247666
30.90,11.31,0.248153
31.41,11.31,0.248619
31.91,11.31,0.249066
32.41,11.31,0.249495
32.91,11.31,0.249906
33.42,11.31,0.250300
33.92,11.31,0.250679
34.42,11.31,0.251043
34.92,11.31,0.251393
35.43,11.31,0.251730
35.93,11.31,0.252054
36.43,11.31,0.252365
36.93,11.31,0.252665
37.44,11.31,0.252955
37.94,11.31,0.253233
38.44,11.31,0.253502
38.94,11.31,0.253761
39.45,11.31,0.254011
39.95,11.31,0.254252
40.45,11.31,0.254486
40.95,11.31,0.254711
41.46,11.31,0.254928
41.96,11.31,0.255139
42.46,11.31,0.255342
42.96,11.31,0.255539
43.47,11.31,0.255729
43.97,11.31,0.255914
44.47,11.31,0.256092
44.97,11.31,0.256265
45.48,11.31,0.256433
45.98,11.31,0.256595
46.48,11.31,0.256753
46.98,11.31,0.256905
47.49,11.31,0.257053
47.99,11.31,0.257197
48.49,11.31,0.257337
48.99,11.31,0.257472
49.50,11.31,0.257604
50.00,11.31,0.257732
-50.00,11.81,0.000000
-49.50,11.81,0.000000
-48.99,11.81,0.000000
-48.49,11.81,0.000000
-47.99,11.81,0.000000
-47.49,11.81,0.000000
-46.98,11.81,0.000000
-46.48,11.81,0.000000
-45.98,11.81,0.000000
-45.48,11.81,0.000000
-44.97,11.81,0.000000
-44.47,11.81,0.000000
-43.97,11.81,0.000000
-43.47,11.81,0.000000
-42.96,11.81,0.000000
-42.46,11.81,0.000000
-41.96,11.81,0.000000
-41.46,11.81,0.000000
-40.95,11.81,0.000000
-40.45,11.81,0.000000
-39.95,11.81,0.000000
-39.45,11.81,0.000000
-38.94,11.81,0.000000
-38.44,11.81,0.000000
-37.94,11.81,0.000000
-37.44,11.81,0.000000
-36.93,11.81,0.000000
-36.43,11.81,0.000000
-35.93,11.81,0.000000
-35.43,11.81,0.000000
-34.92,11.81,0.000000
-34.42,11.81,0.000000
-33.92,11.81,0.000000
-33.42,11.81,0.000000
-32.91,11.81,0.000000
-32.41,11.81,0.000000
-31.91,11.81,0.000000
-31.41,11.81,0.000000
-30.90,11.81,0.000000
-30.40,11.81,0.000000
-29.90,11.81,0.000000
-29.40,11.81,0.000000
-28.89,11.81,0.000000
-28.39,11.81,0.000000
-27.89,11.81,0.000000
-27.39,11.81,0.000000
-26.88,11.81,0.000000
-26.38,11.81,0.000000
-25.88,11.81,0.000000
-25.38,11.81,0.000000
-24.87,11.81,0.000000
-24.37,11.81,0.000000
-23.87,11.81,0.000000
-23.37,11.81,0.000000
-22.86,11.81,0.000000
-22.36,11.81,0.000000
-21.86,11.81,0.000000
-21.36,11.81,0.000000
-20.85,11.81,0.000000
-20.35,11.81,0.000000
-19.85,11.81,0.000000
-19.35,11.81,0.000000
-18.84,11.81,0.000000
-18.34,11.81,0.000000
-17.84,11.81,0.000000
-17.34,11.81,0.000000
-16.83,11.81,0.000000
-16.33,11.81,0.000000
-15.83,11.81,0.000000
-15.33,11.81,0.000000
-14.82,11.81,0.000000
-14.32,11.81,0.000000
-13.82,11.81,0.000000
-13.32,11.81,0.000000
-12.81,11.81,0.000000
-12.31,11.81,0.000000
-11.81,11.81,0.000000
-11.31,11.81,0.000000
-10.80,11.81,0.000000
-10.30,11.81,0.000000
-9.80,11.81,0.000000
-9.30,11.81,0.000000
-8.79,11.81,0.000000
-8.29,11.81,0.000000
-7.79,11.81,0.000000
-7.29,11.81,0.000000
-6.78,11.81,0.000000
-6.28,11.81,0.000000
-5.78,11.81,0.000000
-5.28,11.81,0.000000
-4.77,11.81,0.000000
-4.27,11.81,0.000000
-3.77,11.81,0.000000
-3.27,11.81,0.000000
-2.76,11.81,0.000000
-2.26,11.81,0.000000
-1.76,11.81,0.000000
-1.26,11.81,0.000000
-0.75,11.81,0.000000
-0.25,11.81,0.000000
0.25,11.81,0.005621
0.75,11.81,0.016832
1.26,11.81,0.027953
1.76,11.81,0.038925
2.26,11.81,0.049696
2.76,11.81,0.060216
3.27,11.81,0.070442
3.77,11.81,0.080339
4.27,11.81,0.089877
4.77,11.81,0.099034
5.28,11.81,0.657554
5.78,11.81,0.663981
6.28,11.81,0.669875
6.78,11.81,0.675247
7.29,11.81,0.680111
7.79,11.81,0.684487
8.29,11.81,0.688396
8.79,11.81,0.691860
9.30,11.81,0.694904
9.80,11.81,0.697551
10.30,11.81,0.699828
10.80,11.81,0.701758
11.31,11.81,0.703366
11.81,11.81,0.704674
12.31,11.81,0.705705
12.81,11.81,0.706480
13.32,11.81,0.707019
13.82,11.81,0.707343
14.32,11.81,0.707468
14.82,11.81,0.707411
15.33,11.81,0.707188
15.83,11.81,0.706815
16.33,11.81,0.706304
16.83,11.81,0.705667
17.34,11.81,0.704918
17.84,11.81,0.704066
18.34,11.81,0.703122
18.84,11.81,0.702095
19.35,11.81,0.700993
19.85,11.81,0.699824
20.35,11.81,0.228551
20.85,11.81,0.229933
21.36,11.81,0.231243
21.86,11.81,0.232483
22.36,11.81,0.233659
22.86,11.81,0.234774
23.37,11.81,0.235833
23.87,11.81,0.236839
24.37,11.81,0.237795
24.87,11.81,0.238705
25.38,11.81,0.239570
25.88,11.81,0.240394
26.38,11.81,0.241180
26.88,11.81,0.241929
27.39,11.81,0.242643
27.89,11.81,0.243325
28.39,11.81,0.243977
28.89,11.81,0.244600
29.40,11.81,0.245195
29.90,11.81,0.245765
30.40,11.81,0.246310
30.90,11.81,0.246833
31.41,11.81,0.247333
31.91,11.81,0.247813
32.41,11.81,0.248274
32.91,11.81,0.248716
33.42,11.81,0.249140
33.92,11.81,0.249548
34.42,11.81,0.249940
34.92,11.81,0.250317
35.43,11.81,0.250679
35.93,11.81,0.251028
36.43,11.81,0.251364
36.93,11.81,0.251688
37.44,11.81,0.251999
37.94,11.81,0.252300
38.44,11.81,0.252590
38.94,11.81,0.252870
39.45,11.81,0.253140
39.95,11.81,0.253400
40.45,11.81,0.253652
40.95,11.81,0.253895
41.46,11.81,0.254130
41.96,11.81,0.254358
42.46,11.81,0.254578
42.96,11.81,0.254790
43.47,11.81,0.254996
43.97,11.81,0.255196
44.47,11.81,0.255389
44.97,11.81,0.255576
45.48,11.81,0.255757
45.98,11.81,0.255933
46.48,11.81,0.256103
46.98,11.81,0.256269
47.49,11.81,0.256429
47.99,11.81,0.256585
48.49,11.81,0.256736
48.99,11.81,0.256883
49.50,11.81,0.257025
50.00,11.81,0.257164
-50.00,12.31,0.000000
-49.50,12.31,0.000000
-48.99,12.31,0.000000
-48.49,12.31,0.000000
-47.99,12.31,0.000000
-47.49,12.31,0.000000
-46.98,12.31,0.000000
-46.48,12.31,0.000000
-45.98,12.31,0.000000
-45.48,12.31,0.000000
-44.97,12.31,0.000000
-44.47,12.31,0.000000
-43.97,12.31,0.000000
-43.47,12.31,0.000000
-42.96,12.31,0.000000
-42.46,12.31,0.000000
-41.96,12.31,0.000000
-41.46,12.31,0.000000
-40.95,12.31,0.000000
-40.45,12.31,0.000000
-39.95,12.31,0.000000
-39.45,12.31,0.000000
-38.94,12.31,0.000000
-38.44,12.31,0.000000
-37.94,12.31,0.000000
-37.44,12.31,0.000000
-36.93,12.31,0.000000
-36.43,12.31,0.000000
-35.93,12.31,0.000000
-35.43,12.31,0.000000
-34.92,12.31,0.000000
-34.42,12.31,0.000000
-33.92,12.31,0.000000
-33.42,12.31,0.000000
-32.91,12.31,0.000000
-32.41,12.31,0.000000
-31.91,12.31,0.000000
-31.41,12.31,0.000000
-30.90,12.31,0.000000
-30.40,12.31,0.000000
-29.90,12.31,0.000000
-29.40,12.31,0.000000
-28.89,12.31,0.000000
-28.39,12.31,0.000000
-27.89,12.31,0.000000
-27.39,12.31,0.000000
-26.88,12.31,0.000000
-26.38,12.31,0.000000
-25.88,12.31,0.000000
-25.38,12.31,0.000000
-24.87,12.31,0.000000
-24.37,12.31,0.000000
-23.87,12.31,0.000000
-23.37,12.31,0.000000
-22.86,12.31,0.000000
-22.36,12.31,0.000000
-21.86,12.31,0.000000
-21.36,12.31,0.000000
-20.85,12.31,0.000000
-20.35,12.31,0.000000
-19.85,12.31,0.000000
-19.35,12.31,0.000000
-18.84,12.31,0.000000
-18.34,12.31,0.000000
-17.84,12.31,0.000000
-17.34,12.31,0.000000
-16.83,12.31,0.000000
-16.33,12.31,0.000000
-15.83,12.31,0.000000
-15.33,12.31,0.000000
-14.82,12.31,0.000000
-14.32,12.31,0.000000
-13.82,12.31,0.000000
-13.32,12.31,0.000000
-12.81,12.31,0.000000
-12.31,12.31,0.000000
-11.81,12.31,0.000000
-11.31,12.31,0.000000
-10.80,12.31,0.000000
-10.30,12.31,0.000000
-9.80,12.31,0.000000
-9.30,12.31,0.000000
-8.79,12.31,0.000000
-8.29,12.31,0.000000
-7.79,12.31,0.000000
-7.29,12.31,0.000000
-6.78,12.31,0.000000
-6.28,12.31,0.000000
-5.78,12.31,0.000000
-5.28,12.31,0.000000
-4.77,12.31,0.000000
-4.27,12.31,0.000000
-3.77,12.31,0.000000
-3.27,12.31,0.000000
-2.76,12.31,0.000000
-2.26,12.31,0.000000
-1.76,12.31,0.000000
-1.26,12.31,0.000000
-0.75,12.31,0.000000
-0.25,12.31,0.000000
0.25,12.31,0.005392
0.75,12.31,0.016148
1.26,12.31,0.026824
1.76,12.31,0.037369
2.26,12.31,0.047735
2.76,12.31,0.057878
3.27,12.31,0.067760
3.77,12.31,0.077347
4.27,12.31,0.086610
4.77,12.31,0.095530
5.28,12.31,0.649706
5.78,12.31,0.656064
6.28,12.31,0.661926
6.78,12.31,0.667300
7.29,12.31,0.672198
7.79,12.31,0.676635
8.29,12.31,0.680629
8.79,12.31,0.684199
9.30,12.31,0.687366
9.80,12.31,0.690152
10.30,12.31,0.692579
10.80,12.31,0.694668
11.31,12.31,0.696442
11.81,12.31,0.697921
12.31,12.31,0.699127
12.81,12.31,0.700079
13.32,12.31,0.700796
13.82,12.31,0.701296
14.32,12.31,0.701597
14.82,12.31,0.701714
15.33,12.31,0.701662
15.83,12.31,0.701457
16.33,12.31,0.701110
16.83,12.31,0.700634
17.34,12.31,0.700041
17.84,12.31,0.699341
18.34,12.31,0.698544
18.84,12.31,0.697660
19.35,12.31,0.696697
19.85,12.31,0.695662
20.35,12.31,0.226089
20.85,12.31,0.227545
21.36,12.31,0.228925
21.86,12.31,0.230234
22.36,12.31,0.231476
22.86,12.31,0.232655
23.37,12.31,0.233775
23.87,12.31,0.234841
24.37,12.31,0.235854
24.87,12.31,0.236819
25.38,12.31,0.237738
25.88,12.31,0.238614
26.38,12.31,0.239449
26.88,12.31,0.240246
27.39,12.31,0.241007
27.89,12.31,0.241733
28.39,12.31,0.242428
28.89,12.31,0.243092
29.40,12.31,0.243728
29.90,12.31,0.244336
30.40,12.31,0.244919
30.90,12.31,0.245477
31.41,12.31,0.246013
31.91,12.31,0.246526
32.41,12.31,0.247019
32.91,12.31,0.247492
33.42,12.31,0.247947
33.92,12.31,0.248384
34.42,12.31,0.248804
34.92,12.31,0.249208
35.43,12.31,0.249597
35.93,12.31,0.249971
36.43,12.31,0.250332
36.93,12.31,0.250679
37.44,12.31,0.251014
37.94,12.31,0.251337
38.44,12.31,0.251649
38.94,12.31,0.251949
39.45,12.31,0.252240
39.95,12.31,0.252520
40.45,12.31,0.252791
40.95,12.31,0.253052
41.46,12.31,0.253305
41.96,12.31,0.253550
42.46,12.31,0.253787
42.96,12.31,0.254016
43.47,12.31,0.254238
43.97,12.31,0.254453
44.47,12.31,0.254661
44.97,12.31,0.254863
45.48,12.31,0.255058
45.98,12.31,0.255247
46.48,12.31,0.255431
46.98,12.31,0.255610
47.49,12.31,0.255783
47.99,12.31,0.255951
48.49,12.31,0.256114
48.99,12.31,0.256272
49.50,12.31,0.256426
50.00,12.31,0.256576
-50.00,12.81,0.000000
-49.50,12.81,0.000000
-48.99,12.81,0.000000
-48.49,12.81,0.000000
-47.99,12.81,0.000000
-47.49,12.81,0.000000
-46.98,12.81,0.000000
-46.48,12.81,0.000000
-45.98,12.81,0.000000
-45.48,12.81,0.000000
-44.97,12.81,0.000000
-44.47,12.81,0.000000
-43.97,12.81,0.000000
-43.47,12.81,0.000000
-42.96,12.81,0.000000
-42.46,12.81,0.000000
-41.96,12.81,0.000000
-41.46,12.81,0.000000
-40.95,12.81,0.000000
-40.45,12.81,0.000000
-39.95,12.81,0.000000
-39.45,12.81,0.000000
-38.94,12.81,0.000000
-38.44,12.81,0.000000
-37.94,12.81,0.000000
-37.44,12.81,0.000000
-36.93,12.81,0.000000
-36.43,12.81,0.000000
-35.93,12.81,0.000000
-35.43,12.81,0.000000
-34.92,12.81,0.000000
-34.42,12.81,0.000000
-33.92,12.81,0.000000
-33.42,12.81,0.000000
-32.91,12.81,0.000000
-32.41,12.81,0.000000
-31.91,12.81,0.000000
-31.41,12.81,0.000000
-30.90,12.81,0.000000
-30.40,12.81,0.000000
-29.90,12.81,0.000000
-29.40,12.81,0.000000
-28.89,12.81,0.000000
-28.39,12.81,0.000000
-27.89,12.81,0.000000
-27.39,12.81,0.000000
-26.88,12.81,0.000000
-26.38,12.81,0.000000
-25.88,12.81,0.000000
-25.38,12.81,0.000000
-24.87,12.81,0.000000
-24.37,12.81,0.000000
-23.87,12.81,0.000000
-23.37,12.81,0.000000
-22.86,12.81,0.000000
-22.36,12.81,0.000000
-21.86,12.81,0.000000
-21.36,12.81,0.000000
-20.85,12.81,0.000000
-20.35,12.81,0.000000
-19.85,12.81,0.000000
-19.35,12.81,0.000000
-18.84,12.81,0.000000
-18.34,12.81,0.000000
-17.84,12.81,0.000000
-17.34,12.81,0.000000
-16.83,12.81,0.000000
-16.33,12.81,0.000000
-15.83,12.81,0.000000
-15.33,12.81,0.000000
-14.82,12.81,0.000000
-14.32,12.81,0.000000
-13.82,12.81,0.000000
-13.32,12.81,0.000000
-12.81,12.81,0.000000
-12.31,12.81,0.000000
-11.81,12.81,0.000000
-11.31,12.81,0.000000
-10.80,12.81,0.000000
-10.30,12.81,0.000000
-9.80,12.81,0.000000
-9.30,12.81,0.000000
-8.79,12.81,0.000000
-8.29,12.81,0.000000
-7.79,12.81,0.000000
-7.29,12.81,0.000000
-6.78,12.81,0.000000
-6.28,12.81,0.000000
-5.78,12.81,0.000000
-5.28,12.81,0.000000
-4.77,12.81,0.000000
-4.27,12.81,0.000000
-3.77,12.81,0.000000
-3.27,12.81,0.000000
-2.76,12.81,0.000000
-2.26,12.81,0.000000
-1.76,12.81,0.000000
-1.26,12.81,0.000000
-0.75,12.81,0.000000
-0.25,12.81,0.000000
0.25,12.81,0.005180
0.75,12.81,0.015517
1.26,12.81,0.025782
1.76,12.81,0.035931
2.26,12.81,0.045921
2.76,12.81,0.055712
3.27,12.81,0.065268
3.77,12.81,0.074559
4.27,12.81,0.083560
4.77,12.81,0.092248
5.28,12.81,0.642126
5.78,12.81,0.648408
6.28,12.81,0.654227
6.78,12.81,0.659591
7.29,12.81,0.664507
7.79,12.81,0.668989
8.29,12.81,0.673050
8.79,12.81,0.676709
9.30,12.81,0.679982
9.80,12.81,0.682888
10.30,12.81,0.685447
10.80,12.81,0.687679
11.31,12.81,0.689604
11.81,12.81,0.691240
12.31,12.81,0.692607
12.81,12.81,0.693722
13.32,12.81,0.694605
13.82,12.81,0.695272
14.32,12.81,0.695738
14.82,12.81,0.696019
15.33,12.81,0.696130
15.83,12.81,0.696085
16.33,12.81,0.695895
16.83,12.81,0.695574
17.34,12.81,0.695132
17.84,12.81,0.694579
18.34,12.81,0.693926
18.84,12.81,0.693181
19.35,12.81,0.692353
19.85,12.81,0.691450
20.35,12.81,0.223608
20.85,12.81,0.225135
21.36,12.81,0.226583
21.86,12.81,0.227959
22.36,12.81,0.229265
22.86,12.81,0.230507
23.37,12.81,0.231688
23.87,12.81,0.232812
24.37,12.81,0.233882
24.87,12.81,0.234902
25.38,12.81,0.235874
25.88,12.81,0.236801
26.38,12.81,0.237685
26.88,12.81,0.238530
27.39,12.81,0.239337
27.89,12.81,0.240108
28.39,12.81,0.240846
28.89,12.81,0.241551
29.40,12.81,0.242227
29.90,12.81,0.242874
30.40,12.81,0.243494
30.90,12.81,0.244089
31.41,12.81,0.244659
31.91,12.81,0.245206
32.41,12.81,0.245732
32.91,12.81,0.246237
33.42,12.81,0.246722
33.92,12.81,0.247188
34.42,12.81,0.247637
34.92,12.81,0.248069
35.43,12.81,0.248484
35.93,12.81,0.248884
36.43,12.81,0.249270
36.93,12.81,0.249642
37.44,12.81,0.250000
37.94,12.81,0.250346
38.44,12.81,0.250679
38.94,12.81,0.251001
39.45,12.81,0.251312
39.95,12.81,0.251613
40.45,12.81,0.251903
40.95,12.81,0.252183
41.46,12.81,0.252455
41.96,12.81,0.252717
42.46,12.81,0.252971
42.96,12.81,0.253217
43.47,12.81,0.253455
43.97,12.81,0.253686
44.47,12.81,0.253909
44.97,12.81,0.254126
45.48,12.81,0.254336
45.98,12.81,0.254539
46.48,12.81,0.254737
46.98,12.81,0.254928
47.49,12.81,0.255114
47.99,12.81,0.255295
48.49,12.81,0.255470
48.99,12.81,0.255641
49.50,12.81,0.255806
50.00,12.81,0.255967
-50.00,13.32,0.000000
-49.50,13.32,0.000000
-48.99,13.32,0.000000
-48.49,13.32,0.000000
-47.99,13.32,0.000000
-47.49,13.32,0.000000
-46.98,13.32,0.000000
-46.48,13.32,0.000000
-45.98,13.32,0.000000
-45.48,13.32,0.000000
-44.97,13.32,0.000000
-44.47,13.32,0.000000
-43.97,13.32,0.000000
-43.47,13.32,0.000000
-42.96,13.32,0.000000
-42.46,13.32,0.000000
-41.96,13.32,0.000000
-41.46,13.32,0.000000
-40.95,13.32,0.000000
-40.45,13.32,0.000000
-39.95,13.32,0.000000
-39.45,13.32,0.000000
-38.94,13.32,0.000000
-38.44,13.32,0.000000
-37.94,13.32,0.000000
-37.44,13.32,0.000000
-36.93,13.32,0.000000
-36.43,13.32,0.000000
-35.93,13.32,0.000000
-35.43,13.32,0.000000
-34.92,13.32,0.000000
-34.42,13.32,0.000000
-33.92,13.32,0.000000
-33.42,13.32,0.000000
-32.91,13.32,0.000000
-32.41,13.32,0.000000
-31.91,13.32,0.000000
-31.41,13.32,0.000000
-30.90,13.32,0.000000
-30.40,13.32,0.000000
-29.90,13.32,0.000000
-29.40,13.32,0.000000
-28.89,13.32,0.000000
-28.39,13.32,0.000000
-27.89,13.32,0.000000
-27.39,13.32,0.000000
-26.88,13.32,0.000000
-26.38,13.32,0.000000
-25.88,13.32,0.000000
-25.38,13.32,0.000000
-24.87,13.32,0.000000
-24.37,13.32,0.000000
-23.87,13.32,0.000000
-23.37,13.32,0.000000
-22.86,13.32,0.000000
-22.36,13.32,0.000000
-21.86,13.32,0.000000
-21.36,13.32,0.000000
-20.85,13.32,0.000000
-20.35,13.32,0.000000
-19.85,13.32,0.000000
-19.35,13.32,0.000000
-18.84,13.32,0.000000
-18.34,13.32,0.000000
-17.84,13.32,0.000000
-17.34,13.32,0.000000
-16.83,13.32,0.000000
-16.33,13.32,0.000000
-15.83,13.32,0.000000
-15.33,13.32,0.000000
-14.82,13.32,0.000000
-14.32,13.32,0.000000
-13.82,13.32,0.000000
-13.32,13.32,0.000000
-12.81,13.32,0.000000
-12.31,13.32,0.000000
-11.81,13.32,0.000000
-11.31,13.32,0.000000
-10.80,13.32,0.000000
-10.30,13.32,0.000000
-9.80,13.32,0.000000
-9.30,13.32,0.000000
-8.79,13.32,0.000000
-8.29,13.32,0.000000
-7.79,13.32,0.000000
-7.29,13.32,0.000000
-6.78,13.32,0.000000
-6.28,13.32,0.000000
-5.78,13.32,0.000000
-5.28,13.32,0.000000
-4.77,13.32,0.000000
-4.27,13.32,0.000000
-3.77,13.32,0.000000
-3.27,13.32,0.000000
-2.76,13.32,0.000000
-2.26,13.32,0.000000
-1.76,13.32,0.000000
-1.26,13.32,0.000000
-0.75,13.32,0.000000
-0.25,13.32,0.000000
0.25,13.32,0.004985
0.75,13.32,0.014933
1.26,13.32,0.024818
1.76,13.32,0.034599
2.26,13.32,0.044238
2.76,13.32,0.053698
3.27,13.32,0.062947
3.77,13.32,0.071958
4.27,13.32,0.080706
4.77,13.32,0.089170
5.28,13.32,0.634799
5.78,13.32,0.640999
6.28,13.32,0.646768
6.78,13.32,0.652110
7.29,13.32,0.657032
7.79,13.32,0.661545
8.29,13.32,0.665659
8.79,13.32,0.669390
9.30,13.32,0.672753
9.80,13.32,0.675764
10.30,13.32,0.678440
10.80,13.32,0.680799
11.31,13.32,0.682860
11.81,13.32,0.684638
12.31,13.32,0.686153
12.81,13.32,0.687420
13.32,13.32,0.688457
13.82,13.32,0.689278
14.32,13.32,0.689900
14.82,13.32,0.690337
15.33,13.32,0.690603
15.83,13.32,0.690710
16.33,13.32,0.690671
16.83,13.32,0.690498
17.34,13.32,0.690201
17.84,13.32,0.689791
18.34,13.32,0.689276
18.84,13.32,0.688667
19.35,13.32,0.687972
19.85,13.32,0.687197
20.35,13.32,0.221112
20.85,13.32,0.222707
21.36,13.32,0.224222
21.86,13.32,0.225663
22.36,13.32,0.227032
22.86,13.32,0.228335
23.37,13.32,0.229576
23.87,13.32,0.230757
24.37,13.32,0.231883
24.87,13.32,0.232956
25.38,13.32,0.233981
25.88,13.32,0.234958
26.38,13.32,0.235892
26.88,13.32,0.236784
27.39,13.32,0.237636
27.89,13.32,0.238452
28.39,13.32,0.239232
28.89,13.32,0.239979
29.40,13.32,0.240695
29.90,13.32,0.241381
30.40,13.32,0.242039
30.90,13.32,0.242670
31.41,13.32,0.243275
31.91,13.32,0.243856
32.41,13.32,0.244415
32.91,13.32,0.244951
33.42,13.32,0.245467
33.92,13.32,0.245963
34.42,13.32,0.246441
34.92,13.32,0.246900
35.43,13.32,0.247343
35.93,13.32,0.247769
36.43,13.32,0.248180
36.93,13.32,0.248576
37.44,13.32,0.248958
37.94,13.32,0.249327
38.44,13.32,0.249683
38.94,13.32,0.250027
39.45,13.32,0.250358
39.95,13.32,0.250679
40.45,13.32,0.250989
40.95,13.32,0.251289
41.46,13.32,0.251579
41.96,13.32,0.251860
42.46,13.32,0.252131
42.96,13.32,0.252394
43.47,13.32,0.252649
43.97,13.32,0.252895
44.47,13.32,0.253135
44.97,13.32,0.253366
45.48,13.32,0.253591
45.98,13.32,0.253809
46.48,13.32,0.254020
46.98,13.32,0.254226
47.49,13.32,0.254425
47.99,13.32,0.254618
48.49,13.32,0.254806
48.99,13.32,0.254989
49.50,13.32,0.255166
50.00,13.32,0.255338
-50.00,13.82,0.000000
-49.50,13.82,0.000000
-48.99,13.82,0.000000
-48.49,13.82,0.000000
-47.99,13.82,0.000000
-47.49,13.82,0.000000
-46.98,13.82,0.000000
-46.48,13.82,0.000000
-45.98,13.82,0.000000
-45.48,13.82,0.000000
-44.97,13.82,0.000000
-44.47,13.82,0.000000
-43.97,13.82,0.000000
-43.47,13.82,0.000000
-42.96,13.82,0.000000
-42.46,13.82,0.000000
-41.96,13.82,0.000000
-41.46,13.82,0.000000
-40.95,13.82,0.000000
-40.45,13.82,0.000000
-39.95,13.82,0.000000
-39.45,13.82,0.000000
-38.94,13.82,0.000000
-38.44,13.82,0.000000
-37.94,13.82,0.000000
-37.44,13.82,0.000000
-36.93,13.82,0.000000
-36.43,13.82,0.000000
-35.93,13.82,0.000000
-35.43,13.82,0.000000
-34.92,13.82,0.000000
-34.42,13.82,0.000000
-33.92,13.82,0.000000
-33.42,13.82,0.000000
-32.91,13.82,0.000000
-32.41,13.82,0.000000
-31.91,13.82,0.000000
-31.41,13.82,0.000000
-30.90,13.82,0.000000
-30.40,13.82,0.000000
-29.90,13.82,0.000000
-29.40,13.82,0.000000
-28.89,13.82,0.000000
-28.39,13.82,0.000000
-27.89,13.82,0.000000
-27.39,13.82,0.000000
-26.88,13.82,0.000000
-26.38,13.82,0.000000
-25.88,13.82,0.000000
-25.38,13.82,0.000000
-24.87,13.82,0.000000
-24.37,13.82,0.000000
-23.87,13.82,0.000000
-23.37,13.82,0.000000
-22.86,13.82,0.000000
-22.36,13.82,0.000000
-21.86,13.82,0.000000
-21.36,13.82,0.000000
-20.85,13.82,0.000000
-20.35,13.82,0.000000
-19.85,13.82,0.000000
-19.35,13.82,0.000000
-18.84,13.82,0.000000
-18.34,13.82,0.000000
-17.84,13.82,0.000000
-17.34,13.82,0.000000
-16.83,13.82,0.000000
-16.33,13.82,0.000000
-15.83,13.82,0.000000
-15.33,13.82,0.000000
-14.82,13.82,0.000000
-14.32,13.82,0.000000
-13.82,13.82,0.000000
-13.32,13.82,0.000000
-12.81,13.82,0.000000
-12.31,13.82,0.000000
-11.81,13.82,0.000000
-11.31,13.82,0.000000
-10.80,13.82,0.000000
-10.30,13.82,0.000000
-9.80,13.82,0.000000
-9.30,13.82,0.000000
-8.79,13.82,0.000000
-8.29,13.82,0.000000
-7.79,13.82,0.000000
-7.29,13.82,0.000000
-6.78,13.82,0.000000
-6.28,13.82,0.000000
-5.78,13.82,0.000000
-5.28,13.82,0.000000
-4.77,13.82,0.000000
-4.27,13.82,0.000000
-3.77,13.82,0.000000
-3.27,13.82,0.000000
-2.76,13.82,0.000000
-2.26,13.82,0.000000
-1.76,13.82,0.000000
-1.26,13.82,0.000000
-0.75,13.82,0.000000
-0.25,13.82,0.000000
0.25,13.82,0.004804
0.75,13.82,0.014392
1.26,13.82,0.023923
1.76,13.82,0.033361
2.26,13.82,0.042672
2.76,13.82,0.051822
3.27,13.82,0.060782
3.77,13.82,0.069526
4.27,13.82,0.078031
4.77,13.82,0.086279
5.28,13.82,0.627712
5.78,13.82,0.633826
6.28,13.82,0.639538
6.78,13.82,0.644850
7.29,13.82,0.649767
7.79,13.82,0.654298
8.29,13.82,0.658452
8.79,13.82,0.662242
9.30,13.82,0.665680
9.80,13.82,0.668781
10.30,13.82,0.671560
10.80,13.82,0.674033
11.31,13.82,0.676215
11.81,13.82,0.678123
12.31,13.82,0.679773
12.81,13.82,0.681180
13.32,13.82,0.682359
13.82,13.82,0.683326
14.32,13.82,0.684094
14.82,13.82,0.684678
15.33,13.82,0.685089
15.83,13.82,0.685342
16.33,13.82,0.685446
16.83,13.82,0.685415
17.34,13.82,0.685258
17.84,13.82,0.684984
18.34,13.82,0.684605
18.84,13.82,0.684127
19.35,13.82,0.683560
19.85,13.82,0.682910
20.35,13.82,0.218607
20.85,13.82,0.220268
21.36,13.82,0.221847
21.86,13.82,0.223350
22.36,13.82,0.224781
22.86,13.82,0.226143
23.37,13.82,0.227442
23.87,13.82,0.228679
24.37,13.82,0.229860
24.87,13.82,0.230987
25.38,13.82,0.232062
25.88,13.82,0.233089
26.38,13.82,0.234071
26.88,13.82,0.235010
27.39,13.82,0.235908
27.89,13.82,0.236768
28.39,13.82,0.237591
28.89,13.82,0.238379
29.40,13.82,0.239135
29.90,13.82,0.239859
30.40,13.82,0.240554
30.90,13.82,0.241222
31.41,13.82,0.241862
31.91,13.82,0.242477
32.41,13.82,0.243069
32.91,13.82,0.243637
33.42,13.82,0.244184
33.92,13.82,0.244710
34.42,13.82,0.245216
34.92,13.82,0.245704
35.43,13.82,0.246174
35.93,13.82,0.246626
36.43,13.82,0.247063
36.93,13.82,0.247484
37.44,13.82,0.247890
37.94,13.82,0.248282
38.44,13.82,0.248661
38.94,13.82,0.249026
39.45,13.82,0.249380
39.95,13.82,0.249721
40.45,13.82,0.250051
40.95,13.82,0.250370
41.46,13.82,0.250679
41.96,13.82,0.250978
42.46,13.82,0.251268
42.96,13.82,0.251548
43.47,13.82,0.251819
43.97,13.82,0.252082
44.47,13.82,0.252337
44.97,13.82,0.252585
45.48,13.82,0.252824
45.98,13.82,0.253057
46.48,13.82,0.253283
46.98,13.82,0.253502
47.49,13.82,0.253715
47.99,13.82,0.253921
48.49,13.82,0.254122
48.99,13.82,0.254317
49.50,13.82,0.254506
50.00,13.82,0.254691
-50.00,14.32,0.000000
-49.50,14.32,0.000000
-48.99,14.32,0.000000
-48.49,14.32,0.000000
-47.99,14.32,0.000000
-47.49,14.32,0.000000
-46.98,14.32,0.000000
-46.48,14.32,0.000000
-45.98,14.32,0.000000
-45.48,14.32,0.000000
-44.97,14.32,0.000000
-44.47,14.32,0.000000
-43.97,14.32,0.000000
-43.47,14.32,0.000000
-42.96,14.32,0.000000
-42.46,14.32,0.000000
-41.96,14.32,0.000000
-41.46,14.32,0.000000
-40.95,14.32,0.000000
-40.45,14.32,0.000000
-39.95,14.32,0.000000
-39.45,14.32,0.000000
-38.94,14.32,0.000000
-38.44,14.32,0.000000
-37.94,14.32,0.000000
-37.44,14.32,0.000000
-36.93,14.32,0.000000
-36.43,14.32,0.000000
-35.93,14.32,0.000000
-35.43,14.32,0.000000
-34.92,14.32,0.000000
-34.42,14.32,0.000000
-33.92,14.32,0.000000
-33.42,14.32,0.000000
-32.91,14.32,0.000000
-32.41,14.32,0.000000
-31.91,14.32,0.000000
-31.41,14.32,0.000000
-30.90,14.32,0.000000
-30.40,14.32,0.000000
-29.90,14.32,0.000000
-29.40,14.32,0.000000
-28.89,14.32,0.000000
-28.39,14.32,0.000000
-27.89,14.32,0.000000
-27.39,14.32,0.000000
-26.88,14.32,0.000000
-26.38,14.32,0.000000
-25.88,14.32,0.000000
-25.38,14.32,0.000000
-24.87,14.32,0.000000
-24.37,14.32,0.000000
-23.87,14.32,0.000000
-23.37,14.32,0.000000
-22.86,14.32,0.000000
-22.36,14.32,0.000000
-21.86,14.32,0.000000
-21.36,14.32,0.000000
-20.85,14.32,0.000000
-20.35,14.32,0.000000
-19.85,14.32,0.000000
-19.35,14.32,0.000000
-18.84,14.32,0.000000
-18.34,14.32,0.000000
-17.84,14.32,0.000000
-17.34,14.32,0.000000
-16.83,14.32,0.000000
-16.33,14.32,0.000000
-15.83,14.32,0.000000
-15.33,14.32,0.000000
-14.82,14.32,0.000000
-14.32,14.32,0.000000
-13.82,14.32,0.000000
-13.32,14.32,0.000000
-12.81,14.32,0.000000
-12.31,14.32,0.000000
-11.81,14.32,0.000000
-11.31,14.32,0.000000
-10.80,14.32,0.000000
-10.30,14.32,0.000000
-9.80,14.32,0.000000
-9.30,14.32,0.000000
-8.79,14.32,0.000000
-8.29,14.32,0.000000
-7.79,14.32,0.000000
-7.29,14.32,0.000000
-6.78,14.32,0.000000
-6.28,14.32,0.000000
-5.78,14.32,0.000000
-5.28,14.32,0.000000
-4.77,14.32,0.000000
-4.27,14.32,0.000000
-3.77,14.32,0.000000
-3.27,14.32,0.000000
-2.76,14.32,0.000000
-2.26,14.32,0.000000
-1.76,14.32,0.000000
-1.26,14.32,0.000000
-0.75,14.32,0.000000
-0.25,14.32,0.000000
0.25,14.32,0.004635
0.75,14.32,0.013888
1.26,14.32,0.023090
1.76,14.32,0.032208
2.26,14.32,0.041211
2.76,14.32,0.050070
3.27,14.32,0.058756
3.77,14.32,0.067247
4.27,14.32,0.075521
4.77,14.32,0.083560
5.28,14.32,0.620851
5.78,14.32,0.626876
6.28,14.32,0.632525
6.78,14.32,0.637800
7.29,14.32,0.642704
7.79,14.32,0.647243
8.29,14.32,0.651426
8.79,14.32,0.655262
9.30,14.32,0.658763
9.80,14.32,0.661941
10.30,14.32,0.664810
10.80,14.32,0.667383
11.31,14.32,0.669675
11.81,14.32,0.671701
12.31,14.32,0.673474
12.81,14.32,0.675009
13.32,14.32,0.676321
13.82,14.32,0.677422
14.32,14.32,0.678327
14.82,14.32,0.679048
15.33,14.32,0.679598
15.83,14.32,0.679988
16.33,14.32,0.680229
16.83,14.32,0.680333
17.34,14.32,0.680310
17.84,14.32,0.680168
18.34,14.32,0.679918
18.84,14.32,0.679568
19.35,14.32,0.679125
19.85,14.32,0.678597
20.35,14.32,0.216096
20.85,14.32,0.217821
21.36,14.32,0.219462
21.86,14.32,0.221026
22.36,14.32,0.222516
22.86,14.32,0.223936
23.37,14.32,0.225291
23.87,14.32,0.226583
24.37,14.32,0.227817
24.87,14.32,0.228996
25.38,14.32,0.230122
25.88,14.32,0.231198
26.38,14.32,0.232227
26.88,14.32,0.233212
27.39,14.32,0.234155
27.89,14.32,0.235058
28.39,14.32,0.235924
28.89,14.32,0.236753
29.40,14.32,0.237548
29.90,14.32,0.238311
30.40,14.32,0.239044
30.90,14.32,0.239747
31.41,14.32,0.240423
31.91,14.32,0.241072
32.41,14.32,0.241696
32.91,14.32,0.242296
33.42,14.32,0.242874
33.92,14.32,0.243430
34.42,14.32,0.243966
34.92,14.32,0.244482
35.43,14.32,0.244979
35.93,14.32,0.245458
36.43,14.32,0.245920
36.93,14.32,0.246366
37.44,14.32,0.246797
37.94,14.32,0.247212
38.44,14.32,0.247614
38.94,14.32,0.248002
39.45,14.32,0.248376
39.95,14.32,0.248739
40.45,14.32,0.249089
40.95,14.32,0.249428
41.46,14.32,0.249756
41.96,14.32,0.250074
42.46,14.32,0.250381
42.96,14.32,0.250679
43.47,14.32,0.250968
43.97,14.32,0.251248
44.47,14.32,0.251519
44.97,14.32,0.251782
45.48,14.32,0.252037
45.98,14.32,0.252284
46.48,14.32,0.252525
46.98,14.32,0.252758
47.49,14.32,0.252984
47.99,14.32,0.253204
48.49,14.32,0.253418
48.99,14.32,0.253626
49.50,14.32,0.253828
50.00,14.32,0.254024
-50.00,14.82,0.000000
-49.50,14.82,0.000000
-48.99,14.82,0.000000
-48.49,14.82,0.000000
-47.99,14.82,0.000000
-47.49,14.82,0.000000
-46.98,14.82,0.000000
-46.48,14.82,0.000000
-45.98,14.82,0.000000
-45.48,14.82,0.000000
-44.97,14.82,0.000000
-44.47,14.82,0.000000
-43.97,14.82,0.000000
-43.47,14.82,0.000000
-42.96,14.82,0.000000
-42.46,14.82,0.000000
-41.96,14.82,0.000000
-41.46,14.82,0.000000
-40.95,14.82,0.000000
-40.45,14.82,0.000000
-39.95,14.82,0.000000
-39.45,14.82,0.000000
-38.94,14.82,0.000000
-38.44,14.82,0.000000
-37.94,14.82,0.000000
-37.44,14.82,0.000000
-36.93,14.82,0.000000
-36.43,14.82,0.000000
-35.93,14.82,0.000000
-35.43,14.82,0.000000
-34.92,14.82,0.000000
-34.42,14.82,0.000000
-33.92,14.82,0.000000
-33.42,14.82,0.000000
-32.91,14.82,0.000000
-32.41,14.82,0.000000
-31.91,14.82,0.000000
-31.41,14.82,0.000000
-30.90,14.82,0.000000
-30.40,14.82,0.000000
-29.90,14.82,0.000000
-29.40,14.82,0.000000
-28.89,14.82,0.000000
-28.39,14.82,0.000000
-27.89,14.82,0.000000
-27.39,14.82,0.000000
-26.88,14.82,0.000000
-26.38,14.82,0.000000
-25.88,14.82,0.000000
-25.38,14.82,0.000000
-24.87,14.82,0.000000
-24.37,14.82,0.000000
-23.87,14.82,0.000000
-23.37,14.82,0.000000
-22.86,14.82,0.000000
-22.36,14.82,0.000000
-21.86,14.82,0.000000
-21.36,14.82,0.000000
-20.85,14.82,0.000000
-20.35,14.82,0.000000
-19.85,14.82,0.000000
-19.35,14.82,0.000000
-18.84,14.82,0.000000
-18.34,14.82,0.000000
-17.84,14.82,0.000000
-17.34,14.82,0.000000
-16.83,14.82,0.000000
-16.33,14.82,0.000000
-15.83,14.82,0.000000
-15.33,14.82,0.000000
-14.82,14.82,0.000000
-14.32,14.82,0.000000
-13.82,14.82,0.000000
-13.32,14.82,0.000000
-12.81,14.82,0.000000
-12.31,14.82,0.000000
-11.81,14.82,0.000000
-11.31,14.82,0.000000
-10.80,14.82,0.000000
-10.30,14.82,0.000000
-9.80,14.82,0.000000
-9.30,14.82,0.000000
-8.79,14.82,0.000000
-8.29,14.82,0.000000
-7.79,14.82,0.000000
-7.29,14.82,0.000000
-6.78,14.82,0.000000
-6.28,14.82,0.000000
-5.78,14.82,0.000000
-5.28,14.82,0.000000
-4.77,14.82,0.000000
-4.27,14.82,0.000000
-3.77,14.82,0.000000
-3.27,14.82,0.000000
-2.76,14.82,0.000000
-2.26,14.82,0.000000
-1.76,14.82,0.000000
-1.26,14.82,0.000000
-0.75,14.82,0.000000
-0.25,14.82,0.000000
0.25,14.82,0.004478
0.75,14.82,0.013419
1.26,14.82,0.022313
1.76,14.82,0.031132
2.26,14.82,0.039847
2.76,14.82,0.048430
3.27,14.82,0.056858
3.77,14.82,0.065108
4.27,14.82,0.073160
4.77,14.82,0.080998
5.28,14.82,0.614204
5.78,14.82,0.620139
6.28,14.82,0.625722
6.78,14.82,0.630954
7.29,14.82,0.635837
7.79,14.82,0.640375
8.29,14.82,0.644577
8.79,14.82,0.648449
9.30,14.82,0.652001
9.80,14.82,0.655245
10.30,14.82,0.658192
10.80,14.82,0.660854
11.31,14.82,0.663244
11.81,14.82,0.665375
12.31,14.82,0.667260
12.81,14.82,0.668913
13.32,14.82,0.670347
13.82,14.82,0.671574
14.32,14.82,0.672606
14.82,14.82,0.673456
15.33,14.82,0.674136
15.83,14.82,0.674656
16.33,14.82,0.675028
16.83,14.82,0.675261
17.34,14.82,0.675365
17.84,14.82,0.675350
18.34,14.82,0.675225
18.84,14.82,0.674997
19.35,14.82,0.674675
19.85,14.82,0.674265
20.35,14.82,0.213586
20.85,14.82,0.215370
21.36,14.82,0.217071
21.86,14.82,0.218693
22.36,14.82,0.220240
22.86,14.82,0.221716
23.37,14.82,0.223126
23.87,14.82,0.224472
24.37,14.82,0.225758
24.87,14.82,0.226987
25.38,14.82,0.228162
25.88,14.82,0.229287
26.38,14.82,0.230363
26.88,14.82,0.231393
27.39,14.82,0.232381
27.89,14.82,0.233327
28.39,14.82,0.234233
28.89,14.82,0.235103
29.40,14.82,0.235938
29.90,14.82,0.236739
30.40,14.82,0.237509
30.90,14.82,0.238248
31.41,14.82,0.238958
31.91,14.82,0.239642
32.41,14.82,0.240299
32.91,14.82,0.240931
33.42,14.82,0.241540
33.92,14.82,0.242126
34.42,14.82,0.242690
34.92,14.82,0.243235
35.43,14.82,0.243759
35.93,14.82,0.244265
36.43,14.82,0.244753
36.93,14.82,0.245225
37.44,14.82,0.245680
37.94,14.82,0.246119
38.44,14.82,0.246543
38.94,14.82,0.246953
39.45,14.82,0.247350
39.95,14.82,0.247733
40.45,14.82,0.248104
40.95,14.82,0.248463
41.46,14.82,0.248811
41.96,14.82,0.249147
42.46,14.82,0.249473
42.96,14.82,0.249789
43.47,14.82,0.250095
43.97,14.82,0.250392
44.47,14.82,0.250679
44.97,14.82,0.250958
45.48,14.82,0.251229
45.98,14.82,0.251492
46.48,14.82,0.251747
46.98,14.82,0.251994
47.49,14.82,0.252235
47.99,14.82,0.252468
48.49,14.82,0.252695
48.99,14.82,0.252916
49.50,14.82,0.253131
50.00,14.82,0.253339
-50.00,15.33,0.000000
-49.50,15.33,0.000000
-48.99,15.33,0.000000
-48.49,15.33,0.000000
-47.99,15.33,0.000000
-47.49,15.33,0.000000
-46.98,15.33,0.000000
-46.48,15.33,0.000000
-45.98,15.33,0.000000
-45.48,15.33,0.000000
-44.97,15.33,0.000000
-44.47,15.33,0.000000
-43.97,15.33,0.000000
-43.47,15.33,0.000000
-42.96,15.33,0.000000
-42.46,15.33,0.000000
-41.96,15.33,0.000000
-41.46,15.33,0.000000
-40.95,15.33,0.000000
-40.45,15.33,0.000000
-39.95,15.33,0.000000
-39.45,15.33,0.000000
-38.94,15.33,0.000000
-38.44,15.33,0.000000
-37.94,15.33,0.000000
-37.44,15.33,0.000000
-36.93,15.33,0.000000
-36.43,15.33,0.000000
-35.93,15.33,0.000000
-35.43,15.33,0.000000
-34.92,15.33,0.000000
-34.42,15.33,0.000000
-33.92,15.33,0.000000
-33.42,15.33,0.000000
-32.91,15.33,0.000000
-32.41,15.33,0.000000
-31.91,15.33,0.000000
-31.41,15.33,0.000000
-30.90,15.33,0.000000
-30.40,15.33,0.000000
-29.90,15.33,0.000000
-29.40,15.33,0.000000
-28.89,15.33,0.000000
-28.39,15.33,0.000000
-27.89,15.33,0.000000
-27.39,15.33,0.000000
-26.88,15.33,0.000000
-26.38,15.33,0.000000
-25.88,15.33,0.000000
-25.38,15.33,0.000000
-24.87,15.33,0.000000
-24.37,15.33,0.000000
-23.87,15.33,0.000000
-23.37,15.33,0.000000
-22.86,15.33,0.000000
-22.36,15.33,0.000000
-21.86,15.33,0.000000
-21.36,15.33,0.000000
-20.85,15.33,0.000000
-20.35,15.33,0.000000
-19.85,15.33,0.000000
-19.35,15.33,0.000000
-18.84,15.33,0.000000
-18.34,15.33,0.000000
-17.84,15.33,0.000000
-17.34,15.33,0.000000
-16.83,15.33,0.000000
-16.33,15.33,0.000000
-15.83,15.33,0.000000
-15.33,15.33,0.000000
-14.82,15.33,0.000000
-14.32,15.33,0.000000
-13.82,15.33,0.000000
-13.32,15.33,0.000000
-12.81,15.33,0.000000
-12.31,15.33,0.000000
-11.81,15.33,0.000000
-11.31,15.33,0.000000
-10.80,15.33,0.000000
-10.30,15.33,0.000000
-9.80,15.33,0.000000
-9.30,15.33,0.000000
-8.79,15.33,0.000000
-8.29,15.33,0.000000
-7.79,15.33,0.000000
-7.29,15.33,0.000000
-6.78,15.33,0.000000
-6.28,15.33,0.000000
-5.78,15.33,0.000000
-5.28,15.33,0.000000
-4.77,15.33,0.000000
-4.27,15.33,0.000000
-3.77,15.33,0.000000
-3.27,15.33,0.000000
-2.76,15.33,0.000000
-2.26,15.33,0.000000
-1.76,15.33,0.000000
-1.26,15.33,0.000000
-0.75,15.33,0.000000
-0.25,15.33,0.000000
0.25,15.33,0.004331
0.75,15.33,0.012980
1.26,15.33,0.021587
1.76,15.33,0.030125
2.26,15.33,0.038569
2.76,15.33,0.046893
3.27,15.33,0.055076
3.77,15.33,0.063097
4.27,15.33,0.070937
4.77,15.33,0.078580
5.28,15.33,0.086013
5.78,15.33,0.093225
6.28,15.33,0.100206
6.78,15.33,0.106950
7.29,15.33,0.113453
7.79,15.33,0.119713
8.29,15.33,0.125730
8.79,15.33,0.131504
9.30,15.33,0.137038
9.80,15.33,0.142335
10.30,15.33,0.147402
10.80,15.33,0.152243
11.31,15.33,0.156865
11.81,15.33,0.161275
12.31,15.33,0.165480
12.81,15.33,0.169488
13.32,15.33,0.173307
13.82,15.33,0.176944
14.32,15.33,0.180408
14.82,15.33,0.183706
15.33,15.33,0.186845
15.83,15.33,0.189834
16.33,15.33,0.192680
16.83,15.33,0.195389
17.34,15.33,0.197969
17.84,15.33,0.200426
18.34,15.33,0.202766
18.84,15.33,0.204996
19.35,15.33,0.207121
19.85,15.33,0.209147
20.35,15.33,0.211078
20.85,15.33,0.212921
21.36,15.33,0.214678
21.86,15.33,0.216356
22.36,15.33,0.217958
22.86,15.33,0.219488
23.37,15.33,0.220951
23.87,15.33,0.222348
24.37,15.33,0.223685
24.87,15.33,0.224963
25.38,15.33,0.226187
25.88,15.33,0.227359
26.38,15.33,0.228481
26.88,15.33,0.229556
27.39,15.33,0.230586
27.89,15.33,0.231575
28.39,15.33,0.232523
28.89,15.33,0.233433
29.40,15.33,0.234306
29.90,15.33,0.235145
30.40,15.33,0.235951
30.90,15.33,0.236726
31.41,15.33,0.237472
31.91,15.33,0.238188
32.41,15.33,0.238878
32.91,15.33,0.239542
33.42,15.33,0.240182
33.92,15.33,0.240798
34.42,15.33,0.241392
34.92,15.33,0.241965
35.43,15.33,0.242517
35.93,15.33,0.243050
36.43,15.33,0.243564
36.93,15.33,0.244060
37.44,15.33,0.244540
37.94,15.33,0.245003
38.44,15.33,0.245450
38.94,15.33,0.245883
39.45,15.33,0.246302
39.95,15.33,0.246706
40.45,15.33,0.247098
40.95,15.33,0.247477
41.46,15.33,0.247844
41.96,15.33,0.248200
42.46,15.33,0.248544
42.96,15.33,0.248878
43.47,15.33,0.249202
43.97,15.33,0.249515
44.47,15.33,0.249820
44.97,15.33,0.250115
45.48,15.33,0.250401
45.98,15.33,0.250679
46.48,15.33,0.250949
46.98,15.33,0.251211
47.49,15.33,0.251466
47.99,15.33,0.251714
48.49,15.33,0.251954
48.99,15.33,0.252188
49.50,15.33,0.252415
50.00,15.33,0.252636
-50.00,15.83,0.000000
-49.50,15.83,0.000000
-48.99,15.83,0.000000
-48.49,15.83,0.000000
-47.99,15.83,0.000000
-47.49,15.83,0.000000
-46.98,15.83,0.000000
-46.48,15.83,0.000000
-45.98,15.83,0.000000
-45.48,15.83,0.000000
-44.97,15.83,0.000000
-44.47,15.83,0.000000
-43.97,15.83,0.000000
-43.47,15.83,0.000000
-42.96,15.83,0.000000
-42.46,15.83,0.000000
-41.96,15.83,0.000000
-41.46,15.83,0.000000
-40.95,15.83,0.000000
-40.45,15.83,0.000000
-39.95,15.83,0.000000
-39.45,15.83,0.000000
-38.94,15.83,0.000000
-38.44,15.83,0.000000
-37.94,15.83,0.000000
-37.44,15.83,0.000000
-36.93,15.83,0.000000
-36.43,15.83,0.000000
-35.93,15.83,0.000000
-35.43,15.83,0.000000
-34.92,15.83,0.000000
-34.42,15.83,0.000000
-33.92,15.83,0.000000
-33.42,15.83,0.000000
-32.91,15.83,0.000000
-32.41,15.83,0.000000
-31.91,15.83,0.000000
-31.41,15.83,0.000000
-30.90,15.83,0.000000
-30.40,15.83,0.000000
-29.90,15.83,0.000000
-29.40,15.83,0.000000
-28.89,15.83,0.000000
-28.39,15.83,0.000000
-27.89,15.83,0.000000
-27.39,15.83,0.000000
-26.88,15.83,0.000000
-26.38,15.83,0.000000
-25.88,15.83,0.000000
-25.38,15.83,0.000000
-24.87,15.83,0.000000
-24.37,15.83,0.000000
-23.87,15.83,0.000000
-23.37,15.83,0.000000
-22.86,15.83,0.000000
-22.36,15.83,0.000000
-21.86,15.83,0.000000
-21.36,15.83,0.000000
-20.85,15.83,0.000000
-20.35,15.83,0.000000
-19.85,15.83,0.000000
-19.35,15.83,0.000000
-18.84,15.83,0.000000
-18.34,15.83,0.000000
-17.84,15.83,0.000000
-17.34,15.83,0.000000
-16.83,15.83,0.000000
-16.33,15.83,0.000000
-15.83,15.83,0.000000
-15.33,15.83,0.000000
-14.82,15.83,0.000000
-14.32,15.83,0.000000
-13.82,15.83,0.000000
-13.32,15.83,0.000000
-12.81,15.83,0.000000
-12.31,15.83,0.000000
-11.81,15.83,0.000000
-11.31,15.83,0.000000
-10.80,15.83,0.000000
-10.30,15.83,0.000000
-9.80,15.83,0.000000
-9.30,15.83,0.000000
-8.79,15.83,0.000000
-8.29,15.83,0.000000
-7.79,15.83,0.000000
-7.29,15.83,0.000000
-6.78,15.83,0.000000
-6.28,15.83,0.000000
-5.78,15.83,0.000000
-5.28,15.83,0.000000
-4.77,15.83,0.000000
-4.27,15.83,0.000000
-3.77,15.83,0.000000
-3.27,15.83,0.000000
-2.76,15.83,0.000000
-2.26,15.83,0.000000
-1.76,15.83,0.000000
-1.26,15.83,0.000000
-0.75,15.83,0.000000
-0.25,15.83,0.000000
0.25,15.83,0.004194
0.75,15.83,0.012569
1.26,15.83,0.020906
1.76,15.83,0.029180
2.26,15.83,0.037369
2.76,15.83,0.045449
3.27,15.83,0.053400
3.77,15.83,0.061203
4.27,15.83,0.068840
4.77,15.83,0.076297
5.28,15.83,0.083560
5.78,15.83,0.090618
6.28,15.83,0.097463
6.78,15.83,0.104089
7.29,15.83,0.110490
7.79,15.83,0.116664
8.29,15.83,0.122609
8.79,15.83,0.128326
9.30,15.83,0.133816
9.80,15.83,0.139083
10.30,15.83,0.144131
10.80,15.83,0.148963
11.31,15.83,0.153586
11.81,15.83,0.158005
12.31,15.83,0.162227
12.81,15.83,0.166259
13.32,15.83,0.170107
13.82,15.83,0.173779
14.32,15.83,0.177282
14.82,15.83,0.180622
15.33,15.83,0.183808
15.83,15.83,0.186845
16.33,15.83,0.189742
16.83,15.83,0.192503
17.34,15.83,0.195137
17.84,15.83,0.197648
18.34,15.83,0.200044
18.84,15.83,0.202329
19.35,15.83,0.204510
19.85,15.83,0.206591
20.35,15.83,0.208578
20.85,15.83,0.210475
21.36,15.83,0.212287
21.86,15.83,0.214018
22.36,15.83,0.215673
22.86,15.83,0.217255
23.37,15.83,0.218769
23.87,15.83,0.220216
24.37,15.83,0.221602
24.87,15.83,0.222928
25.38,15.83,0.224199
25.88,15.83,0.225416
26.38,15.83,0.226583
26.88,15.83,0.227702
27.39,15.83,0.228775
27.89,15.83,0.229805
28.39,15.83,0.230794
28.89,15.83,0.231743
29.40,15.83,0.232655
29.90,15.83,0.233531
30.40,15.83,0.234374
30.90,15.83,0.235184
31.41,15.83,0.235964
31.91,15.83,0.236714
32.41,15.83,0.237437
32.91,15.83,0.238132
33.42,15.83,0.238803
33.92,15.83,0.239449
34.42,15.83,0.240072
34.92,15.83,0.240673
35.43,15.83,0.241253
35.93,15.83,0.241812
36.43,15.83,0.242352
36.93,15.83,0.242874
37.44,15.83,0.243378
37.94,15.83,0.243865
38.44,15.83,0.244336
38.94,15.83,0.244792
39.45,15.83,0.245232
39.95,15.83,0.245658
40.45,15.83,0.246071
40.95,15.83,0.246470
41.46,15.83,0.246857
41.96,15.83,0.247232
42.46,15.83,0.247595
42.96,15.83,0.247947
43.47,15.83,0.248288
43.97,15.83,0.248619
44.47,15.83,0.248940
44.97,15.83,0.249252
45.48,15.83,0.249554
45.98,15.83,0.249848
46.48,15.83,0.250133
46.98,15.83,0.250410
47.49,15.83,0.250679
47.99,15.83,0.250941
48.49,15.83,0.251195
48.99,15.83,0.251442
49.50,15.83,0.251683
50.00,15.83,0.251916
-50.00,16.33,0.000000
-49.50,16.33,0.000000
-48.99,16.33,0.000000
-48.49,16.33,0.000000
-47.99,16.33,0.000000
-47.49,16.33,0.000000
-46.98,16.33,0.000000
-46.48,16.33,0.000000
-45.98,16.33,0.000000
-45.48,16.33,0.000000
-44.97,16.33,0.000000
-44.47,16.33,0.000000
-43.97,16.33,0.000000
-43.47,16.33,0.000000
-42.96,16.33,0.000000
-42.46,16.33,0.000000
-41.96,16.33,0.000000
-41.46,16.33,0.000000
-40.95,16.33,0.000000
-40.45,16.33,0.000000
-39.95,16.33,0.000000
-39.45,16.33,0.000000
-38.94,16.33,0.000000
-38.44,16.33,0.000000
-37.94,16.33,0.000000
-37.44,16.33,0.000000
-36.93,16.33,0.000000
-36.43,16.33,0.000000
-35.93,16.33,0.000000
-35.43,16.33,0.000000
-34.92,16.33,0.000000
-34.42,16.33,0.000000
-33.92,16.33,0.000000
-33.42,16.33,0.000000
-32.91,16.33,0.000000
-32.41,16.33,0.000000
-31.91,16.33,0.000000
-31.41,16.33,0.000000
-30.90,16.33,0.000000
-30.40,16.33,0.000000
-29.90,16.33,0.000000
-29.40,16.33,0.000000
-28.89,16.33,0.000000
-28.39,16.33,0.000000
-27.89,16.33,0.000000
-27.39,16.33,0.000000
-26.88,16.33,0.000000
-26.38,16.33,0.000000
-25.88,16.33,0.000000
-25.38,16.33,0.000000
-24.87,16.33,0.000000
-24.37,16.33,0.000000
-23.87,16.33,0.000000
-23.37,16.33,0.000000
-22.86,16.33,0.000000
-22.36,16.33,0.000000
-21.86,16.33,0.000000
-21.36,16.33,0.000000
-20.85,16.33,0.000000
-20.35,16.33,0.000000
-19.85,16.33,0.000000
-19.35,16.33,0.000000
-18.84,16.33,0.000000
-18.34,16.33,0.000000
-17.84,16.33,0.000000
-17.34,16.33,0.000000
-16.83,16.33,0.000000
-16.33,16.33,0.000000
-15.83,16.33,0.000000
-15.33,16.33,0.000000
-14.82,16.33,0.000000
-14.32,16.33,0.000000
-13.82,16.33,0.000000
-13.32,16.33,0.000000
-12.81,16.33,0.000000
-12.31,16.33,0.000000
-11.81,16.33,0.000000
-11.31,16.33,0.000000
-10.80,16.33,0.000000
-10.30,16.33,0.000000
-9.80,16.33,0.000000
-9.30,16.33,0.000000
-8.79,16.33,0.000000
-8.29,16.33,0.000000
-7.79,16.33,0.000000
-7.29,16.33,0.000000
-6.78,16.33,0.000000
-6.28,16.33,0.000000
-5.78,16.33,0.000000
-5.28,16.33,0.000000
-4.77,16.33,0.000000
-4.27,16.33,0.000000
-3.77,16.33,0.000000
-3.27,16.33,0.000000
-2.76,16.33,0.000000
-2.26,16.33,0.000000
-1.76,16.33,0.000000
-1.26,16.33,0.000000
-0.75,16.33,0.000000
-0.25,16.33,0.000000
0.25,16.33,0.004065
0.75,16.33,0.012183
1.26,16.33,0.020266
1.76,16.33,0.028293
2.26,16.33,0.036241
2.76,16.33,0.044090
3.27,16.33,0.051822
3.77,16.33,0.059417
4.27,16.33,0.066860
4.77,16.33,0.074137
5.28,16.33,0.081235
5.78,16.33,0.088145
6.28,16.33,0.094856
6.78,16.33,0.101364
7.29,16.33,0.107662
7.79,16.33,0.113748
8.29,16.33,0.119619
8.79,16.33,0.125276
9.30,16.33,0.130719
9.80,16.33,0.135950
10.30,16.33,0.140972
10.80,16.33,0.145790
11.31,16.33,0.150408
11.81,16.33,0.154830
12.31,16.33,0.159062
12.81,16.33,0.163111
13.32,16.33,0.166983
13.82,16.33,0.170683
14.32,16.33,0.174219
14.82,16.33,0.177597
15.33,16.33,0.180823
15.83,16.33,0.183903
16.33,16.33,0.186845
16.83,16.33,0.189654
17.34,16.33,0.192337
17.84,16.33,0.194899
18.34,16.33,0.197346
18.84,16.33,0.199683
19.35,16.33,0.201915
19.85,16.33,0.204049
20.35,16.33,0.206088
20.85,16.33,0.208037
21.36,16.33,0.209900
21.86,16.33,0.211683
22.36,16.33,0.213388
22.86,16.33,0.215020
23.37,16.33,0.216582
23.87,16.33,0.218078
24.37,16.33,0.219511
24.87,16.33,0.220885
25.38,16.33,0.222201
25.88,16.33,0.223463
26.38,16.33,0.224673
26.88,16.33,0.225835
27.39,16.33,0.226950
27.89,16.33,0.228020
28.39,16.33,0.229049
28.89,16.33,0.230037
29.40,16.33,0.230987
29.90,16.33,0.231900
30.40,16.33,0.232778
30.90,16.33,0.233624
31.41,16.33,0.234437
31.91,16.33,0.235221
32.41,16.33,0.235976
32.91,16.33,0.236703
33.42,16.33,0.237404
33.92,16.33,0.238080
34.42,16.33,0.238732
34.92,16.33,0.239361
35.43,16.33,0.239968
35.93,16.33,0.240554
36.43,16.33,0.241121
36.93,16.33,0.241668
37.44,16.33,0.242196
37.94,16.33,0.242707
38.44,16.33,0.243202
38.94,16.33,0.243680
39.45,16.33,0.244142
39.95,16.33,0.244590
40.45,16.33,0.245024
40.95,16.33,0.245444
41.46,16.33,0.245850
41.96,16.33,0.246244
42.46,16.33,0.246626
42.96,16.33,0.246997
43.47,16.33,0.247356
43.97,16.33,0.247704
44.47,16.33,0.248043
44.97,16.33,0.248371
45.48,16.33,0.248689
45.98,16.33,0.248999
46.48,16.33,0.249299
46.98,16.33,0.249591
47.49,16.33,0.249875
47.99,16.33,0.250150
48.49,16.33,0.250419
48.99,16.33,0.250679
49.50,16.33,0.250933
50.00,16.33,0.251180
-50.00,16.83,0.000000
-49.50,16.83,0.000000
-48.99,16.83,0.000000
-48.49,16.83,0.000000
-47.99,16.83,0.000000
-47.49,16.83,0.000000
-46.98,16.83,0.000000
-46.48,16.83,0.000000
-45.98,16.83,0.000000
-45.48,16.83,0.000000
-44.97,16.83,0.000000
-44.47,16.83,0.000000
-43.97,16.83,0.000000
-43.47,16.83,0.000000
-42.96,16.83,0.000000
-42.46,16.83,0.000000
-41.96,16.83,0.000000
-41.46,16.83,0.000000
-40.95,16.83,0.000000
-40.45,16.83,0.000000
-39.95,16.83,0.000000
-39.45,16.83,0.000000
-38.94,16.83,0.000000
-38.44,16.83,0.000000
-37.94,16.83,0.000000
-37.44,16.83,0.000000
-36.93,16.83,0.000000
-36.43,16.83,0.000000
-35.93,16.83,0.000000
-35.43,16.83,0.000000
-34.92,16.83,0.000000
-34.42,16.83,0.000000
-33.92,16.83,0.000000
-33.42,16.83,0.000000
-32.91,16.83,0.000000
-32.41,16.83,0.000000
-31.91,16.83,0.000000
-31.41,16.83,0.000000
-30.90,16.83,0.000000
-30.40,16.83,0.000000
-29.90,16.83,0.000000
-29.40,16.83,0.000000
-28.89,16.83,0.000000
-28.39,16.83,0.000000
-27.89,16.83,0.000000
-27.39,16.83,0.000000
-26.88,16.83,0.000000
-26.38,16.83,0.000000
-25.88,16.83,0.000000
-25.38,16.83,0.000000
-24.87,16.83,0.000000
-24.37,16.83,0.000000
-23.87,16.83,0.000000
-23.37,16.83,0.000000
-22.86,16.83,0.000000
-22.36,16.83,0.000000
-21.86,16.83,0.000000
-21.36,16.83,0.000000
-20.85,16.83,0.000000
-20.35,16.83,0.000000
-19.85,16.83,0.000000
-19.35,16.83,0.000000
-18.84,16.83,0.000000
-18.34,16.83,0.000000
-17.84,16.83,0.000000
-17.34,16.83,0.000000
-16.83,16.83,0.000000
-16.33,16.83,0.000000
-15.83,16.83,0.000000
-15.33,16.83,0.000000
-14.82,16.83,0.000000
-14.32,16.83,0.000000
-13.82,16.83,0.000000
-13.32,16.83,0.000000
-12.81,16.83,0.000000
-12.31,16.83,0.000000
-11.81,16.83,0.000000
-11.31,16.83,0.000000
-10.80,16.83,0.000000
-10.30,16.83,0.000000
-9.80,16.83,0.000000
-9.30,16.83,0.000000
-8.79,16.83,0.000000
-8.29,16.83,0.000000
-7.79,16.83,0.000000
-7.29,16.83,0.000000
-6.78,16.83,0.000000
-6.28,16.83,0.000000
-5.78,16.83,0.000000
-5.28,16.83,0.000000
-4.77,16.83,0.000000
-4.27,16.83,0.000000
-3.77,16.83,0.000000
-3.27,16.83,0.000000
-2.76,16.83,0.000000
-2.26,16.83,0.000000
-1.76,16.83,0.000000
-1.26,16.83,0.000000
-0.75,16.83,0.000000
-0.25,16.83,0.000000
0.25,16.83,0.003943
0.75,16.83,0.011820
1.26,16.83,0.019665
1.76,16.83,0.027458
2.26,16.83,0.035179
2.76,16.83,0.042809
3.27,16.83,0.050332
3.77,16.83,0.057729
4.27,16.83,0.064986
4.77,16.83,0.072091
5.28,16.83,0.079030
5.78,16.83,0.085795
6.28,16.83,0.092375
6.78,16.83,0.098766
7.29,16.83,0.104962
7.79,16.83,0.110958
8.29,16.83,0.116754
8.79,16.83,0.122347
9.30,16.83,0.127739
9.80,16.83,0.132930
10.30,16.83,0.137924
10.80,16.83,0.142722
11.31,16.83,0.147328
11.81,16.83,0.151748
12.31,16.83,0.155985
12.81,16.83,0.160046
13.32,16.83,0.163935
13.82,16.83,0.167658
14.32,16.83,0.171221
14.82,16.83,0.174630
15.33,16.83,0.177892
15.83,16.83,0.181011
16.33,16.83,0.183993
16.83,16.83,0.186845
17.34,16.83,0.189573
17.84,16.83,0.192180
18.34,16.83,0.194674
18.84,16.83,0.197059
19.35,16.83,0.199341
19.85,16.83,0.201523
20.35,16.83,0.203611
20.85,16.83,0.205609
21.36,16.83,0.207522
21.86,16.83,0.209353
22.36,16.83,0.211106
22.86,16.83,0.212786
23.37,16.83,0.214395
23.87,16.83,0.215938
24.37,16.83,0.217417
24.87,16.83,0.218835
25.38,16.83,0.220195
25.88,16.83,0.221500
26.38,16.83,0.222753
26.88,16.83,0.223957
27.39,16.83,0.225112
27.89,16.83,0.226223
28.39,16.83,0.227290
28.89,16.83,0.228316
29.40,16.83,0.229303
29.90,16.83,0.230253
30.40,16.83,0.231167
30.90,16.83,0.232046
31.41,16.83,0.232894
31.91,16.83,0.233710
32.41,16.83,0.234497
32.91,16.83,0.235255
33.42,16.83,0.235987
33.92,16.83,0.236692
34.42,16.83,0.237373
34.92,16.83,0.238030
35.43,16.83,0.238665
35.93,16.83,0.239278
36.43,16.83,0.239870
36.93,16.83,0.240442
37.44,16.83,0.240996
37.94,16.83,0.241531
38.44,16.83,0.242048
38.94,16.83,0.242549
39.45,16.83,0.243034
39.95,16.83,0.243503
40.45,16.83,0.243958
40.95,16.83,0.244398
41.46,16.83,0.244825
41.96,16.83,0.245238
42.46,16.83,0.245639
42.96,16.83,0.246028
43.47,16.83,0.246406
43.97,16.83,0.246772
44.47,16.83,0.247127
44.97,16.83,0.247472
45.48,16.83,0.247806
45.98,16.83,0.248132
46.48,16.83,0.248448
46.98,16.83,0.248755
47.49,16.83,0.249053
47.99,16.83,0.249343
48.49,16.83,0.249625
48.99,16.83,0.249900
49.50,16.83,0.250167
50.00,16.83,0.250426
-50.00,17.34,0.000000
-49.50,17.34,0.000000
-48.99,17.34,0.000000
-48.49,17.34,0.000000
-47.99,17.34,0.000000
-47.49,17.34,0.000000
-46.98,17.34,0.000000
-46.48,17.34,0.000000
-45.98,17.34,0.000000
-45.48,17.34,0.000000
-44.97,17.34,0.000000
-44.47,17.34,0.000000
-43.97,17.34,0.000000
-43.47,17.34,0.000000
-42.96,17.34,0.000000
-42.46,17.34,0.000000
-41.96,17.34,0.000000
-41.46,17.34,0.000000
-40.95,17.34,0.000000
-40.45,17.34,0.000000
-39.95,17.34,0.000000
-39.45,17.34,0.000000
-38.94,17.34,0.000000
-38.44,17.34,0.000000
-37.94,17.34,0.000000
-37.44,17.34,0.000000
-36.93,17.34,0.000000
-36.43,17.34,0.000000
-35.93,17.34,0.000000
-35.43,17.34,0.000000
-34.92,17.34,0.000000
-34.42,17.34,0.000000
-33.92,17.34,0.000000
-33.42,17.34,0.000000
-32.91,17.34,0.000000
-32.41,17.34,0.000000
-31.91,17.34,0.000000
-31.41,17.34,0.000000
-30.90,17.34,0.000000
-30.40,17.34,0.000000
-29.90,17.34,0.000000
-29.40,17.34,0.000000
-28.89,17.34,0.000000
-28.39,17.34,0.000000
-27.89,17.34,0.000000
-27.39,17.34,0.000000
-26.88,17.34,0.000000
-26.38,17.34,0.000000
-25.88,17.34,0.000000
-25.38,17.34,0.000000
-24.87,17.34,0.000000
-24.37,17.34,0.000000
-23.87,17.34,0.000000
-23.37,17.34,0.000000
-22.86,17.34,0.000000
-22.36,17.34,0.000000
-21.86,17.34,0.000000
-21.36,17.34,0.000000
-20.85,17.34,0.000000
-20.35,17.34,0.000000
-19.85,17.34,0.000000
-19.35,17.34,0.000000
-18.84,17.34,0.000000
-18.34,17.34,0.000000
-17.84,17.34,0.000000
-17.34,17.34,0.000000
-16.83,17.34,0.000000
-16.33,17.34,0.000000
-15.83,17.34,0.000000
-15.33,17.34,0.000000
-14.82,17.34,0.000000
-14.32,17.34,0.000000
-13.82,17.34,0.000000
-13.32,17.34,0.000000
-12.81,17.34,0.000000
-12.31,17.34,0.000000
-11.81,17.34,0.000000
-11.31,17.34,0.000000
-10.80,17.34,0.000000
-10.30,17.34,0.000000
-9.80,17.34,0.000000
-9.30,17.34,0.000000
-8.79,17.34,0.000000
-8.29,17.34,0.000000
-7.79,17.34,0.000000
-7.29,17.34,0.000000
-6.78,17.34,0.000000
-6.28,17.34,0.000000
-5.78,17.34,0.000000
-5.28,17.34,0.000000
-4.77,17.34,0.000000
-4.27,17.34,0.000000
-3.77,17.34,0.000000
-3.27,17.34,0.000000
-2.76,17.34,0.000000
-2.26,17.34,0.000000
-1.76,17.34,0.000000
-1.26,17.34,0.000000
-0.75,17.34,0.000000
-0.25,17.34,0.000000
0.25,17.34,0.003829
0.75,17.34,0.011478
1.26,17.34,0.019098
1.76,17.34,0.026670
2.26,17.34,0.034176
2.76,17.34,0.041600
3.27,17.34,0.048923
3.77,17.34,0.056132
4.27,17.34,0.063212
4.77,17.34,0.070151
5.28,17.34,0.076936
5.78,17.34,0.083560
6.28,17.34,0.090013
6.78,17.34,0.096289
7.29,17.34,0.102382
7.79,17.34,0.108289
8.29,17.34,0.114007
8.79,17.34,0.119535
9.30,17.34,0.124873
9.80,17.34,0.130021
10.30,17.34,0.134980
10.80,17.34,0.139754
11.31,17.34,0.144345
11.81,17.34,0.148757
12.31,17.34,0.152995
12.81,17.34,0.157061
13.32,17.34,0.160963
13.82,17.34,0.164703
14.32,17.34,0.168289
14.82,17.34,0.171725
15.33,17.34,0.175016
15.83,17.34,0.178168
16.33,17.34,0.181187
16.83,17.34,0.184078
17.34,17.34,0.186845
17.84,17.34,0.189495
18.34,17.34,0.192032
18.84,17.34,0.194462
19.35,17.34,0.196788
19.85,17.34,0.199016
20.35,17.34,0.201150
20.85,17.34,0.203195
21.36,17.34,0.205153
21.86,17.34,0.207031
22.36,17.34,0.208830
22.86,17.34,0.210555
23.37,17.34,0.212210
23.87,17.34,0.213797
24.37,17.34,0.215320
24.87,17.34,0.216781
25.38,17.34,0.218184
25.88,17.34,0.219532
26.38,17.34,0.220826
26.88,17.34,0.222070
27.39,17.34,0.223265
27.89,17.34,0.224414
28.39,17.34,0.225520
28.89,17.34,0.226583
29.40,17.34,0.227607
29.90,17.34,0.228592
30.40,17.34,0.229540
30.90,17.34,0.230454
31.41,17.34,0.231335
31.91,17.34,0.232184
32.41,17.34,0.233002
32.91,17.34,0.233791
33.42,17.34,0.234553
33.92,17.34,0.235288
34.42,17.34,0.235997
34.92,17.34,0.236682
35.43,17.34,0.237344
35.93,17.34,0.237983
36.43,17.34,0.238601
36.93,17.34,0.239199
37.44,17.34,0.239777
37.94,17.34,0.240336
38.44,17.34,0.240877
38.94,17.34,0.241400
39.45,17.34,0.241907
39.95,17.34,0.242398
40.45,17.34,0.242874
40.95,17.34,0.243335
41.46,17.34,0.243782
41.96,17.34,0.244215
42.46,17.34,0.244635
42.96,17.34,0.245042
43.47,17.34,0.245438
43.97,17.34,0.245821
44.47,17.34,0.246194
44.97,17.34,0.246555
45.48,17.34,0.246907
45.98,17.34,0.247248
46.48,17.34,0.247579
46.98,17.34,0.247902
47.49,17.34,0.248215
47.99,17.34,0.248520
48.49,17.34,0.248816
48.99,17.34,0.249104
49.50,17.34,0.249385
50.00,17.34,0.249658
-50.00,17.84,0.000000
-49.50,17.84,0.000000
-48.99,17.84,0.000000
-48.49,17.84,0.000000
-47.99,17.84,0.000000
-47.49,17.84,0.000000
-46.98,17.84,0.000000
-46.48,17.84,0.000000
-45.98,17.84,0.000000
-45.48,17.84,0.000000
-44.97,17.84,0.000000
-44.47,17.84,0.000000
-43.97,17.84,0.000000
-43.47,17.84,0.000000
-42.96,17.84,0.000000
-42.46,17.84,0.000000
-41.96,17.84,0.000000
-41.46,17.84,0.000000
-40.95,17.84,0.000000
-40.45,17.84,0.000000
-39.95,17.84,0.000000
-39.45,17.84,0.000000
-38.94,17.84,0.000000
-38.44,17.84,0.000000
-37.94,17.84,0.000000
-37.44,17.84,0.000000
-36.93,17.84,0.000000
-36.43,17.84,0.000000
-35.93,17.84,0.000000
-35.43,17.84,0.000000
-34.92,17.84,0.000000
-34.42,17.84,0.000000
-33.92,17.84,0.000000
-33.42,17.84,0.000000
-32.91,17.84,0.000000
-32.41,17.84,0.000000
-31.91,17.84,0.000000
-31.41,17.84,0.000000
-30.90,17.84,0.000000
-30.40,17.84,0.000000
-29.90,17.84,0.000000
-29.40,17.84,0.000000
-28.89,17.84,0.000000
-28.39,17.84,0.000000
-27.89,17.84,0.000000
-27.39,17.84,0.000000
-26.88,17.84,0.000000
-26.38,17.84,0.000000
-25.88,17.84,0.000000
-25.38,17.84,0.000000
-24.87,17.84,0.000000
-24.37,17.84,0.000000
-23.87,17.84,0.000000
-23.37,17.84,0.000000
-22.86,17.84,0.000000
-22.36,17.84,0.000000
-21.86,17.84,0.000000
-21.36,17.84,0.000000
-20.85,17.84,0.000000
-20.35,17.84,0.000000
-19.85,17.84,0.000000
-19.35,17.84,0.000000
-18.84,17.84,0.000000
-18.34,17.84,0.000000
-17.84,17.84,0.000000
-17.34,17.84,0.000000
-16.83,17.84,0.000000
-16.33,17.84,0.000000
-15.83,17.84,0.000000
-15.33,17.84,0.000000
-14.82,17.84,0.000000
-14.32,17.84,0.000000
-13.82,17.84,0.000000
-13.32,17.84,0.000000
-12.81,17.84,0.000000
-12.31,17.84,0.000000
-11.81,17.84,0.000000
-11.31,17.84,0.000000
-10.80,17.84,0.000000
-10.30,17.84,0.000000
-9.80,17.84,0.000000
-9.30,17.84,0.000000
-8.79,17.84,0.000000
-8.29,17.84,0.000000
-7.79,17.84,0.000000
-7.29,17.84,0.000000
-6.78,17.84,0.000000
-6.28,17.84,0.000000
-5.78,17.84,0.000000
-5.28,17.84,0.000000
-4.77,17.84,0.000000
-4.27,17.84,0.000000
-3.77,17.84,0.000000
-3.27,17.84,0.000000
-2.76,17.84,0.000000
-2.26,17.84,0.000000
-1.76,17.84,0.000000
-1.26,17.84,0.000000
-0.75,17.84,0.000000
-0.25,17.84,0.000000
0.25,17.84,0.003721
0.75,17.84,0.011155
1.26,17.84,0.018562
1.76,17.84,0.025926
2.26,17.84,0.033229
2.76,17.84,0.040456
3.27,17.84,0.047591
3.77,17.84,0.054620
4.27,17.84,0.061529
4.77,17.84,0.068308
5.28,17.84,0.074946
5.78,17.84,0.081432
6.28,17.84,0.087760
6.78,17.84,0.093923
7.29,17.84,0.099915
7.79,17.84,0.105733
8.29,17.84,0.111373
8.79,17.84,0.116834
9.30,17.84,0.122115
9.80,17.84,0.127217
10.30,17.84,0.132139
10.80,17.84,0.136885
11.31,17.84,0.141456
11.81,17.84,0.145857
12.31,17.84,0.150089
12.81,17.84,0.154157
13.32,17.84,0.158066
13.82,17.84,0.161819
14.32,17.84,0.165423
14.82,17.84,0.168880
15.33,17.84,0.172197
15.83,17.84,0.175378
16.33,17.84,0.178429
16.83,17.84,0.181353
17.34,17.84,0.184157
17.84,17.84,0.186845
18.34,17.84,0.189422
18.84,17.84,0.191892
19.35,17.84,0.194261
19.85,17.84,0.196531
20.35,17.84,0.198708
20.85,17.84,0.200796
21.36,17.84,0.202798
21.86,17.84,0.204719
22.36,17.84,0.206562
22.86,17.84,0.208331
23.37,17.84,0.210029
23.87,17.84,0.211658
24.37,17.84,0.213223
24.87,17.84,0.214727
25.38,17.84,0.216171
25.88,17.84,0.217559
26.38,17.84,0.218893
26.88,17.84,0.220176
27.39,17.84,0.221410
27.89,17.84,0.222597
28.39,17.84,0.223740
28.89,17.84,0.224840
29.40,17.84,0.225899
29.90,17.84,0.226919
30.40,17.84,0.227902
30.90,17.84,0.228849
31.41,17.84,0.229762
31.91,17.84,0.230643
32.41,17.84,0.231493
32.91,17.84,0.232312
33.42,17.84,0.233104
33.92,17.84,0.233868
34.42,17.84,0.234605
34.92,17.84,0.235318
35.43,17.84,0.236007
35.93,17.84,0.236673
36.43,17.84,0.237316
36.93,17.84,0.237939
37.44,17.84,0.238541
37.94,17.84,0.239124
38.44,17.84,0.239689
38.94,17.84,0.240235
39.45,17.84,0.240764
39.95,17.84,0.241277
40.45,17.84,0.241773
40.95,17.84,0.242255
41.46,17.84,0.242722
41.96,17.84,0.243174
42.46,17.84,0.243613
42.96,17.84,0.244040
43.47,17.84,0.244453
43.97,17.84,0.244854
44.47,17.84,0.245244
44.97,17.84,0.245623
45.48,17.84,0.245990
45.98,17.84,0.246348
46.48,17.84,0.246695
46.98,17.84,0.247033
47.49,17.84,0.247361
47.99,17.84,0.247680
48.49,17.84,0.247991
48.99,17.84,0.248293
49.50,17.84,0.248587
50.00,17.84,0.248873
-50.00,18.34,0.000000
-49.50,18.34,0.000000
-48.99,18.34,0.000000
-48.49,18.34,0.000000
-47.99,18.34,0.000000
-47.49,18.34,0.000000
-46.98,18.34,0.000000
-46.48,18.34,0.000000
-45.98,18.34,0.000000
-45.48,18.34,0.000000
-44.97,18.34,0.000000
-44.47,18.34,0.000000
-43.97,18.34,0.000000
-43.47,18.34,0.000000
-42.96,18.34,0.000000
-42.46,18.34,0.000000
-41.96,18.34,0.000000
-41.46,18.34,0.000000
-40.95,18.34,0.000000
-40.45,18.34,0.000000
-39.95,18.34,0.000000
-39.45,18.34,0.000000
-38.94,18.34,0.000000
-38.44,18.34,0.000000
-37.94,18.34,0.000000
-37.44,18.34,0.000000
-36.93,18.34,0.000000
-36.43,18.34,0.000000
-35.93,18.34,0.000000
-35.43,18.34,0.000000
-34.92,18.34,0.000000
-34.42,18.34,0.000000
-33.92,18.34,0.000000
-33.42,18.34,0.000000
-32.91,18.34,0.000000
-32.41,18.34,0.000000
-31.91,18.34,0.000000
-31.41,18.34,0.000000
-30.90,18.34,0.000000
-30.40,18.34,0.000000
-29.90,18.34,0.000000
-29.40,18.34,0.000000
-28.89,18.34,0.000000
-28.39,18.34,0.000000
-27.89,18.34,0.000000
-27.39,18.34,0.000000
-26.88,18.34,0.000000
-26.38,18.34,0.000000
-25.88,18.34,0.000000
-25.38,18.34,0.000000
-24.87,18.34,0.000000
-24.37,18.34,0.000000
-23.87,18.34,0.000000
-23.37,18.34,0.000000
-22.86,18.34,0.000000
-22.36,18.34,0.000000
-21.86,18.34,0.000000
-21.36,18.34,0.000000
-20.85,18.34,0.000000
-20.35,18.34,0.000000
-19.85,18.34,0.000000
-19.35,18.34,0.000000
-18.84,18.34,0.000000
-18.34,18.34,0.000000
-17.84,18.34,0.000000
-17.34,18.34,0.000000
-16.83,18.34,0.000000
-16.33,18.34,0.000000
-15.83,18.34,0.000000
-15.33,18.34,0.000000
-14.82,18.34,0.000000
-14.32,18.34,0.000000
-13.82,18.34,0.000000
-13.32,18.34,0.000000
-12.81,18.34,0.000000
-12.31,18.34,0.000000
-11.81,18.34,0.000000
-11.31,18.34,0.000000
-10.80,18.34,0.000000
-10.30,18.34,0.000000
-9.80,18.34,0.000000
-9.30,18.34,0.000000
-8.79,18.34,0.000000
-8.29,18.34,0.000000
-7.79,18.34,0.000000
-7.29,18.34,0.000000
-6.78,18.34,0.000000
-6.28,18.34,0.000000
-5.78,18.34,0.000000
-5.28,18.34,0.000000
-4.77,18.34,0.000000
-4.27,18.34,0.000000
-3.77,18.34,0.000000
-3.27,18.34,0.000000
-2.76,18.34,0.000000
-2.26,18.34,0.000000
-1.76,18.34,0.000000
-1.26,18.34,0.000000
-0.75,18.34,0.000000
-0.25,18.34,0.000000
0.25,18.34,0.003619
0.75,18.34,0.010850
1.26,18.34,0.018056
1.76,18.34,0.025222
2.26,18.34,0.032333
2.76,18.34,0.039372
3.27,18.34,0.046327
3.77,18.34,0.053185
4.27,18.34,0.059932
4.77,18.34,0.066557
5.28,18.34,0.073051
5.78,18.34,0.079405
6.28,18.34,0.085612
6.78,18.34,0.091663
7.29,18.34,0.097556
7.79,18.34,0.103284
8.29,18.34,0.108846
8.79,18.34,0.114238
9.30,18.34,0.119461
9.80,18.34,0.124514
10.30,18.34,0.129396
10.80,18.34,0.134111
11.31,18.34,0.138659
11.81,18.34,0.143043
12.31,18.34,0.147266
12.81,18.34,0.151332
13.32,18.34,0.155244
13.82,18.34,0.159006
14.32,18.34,0.162622
14.82,18.34,0.166097
15.33,18.34,0.169435
15.83,18.34,0.172641
16.33,18.34,0.175719
16.83,18.34,0.178674
17.34,18.34,0.181510
17.84,18.34,0.184232
18.34,18.34,0.186845
18.84,18.34,0.189353
19.35,18.34,0.191760
19.85,18.34,0.194070
20.35,18.34,0.196287
20.85,18.34,0.198415
21.36,18.34,0.200459
21.86,18.34,0.202421
22.36,18.34,0.204305
22.86,18.34,0.206115
23.37,18.34,0.207854
23.87,18.34,0.209524
24.37,18.34,0.211130
24.87,18.34,0.212673
25.38,18.34,0.214157
25.88,18.34,0.215584
26.38,18.34,0.216957
26.88,18.34,0.218278
27.39,18.34,0.219550
27.89,18.34,0.220774
28.39,18.34,0.221953
28.89,18.34,0.223088
29.40,18.34,0.224182
29.90,18.34,0.225236
30.40,18.34,0.226253
30.90,18.34,0.227233
31.41,18.34,0.228178
31.91,18.34,0.229090
32.41,18.34,0.229970
32.91,18.34,0.230820
33.42,18.34,0.231641
33.92,18.34,0.232433
34.42,18.34,0.233199
34.92,18.34,0.233939
35.43,18.34,0.234655
35.93,18.34,0.235347
36.43,18.34,0.236016
36.93,18.34,0.236664
37.44,18.34,0.237290
37.94,18.34,0.237897
38.44,18.34,0.238485
38.94,18.34,0.239054
39.45,18.34,0.239605
39.95,18.34,0.240139
40.45,18.34,0.240657
40.95,18.34,0.241159
41.46,18.34,0.241646
41.96,18.34,0.242118
42.46,18.34,0.242576
42.96,18.34,0.243021
43.47,18.34,0.243453
43.97,18.34,0.243872
44.47,18.34,0.244279
44.97,18.34,0.244674
45.48,18.34,0.245059
45.98,18.34,0.245432
46.48,18.34,0.245795
46.98,18.34,0.246148
47.49,18.34,0.246492
47.99,18.34,0.246826
48.49,18.34,0.247151
48.99,18.34,0.247467
49.50,18.34,0.247775
50.00,18.34,0.248074
-50.00,18.84,0.000000
-49.50,18.84,0.000000
-48.99,18.84,0.000000
-48.49,18.84,0.000000
-47.99,18.84,0.000000
-47.49,18.84,0.000000
-46.98,18.84,0.000000
-46.48,18.84,0.000000
-45.98,18.84,0.000000
-45.48,18.84,0.000000
-44.97,18.84,0.000000
-44.47,18.84,0.000000
-43.97,18.84,0.000000
-43.47,18.84,0.000000
-42.96,18.84,0.000000
-42.46,18.84,0.000000
-41.96,18.84,0.000000
-41.46,18.84,0.000000
-40.95,18.84,0.000000
-40.45,18.84,0.000000
-39.95,18.84,0.000000
-39.45,18.84,0.000000
-38.94,18.84,0.000000
-38.44,18.84,0.000000
-37.94,18.84,0.000000
-37.44,18.84,0.000000
-36.93,18.84,0.000000
-36.43,18.84,0.000000
-35.93,18.84,0.000000
-35.43,18.84,0.000000
-34.92,18.84,0.000000
-34.42,18.84,0.000000
-33.92,18.84,0.000000
-33.42,18.84,0.000000
-32.91,18.84,0.000000
-32.41,18.84,0.000000
-31.91,18.84,0.000000
-31.41,18.84,0.000000
-30.90,18.84,0.000000
-30.40,18.84,0.000000
-29.90,18.84,0.000000
-29.40,18.84,0.000000
-28.89,18.84,0.000000
-28.39,18.84,0.000000
-27.89,18.84,0.000000
-27.39,18.84,0.000000
-26.88,18.84,0.000000
-26.38,18.84,0.000000
-25.88,18.84,0.000000
-25.38,18.84,0.000000
-24.87,18.84,0.000000
-24.37,18.84,0.000000
-23.87,18.84,0.000000
-23.37,18.84,0.000000
-22.86,18.84,0.000000
-22.36,18.84,0.000000
-21.86,18.84,0.000000
-21.36,18.84,0.000000
-20.85,18.84,0.000000
-20.35,18.84,0.000000
-19.85,18.84,0.000000
-19.35,18.84,0.000000
-18.84,18.84,0.000000
-18.34,18.84,0.000000
-17.84,18.84,0.000000
-17.34,18.84,0.000000
-16.83,18.84,0.000000
-16.33,18.84,0.000000
-15.83,18.84,0.000000
-15.33,18.84,0.000000
-14.82,18.84,0.000000
-14.32,18.84,0.000000
-13.82,18.84,0.000000
-13.32,18.84,0.000000
-12.81,18.84,0.000000
-12.31,18.84,0.000000
-11.81,18.84,0.000000
-11.31,18.84,0.000000
-10.80,18.84,0.000000
-10.30,18.84,0.000000
-9.80,18.84,0.000000
-9.30,18.84,0.000000
-8.79,18.84,0.000000
-8.29,18.84,0.000000
-7.79,18.84,0.000000
-7.29,18.84,0.000000
-6.78,18.84,0.000000
-6.28,18.84,0.000000
-5.78,18.84,0.000000
-5.28,18.84,0.000000
-4.77,18.84,0.000000
-4.27,18.84,0.000000
-3.77,18.84,0.000000
-3.27,18.84,0.000000
-2.76,18.84,0.000000
-2.26,18.84,0.000000
-1.76,18.84,0.000000
-1.26,18.84,0.000000
-0.75,18.84,0.000000
-0.25,18.84,0.000000
0.25,18.84,0.003523
0.75,18.84,0.010561
1.26,18.84,0.017577
1.76,18.84,0.024556
2.26,18.84,0.031483
2.76,18.84,0.038345
3.27,18.84,0.045129
3.77,18.84,0.051822
4.27,18.84,0.058412
4.77,18.84,0.064891
5.28,18.84,0.071247
5.78,18.84,0.077472
6.28,18.84,0.083560
6.78,18.84,0.089503
7.29,18.84,0.095297
7.79,18.84,0.100936
8.29,18.84,0.106419
8.79,18.84,0.111743
9.30,18.84,0.116906
9.80,18.84,0.121907
10.30,18.84,0.126748
10.80,18.84,0.131428
11.31,18.84,0.135950
11.81,18.84,0.140315
12.31,18.84,0.144525
12.81,18.84,0.148584
13.32,18.84,0.152495
13.82,18.84,0.156261
14.32,18.84,0.159887
14.82,18.84,0.163375
15.33,18.84,0.166730
15.83,18.84,0.169957
16.33,18.84,0.173058
16.83,18.84,0.176040
17.34,18.84,0.178905
17.84,18.84,0.181658
18.34,18.84,0.184304
18.84,18.84,0.186845
19.35,18.84,0.189287
19.85,18.84,0.191634
20.35,18.84,0.193888
20.85,18.84,0.196055
21.36,18.84,0.198136
21.86,18.84,0.200137
22.36,18.84,0.202061
22.86,18.84,0.203909
23.37,18.84,0.205687
23.87,18.84,0.207397
24.37,18.84,0.209041
24.87,18.84,0.210623
25.38,18.84,0.212145
25.88,18.84,0.213610
26.38,18.84,0.215020
26.88,18.84,0.216378
27.39,18.84,0.217686
27.89,18.84,0.218946
28.39,18.84,0.220160
28.89,18.84,0.221329
29.40,18.84,0.222457
29.90,18.84,0.223545
30.40,18.84,0.224594
30.90,18.84,0.225606
31.41,18.84,0.226583
31.91,18.84,0.227526
32.41,18.84,0.228437
32.91,18.84,0.229316
33.42,18.84,0.230166
33.92,18.84,0.230987
34.42,18.84,0.231780
34.92,18.84,0.232547
35.43,18.84,0.233289
35.93,18.84,0.234007
36.43,18.84,0.234702
36.93,18.84,0.235374
37.44,18.84,0.236025
37.94,18.84,0.236655
38.44,18.84,0.237266
38.94,18.84,0.237857
39.45,18.84,0.238431
39.95,18.84,0.238986
40.45,18.84,0.239525
40.95,18.84,0.240048
41.46,18.84,0.240554
41.96,18.84,0.241046
42.46,18.84,0.241524
42.96,18.84,0.241987
43.47,18.84,0.242437
43.97,18.84,0.242874
44.47,18.84,0.243299
44.97,18.84,0.243711
45.48,18.84,0.244112
45.98,18.84,0.244502
46.48,18.84,0.244881
46.98,18.84,0.245249
47.49,18.84,0.245608
47.99,18.84,0.245957
48.49,18.84,0.246296
48.99,18.84,0.246626
49.50,18.84,0.246948
50.00,18.84,0.247261
-50.00,19.35,0.000000
-49.50,19.35,0.000000
-48.99,19.35,0.000000
-48.49,19.35,0.000000
-47.99,19.35,0.000000
-47.49,19.35,0.000000
-46.98,19.35,0.000000
-46.48,19.35,0.000000
-45.98,19.35,0.000000
-45.48,19.35,0.000000
-44.97,19.35,0.000000
-44.47,19.35,0.000000
-43.97,19.35,0.000000
-43.47,19.35,0.000000
-42.96,19.35,0.000000
-42.46,19.35,0.000000
-41.96,19.35,0.000000
-41.46,19.35,0.000000
-40.95,19.35,0.000000
-40.45,19.35,0.000000
-39.95,19.35,0.000000
-39.45,19.35,0.000000
-38.94,19.35,0.000000
-38.44,19.35,0.000000
-37.94,19.35,0.000000
-37.44,19.35,0.000000
-36.93,19.35,0.000000
-36.43,19.35,0.000000
-35.93,19.35,0.000000
-35.43,19.35,0.000000
-34.92,19.35,0.000000
-34.42,19.35,0.000000
-33.92,19.35,0.000000
-33.42,19.35,0.000000
-32.91,19.35,0.000000
-32.41,19.35,0.000000
-31.91,19.35,0.000000
-31.41,19.35,0.000000
-30.90,19.35,0.000000
-30.40,19.35,0.000000
-29.90,19.35,0.000000
-29.40,19.35,0.000000
-28.89,19.35,0.000000
-28.39,19.35,0.000000
-27.89,19.35,0.000000
-27.39,19.35,0.000000
-26.88,19.35,0.000000
-26.38,19.35,0.000000
-25.88,19.35,0.000000
-25.38,19.35,0.000000
-24.87,19.35,0.000000
-24.37,19.35,0.000000
-23.87,19.35,0.000000
-23.37,19.35,0.000000
-22.86,19.35,0.000000
-22.36,19.35,0.000000
-21.86,19.35,0.000000
-21.36,19.35,0.000000
-20.85,19.35,0.000000
-20.35,19.35,0.000000
-19.85,19.35,0.000000
-19.35,19.35,0.000000
-18.84,19.35,0.000000
-18.34,19.35,0.000000
-17.84,19.35,0.000000
-17.34,19.35,0.000000
-16.83,19.35,0.000000
-16.33,19.35,0.000000
-15.83,19.35,0.000000
-15.33,19.35,0.000000
-14.82,19.35,0.000000
-14.32,19.35,0.000000
-13.82,19.35,0.000000
-13.32,19.35,0.000000
-12.81,19.35,0.000000
-12.31,19.35,0.000000
-11.81,19.35,0.000000
-11.31,19.35,0.000000
-10.80,19.35,0.000000
-10.30,19.35,0.000000
-9.80,19.35,0.000000
-9.30,19.35,0.000000
-8.79,19.35,0.000000
-8.29,19.35,0.000000
-7.79,19.35,0.000000
-7.29,19.35,0.000000
-6.78,19.35,0.000000
-6.28,19.35,0.000000
-5.78,19.35,0.000000
-5.28,19.35,0.000000
-4.77,19.35,0.000000
-4.27,19.35,0.000000
-3.77,19.35,0.000000
-3.27,19.35,0.000000
-2.76,19.35,0.000000
-2.26,19.35,0.000000
-1.76,19.35,0.000000
-1.26,19.35,0.000000
-0.75,19.35,0.000000
-0.25,19.35,0.000000
0.25,19.35,0.003431
0.75,19.35,0.010287
1.26,19.35,0.017122
1.76,19.35,0.023923
2.26,19.35,0.030676
2.76,19.35,0.037369
3.27,19.35,0.043989
3.77,19.35,0.050525
4.27,19.35,0.056967
4.77,19.35,0.063303
5.28,19.35,0.069526
5.78,19.35,0.075627
6.28,19.35,0.081599
6.78,19.35,0.087436
7.29,19.35,0.093132
7.79,19.35,0.098685
8.29,19.35,0.104089
8.79,19.35,0.109343
9.30,19.35,0.114445
9.80,19.35,0.119394
10.30,19.35,0.124191
10.80,19.35,0.128834
11.31,19.35,0.133327
11.81,19.35,0.137669
12.31,19.35,0.141864
12.81,19.35,0.145913
13.32,19.35,0.149819
13.82,19.35,0.153586
14.32,19.35,0.157216
14.82,19.35,0.160714
15.33,19.35,0.164083
15.83,19.35,0.167326
16.33,19.35,0.170448
16.83,19.35,0.173452
17.34,19.35,0.176343
17.84,19.35,0.179123
18.34,19.35,0.181798
18.84,19.35,0.184371
19.35,19.35,0.186845
19.85,19.35,0.189225
20.35,19.35,0.191514
20.85,19.35,0.193716
21.36,19.35,0.195834
21.86,19.35,0.197871
22.36,19.35,0.199831
22.86,19.35,0.201717
23.37,19.35,0.203531
23.87,19.35,0.205278
24.37,19.35,0.206959
24.87,19.35,0.208578
25.38,19.35,0.210136
25.88,19.35,0.211638
26.38,19.35,0.213084
26.88,19.35,0.214477
27.39,19.35,0.215820
27.89,19.35,0.217114
28.39,19.35,0.218362
28.89,19.35,0.219566
29.40,19.35,0.220727
29.90,19.35,0.221847
30.40,19.35,0.222928
30.90,19.35,0.223972
31.41,19.35,0.224980
31.91,19.35,0.225953
32.41,19.35,0.226893
32.91,19.35,0.227801
33.42,19.35,0.228679
33.92,19.35,0.229528
34.42,19.35,0.230349
34.92,19.35,0.231143
35.43,19.35,0.231911
35.93,19.35,0.232655
36.43,19.35,0.233375
36.93,19.35,0.234071
37.44,19.35,0.234746
37.94,19.35,0.235400
38.44,19.35,0.236033
38.94,19.35,0.236647
39.45,19.35,0.237242
39.95,19.35,0.237819
40.45,19.35,0.238379
40.95,19.35,0.238922
41.46,19.35,0.239449
41.96,19.35,0.239960
42.46,19.35,0.240457
42.96,19.35,0.240939
43.47,19.35,0.241407
43.97,19.35,0.241862
44.47,19.35,0.242304
44.97,19.35,0.242734
45.48,19.35,0.243151
45.98,19.35,0.243557
46.48,19.35,0.243952
46.98,19.35,0.244336
47.49,19.35,0.244710
47.99,19.35,0.245073
48.49,19.35,0.245427
48.99,19.35,0.245772
49.50,19.35,0.246108
50.00,19.35,0.246434
-50.00,19.85,0.000000
-49.50,19.85,0.000000
-48.99,19.85,0.000000
-48.49,19.85,0.000000
-47.99,19.85,0.000000
-47.49,19.85,0.000000
-46.98,19.85,0.000000
-46.48,19.85,0.000000
-45.98,19.85,0.000000
-45.48,19.85,0.000000
-44.97,19.85,0.000000
-44.47,19.85,0.000000
-43.97,19.85,0.000000
-43.47,19.85,0.000000
-42.96,19.85,0.000000
-42.46,19.85,0.000000
-41.96,19.85,0.000000
-41.46,19.85,0.000000
-40.95,19.85,0.000000
-40.45,19.85,0.000000
-39.95,19.85,0.000000
-39.45,19.85,0.000000
-38.94,19.85,0.000000
-38.44,19.85,0.000000
-37.94,19.85,0.000000
-37.44,19.85,0.000000
-36.93,19.85,0.000000
-36.43,19.85,0.000000
-35.93,19.85,0.000000
-35.43,19.85,0.000000
-34.92,19.85,0.000000
-34.42,19.85,0.000000
-33.92,19.85,0.000000
-33.42,19.85,0.000000
-32.91,19.85,0.000000
-32.41,19.85,0.000000
-31.91,19.85,0.000000
-31.41,19.85,0.000000
-30.90,19.85,0.000000
-30.40,19.85,0.000000
-29.90,19.85,0.000000
-29.40,19.85,0.000000
-28.89,19.85,0.000000
-28.39,19.85,0.000000
-27.89,19.85,0.000000
-27.39,19.85,0.000000
-26.88,19.85,0.000000
-26.38,19.85,0.000000
-25.88,19.85,0.000000
-25.38,19.85,0.000000
-24.87,19.85,0.000000
-24.37,19.85,0.000000
-23.87,19.85,0.000000
-23.37,19.85,0.000000
-22.86,19.85,0.000000
-22.36,19.85,0.000000
-21.86,19.85,0.000000
-21.36,19.85,0.000000
-20.85,19.85,0.000000
-20.35,19.85,0.000000
-19.85,19.85,0.000000
-19.35,19.85,0.000000
-18.84,19.85,0.000000
-18.34,19.85,0.000000
-17.84,19.85,0.000000
-17.34,19.85,0.000000
-16.83,19.85,0.000000
-16.33,19.85,0.000000
-15.83,19.85,0.000000
-15.33,19.85,0.000000
-14.82,19.85,0.000000
-14.32,19.85,0.000000
-13.82,19.85,0.000000
-13.32,19.85,0.000000
-12.81,19.85,0.000000
-12.31,19.85,0.000000
-11.81,19.85,0.000000
-11.31,19.85,0.000000
-10.80,19.85,0.000000
-10.30,19.85,0.000000
-9.80,19.85,0.000000
-9.30,19.85,0.000000
-8.79,19.85,0.000000
-8.29,19.85,0.000000
-7.79,19.85,0.000000
-7.29,19.85,0.000000
-6.78,19.85,0.000000
-6.28,19.85,0.000000
-5.78,19.85,0.000000
-5.28,19.85,0.000000
-4.77,19.85,0.000000
-4.27,19.85,0.000000
-3.77,19.85,0.000000
-3.27,19.85,0.000000
-2.76,19.85,0.000000
-2.26,19.85,0.000000
-1.76,19.85,0.000000
-1.26,19.85,0.000000
-0.75,19.85,0.000000
-0.25,19.85,0.000000
0.25,19.85,0.003345
0.75,19.85,0.010027
1.26,19.85,0.016691
1.76,19.85,0.023322
2.26,19.85,0.029910
2.76,19.85,0.036441
3.27,19.85,0.042905
3.77,19.85,0.049291
4.27,19.85,0.055589
4.77,19.85,0.061789
5.28,19.85,0.067883
5.78,19.85,0.073864
6.28,19.85,0.079723
6.78,19.85,0.085456
7.29,19.85,0.091058
7.79,19.85,0.096523
8.29,19.85,0.101850
8.79,19.85,0.107034
9.30,19.85,0.112074
9.80,19.85,0.116970
10.30,19.85,0.121720
10.80,19.85,0.126326
11.31,19.85,0.130786
11.81,19.85,0.135104
12.31,19.85,0.139279
12.81,19.85,0.143315
13.32,19.85,0.147214
13.82,19.85,0.150978
14.32,19.85,0.154610
14.82,19.85,0.158114
15.33,19.85,0.161493
15.83,19.85,0.164750
16.33,19.85,0.167888
16.83,19.85,0.170912
17.34,19.85,0.173824
17.84,19.85,0.176629
18.34,19.85,0.179330
18.84,19.85,0.181931
19.35,19.85,0.184435
19.85,19.85,0.186845
20.35,19.85,0.189166
20.85,19.85,0.191400
21.36,19.85,0.193552
21.86,19.85,0.195623
22.36,19.85,0.197617
22.86,19.85,0.199538
23.37,19.85,0.201388
23.87,19.85,0.203169
24.37,19.85,0.204886
24.87,19.85,0.206539
25.38,19.85,0.208133
25.88,19.85,0.209669
26.38,19.85,0.211150
26.88,19.85,0.212577
27.39,19.85,0.213954
27.89,19.85,0.215282
28.39,19.85,0.216563
28.89,19.85,0.217799
29.40,19.85,0.218993
29.90,19.85,0.220144
30.40,19.85,0.221257
30.90,19.85,0.222331
31.41,19.85,0.223369
31.91,19.85,0.224372
32.41,19.85,0.225341
32.91,19.85,0.226278
33.42,19.85,0.227184
33.92,19.85,0.228060
34.42,19.85,0.228908
34.92,19.85,0.229728
35.43,19.85,0.230522
35.93,19.85,0.231291
36.43,19.85,0.232035
36.93,19.85,0.232757
37.44,19.85,0.233455
37.94,19.85,0.234132
38.44,19.85,0.234788
38.94,19.85,0.235424
39.45,19.85,0.236041
39.95,19.85,0.236640
40.45,19.85,0.237220
40.95,19.85,0.237783
41.46,19.85,0.238330
41.96,19.85,0.238861
42.46,19.85,0.239377
42.96,19.85,0.239877
43.47,19.85,0.240364
43.97,19.85,0.240836
44.47,19.85,0.241296
44.97,19.85,0.241742
45.48,19.85,0.242177
45.98,19.85,0.242599
46.48,19.85,0.243010
46.98,19.85,0.243409
47.49,19.85,0.243798
47.99,19.85,0.244177
48.49,19.85,0.244546
48.99,19.85,0.244904
49.50,19.85,0.245254
50.00,19.85,0.245594
-50.00,20.35,0.000000
-49.50,20.35,0.000000
-48.99,20.35,0.000000
-48.49,20.35,0.000000
-47.99,20.35,0.000000
-47.49,20.35,0.000000
-46.98,20.35,0.000000
-46.48,20.35,0.000000
-45.98,20.35,0.000000
-45.48,20.35,0.000000
-44.97,20.35,0.000000
-44.47,20.35,0.000000
-43.97,20.35,0.000000
-43.47,20.35,0.000000
-42.96,20.35,0.000000
-42.46,20.35,0.000000
-41.96,20.35,0.000000
-41.46,20.35,0.000000
-40.95,20.35,0.000000
-40.45,20.35,0.000000
-39.95,20.35,0.000000
-39.45,20.35,0.000000
-38.94,20.35,0.000000
-38.44,20.35,0.000000
-37.94,20.35,0.000000
-37.44,20.35,0.000000
-36.93,20.35,0.000000
-36.43,20.35,0.000000
-35.93,20.35,0.000000
-35.43,20.35,0.000000
-34.92,20.35,0.000000
-34.42,20.35,0.000000
-33.92,20.35,0.000000
-33.42,20.35,0.000000
-32.91,20.35,0.000000
-32.41,20.35,0.000000
-31.91,20.35,0.000000
-31.41,20.35,0.000000
-30.90,20.35,0.000000
-30.40,20.35,0.000000
-29.90,20.35,0.000000
-29.40,20.35,0.000000
-28.89,20.35,0.000000
-28.39,20.35,0.000000
-27.89,20.35,0.000000
-27.39,20.35,0.000000
-26.88,20.35,0.000000
-26.38,20.35,0.000000
-25.88,20.35,0.000000
-25.38,20.35,0.000000
-24.87,20.35,0.000000
-24.37,20.35,0.000000
-23.87,20.35,0.000000
-23.37,20.35,0.000000
-22.86,20.35,0.000000
-22.36,20.35,0.000000
-21.86,20.35,0.000000
-21.36,20.35,0.000000
-20.85,20.35,0.000000
-20.35,20.35,0.000000
-19.85,20.35,0.000000
-19.35,20.35,0.000000
-18.84,20.35,0.000000
-18.34,20.35,0.000000
-17.84,20.35,0.000000
-17.34,20.35,0.000000
-16.83,20.35,0.000000
-16.33,20.35,0.000000
-15.83,20.35,0.000000
-15.33,20.35,0.000000
-14.82,20.35,0.000000
-14.32,20.35,0.000000
-13.82,20.35,0.000000
-13.32,20.35,0.000000
-12.81,20.35,0.000000
-12.31,20.35,0.000000
-11.81,20.35,0.000000
-11.31,20.35,0.000000
-10.80,20.35,0.000000
-10.30,20.35,0.000000
-9.80,20.35,0.000000
-9.30,20.35,0.000000
-8.79,20.35,0.000000
-8.29,20.35,0.000000
-7.79,20.35,0.000000
-7.29,20.35,0.000000
-6.78,20.35,0.000000
-6.28,20.35,0.000000
-5.78,20.35,0.000000
-5.28,20.35,0.000000
-4.77,20.35,0.000000
-4.27,20.35,0.000000
-3.77,20.35,0.000000
-3.27,20.35,0.000000
-2.76,20.35,0.000000
-2.26,20.35,0.000000
-1.76,20.35,0.000000
-1.26,20.35,0.000000
-0.75,20.35,0.000000
-0.25,20.35,0.000000
0.25,20.35,0.003262
0.75,20.35,0.009780
1.26,20.35,0.016280
1.76,20.35,0.022751
2.26,20.35,0.029180
2.76,20.35,0.035558
3.27,20.35,0.041873
3.77,20.35,0.048115
4.27,20.35,0.054275
4.77,20.35,0.060344
5.28,20.35,0.066314
5.78,20.35,0.072178
6.28,20.35,0.077928
6.78,20.35,0.083560
7.29,20.35,0.089068
7.79,20.35,0.094448
8.29,20.35,0.099697
8.79,20.35,0.104811
9.30,20.35,0.109790
9.80,20.35,0.114631
10.30,20.35,0.119334
10.80,20.35,0.123899
11.31,20.35,0.128326
11.81,20.35,0.132616
12.31,20.35,0.136770
12.81,20.35,0.140790
13.32,20.35,0.144678
13.82,20.35,0.148437
14.32,20.35,0.152068
14.82,20.35,0.155575
15.33,20.35,0.158960
15.83,20.35,0.162227
16.33,20.35,0.165379
16.83,20.35,0.168419
17.34,20.35,0.171350
17.84,20.35,0.174176
18.34,20.35,0.176900
18.84,20.35,0.179526
19.35,20.35,0.182057
19.85,20.35,0.184495
20.35,20.35,0.186845
20.85,20.35,0.189110
21.36,20.35,0.191292
21.86,20.35,0.193395
22.36,20.35,0.195422
22.86,20.35,0.197375
23.37,20.35,0.199258
23.87,20.35,0.201073
24.37,20.35,0.202823
24.87,20.35,0.204510
25.38,20.35,0.206137
25.88,20.35,0.207706
26.38,20.35,0.209220
26.88,20.35,0.210680
27.39,20.35,0.212090
27.89,20.35,0.213450
28.39,20.35,0.214763
28.89,20.35,0.216031
29.40,20.35,0.217255
29.90,20.35,0.218438
30.40,20.35,0.219581
30.90,20.35,0.220685
31.41,20.35,0.221752
31.91,20.35,0.222784
32.41,20.35,0.223781
32.91,20.35,0.224746
33.42,20.35,0.225680
33.92,20.35,0.226583
34.42,20.35,0.227457
34.92,20.35,0.228304
35.43,20.35,0.229123
35.93,20.35,0.229917
36.43,20.35,0.230686
36.93,20.35,0.231431
37.44,20.35,0.232153
37.94,20.35,0.232853
38.44,20.35,0.233531
38.94,20.35,0.234190
39.45,20.35,0.234828
39.95,20.35,0.235447
40.45,20.35,0.236049
40.95,20.35,0.236632
41.46,20.35,0.237199
41.96,20.35,0.237749
42.46,20.35,0.238284
42.96,20.35,0.238803
43.47,20.35,0.239307
43.97,20.35,0.239798
44.47,20.35,0.240275
44.97,20.35,0.240738
45.48,20.35,0.241189
45.98,20.35,0.241628
46.48,20.35,0.242055
46.98,20.35,0.242470
47.49,20.35,0.242874
47.99,20.35,0.243268
48.49,20.35,0.243651
48.99,20.35,0.244024
49.50,20.35,0.244387
50.00,20.35,0.244742
-50.00,20.85,0.000000
-49.50,20.85,0.000000
-48.99,20.85,0.000000
-48.49,20.85,0.000000
-47.99,20.85,0.000000
-47.49,20.85,0.000000
-46.98,20.85,0.000000
-46.48,20.85,0.000000
-45.98,20.85,0.000000
-45.48,20.85,0.000000
-44.97,20.85,0.000000
-44.47,20.85,0.000000
-43.97,20.85,0.000000
-43.47,20.85,0.000000
-42.96,20.85,0.000000
-42.46,20.85,0.000000
-41.96,20.85,0.000000
-41.46,20.85,0.000000
-40.95,20.85,0.000000
-40.45,20.85,0.000000
-39.95,20.85,0.000000
-39.45,20.85,0.000000
-38.94,20.85,0.000000
-38.44,20.85,0.000000
-37.94,20.85,0.000000
-37.44,20.85,0.000000
-36.93,20.85,0.000000
-36.43,20.85,0.000000
-35.93,20.85,0.000000
-35.43,20.85,0.000000
-34.92,20.85,0.000000
-34.42,20.85,0.000000
-33.92,20.85,0.000000
-33.42,20.85,0.000000
-32.91,20.85,0.000000
-32.41,20.85,0.000000
-31.91,20.85,0.000000
-31.41,20.85,0.000000
-30.90,20.85,0.000000
-30.40,20.85,0.000000
-29.90,20.85,0.000000
-29.40,20.85,0.000000
-28.89,20.85,0.000000
-28.39,20.85,0.000000
-27.89,20.85,0.000000
-27.39,20.85,0.000000
-26.88,20.85,0.000000
-26.38,20.85,0.000000
-25.88,20.85,0.000000
-25.38,20.85,0.000000
-24.87,20.85,0.000000
-24.37,20.85,0.000000
-23.87,20.85,0.000000
-23.37,20.85,0.000000
-22.86,20.85,0.000000
-22.36,20.85,0.000000
-21.86,20.85,0.000000
-21.36,20.85,0.000000
-20.85,20.85,0.000000
-20.35,20.85,0.000000
-19.85,20.85,0.000000
-19.35,20.85,0.000000
-18.84,20.85,0.000000
-18.34,20.85,0.000000
-17.84,20.85,0.000000
-17.34,20.85,0.000000
-16.83,20.85,0.000000
-16.33,20.85,0.000000
-15.83,20.85,0.000000
-15.33,20.85,0.000000
-14.82,20.85,0.000000
-14.32,20.85,0.000000
-13.82,20.85,0.000000
-13.32,20.85,0.000000
-12.81,20.85,0.000000
-12.31,20.85,0.000000
-11.81,20.85,0.000000
-11.31,20.85,0.000000
-10.80,20.85,0.000000
-10.30,20.85,0.000000
-9.80,20.85,0.000000
-9.30,20.85,0.000000
-8.79,20.85,0.000000
-8.29,20.85,0.000000
-7.79,20.85,0.000000
-7.29,20.85,0.000000
-6.78,20.85,0.000000
-6.28,20.85,0.000000
-5.78,20.85,0.000000
-5.28,20.85,0.000000
-4.77,20.85,0.000000
-4.27,20.85,0.000000
-3.77,20.85,0.000000
-3.27,20.85,0.000000
-2.76,20.85,0.000000
-2.26,20.85,0.000000
-1.76,20.85,0.000000
-1.26,20.85,0.000000
-0.75,20.85,0.000000
-0.25,20.85,0.000000
0.25,20.85,0.003183
0.75,20.85,0.009545
1.26,20.85,0.015889
1.76,20.85,0.022206
2.26,20.85,0.028485
2.76,20.85,0.034716
3.27,20.85,0.040888
3.77,20.85,0.046993
4.27,20.85,0.053021
4.77,20.85,0.058963
5.28,20.85,0.064813
5.78,20.85,0.070564
6.28,20.85,0.076208
6.78,20.85,0.081741
7.29,20.85,0.087158
7.79,20.85,0.092454
8.29,20.85,0.097626
8.79,20.85,0.102671
9.30,20.85,0.107587
9.80,20.85,0.112373
10.30,20.85,0.117028
10.80,20.85,0.121551
11.31,20.85,0.125943
11.81,20.85,0.130203
12.31,20.85,0.134334
12.81,20.85,0.138336
13.32,20.85,0.142211
13.82,20.85,0.145961
14.32,20.85,0.149588
14.82,20.85,0.153095
15.33,20.85,0.156484
15.83,20.85,0.159758
16.33,20.85,0.162920
16.83,20.85,0.165974
17.34,20.85,0.168921
17.84,20.85,0.171765
18.34,20.85,0.174510
18.84,20.85,0.177158
19.35,20.85,0.179712
19.85,20.85,0.182176
20.35,20.85,0.184553
20.85,20.85,0.186845
21.36,20.85,0.189056
21.86,20.85,0.191189
22.36,20.85,0.193246
22.86,20.85,0.195230
23.37,20.85,0.197144
23.87,20.85,0.198990
24.37,20.85,0.200771
24.87,20.85,0.202490
25.38,20.85,0.204149
25.88,20.85,0.205750
26.38,20.85,0.207296
26.88,20.85,0.208788
27.39,20.85,0.210228
27.89,20.85,0.211620
28.39,20.85,0.212964
28.89,20.85,0.214262
29.40,20.85,0.215517
29.90,20.85,0.216730
30.40,20.85,0.217902
30.90,20.85,0.219035
31.41,20.85,0.220131
31.91,20.85,0.221191
32.41,20.85,0.222216
32.91,20.85,0.223209
33.42,20.85,0.224169
33.92,20.85,0.225099
34.42,20.85,0.225999
34.92,20.85,0.226871
35.43,20.85,0.227715
35.93,20.85,0.228533
36.43,20.85,0.229326
36.93,20.85,0.230095
37.44,20.85,0.230840
37.94,20.85,0.231563
38.44,20.85,0.232264
38.94,20.85,0.232944
39.45,20.85,0.233604
39.95,20.85,0.234244
40.45,20.85,0.234866
40.95,20.85,0.235470
41.46,20.85,0.236056
41.96,20.85,0.236625
42.46,20.85,0.237179
42.96,20.85,0.237716
43.47,20.85,0.238239
43.97,20.85,0.238747
44.47,20.85,0.239241
44.97,20.85,0.239722
45.48,20.85,0.240190
45.98,20.85,0.240644
46.48,20.85,0.241087
46.98,20.85,0.241518
47.49,20.85,0.241937
47.99,20.85,0.242346
48.49,20.85,0.242744
48.99,20.85,0.243131
49.50,20.85,0.243509
50.00,20.85,0.243877
-50.00,21.36,0.000000
-49.50,21.36,0.000000
-48.99,21.36,0.000000
-48.49,21.36,0.000000
-47.99,21.36,0.000000
-47.49,21.36,0.000000
-46.98,21.36,0.000000
-46.48,21.36,0.000000
-45.98,21.36,0.000000
-45.48,21.36,0.000000
-44.97,21.36,0.000000
-44.47,21.36,0.000000
-43.97,21.36,0.000000
-43.47,21.36,0.000000
-42.96,21.36,0.000000
-42.46,21.36,0.000000
-41.96,21.36,0.000000
-41.46,21.36,0.000000
-40.95,21.36,0.000000
-40.45,21.36,0.000000
-39.95,21.36,0.000000
-39.45,21.36,0.000000
-38.94,21.36,0.000000
-38.44,21.36,0.000000
-37.94,21.36,0.000000
-37.44,21.36,0.000000
-36.93,21.36,0.000000
-36.43,21.36,0.000000
-35.93,21.36,0.000000
-35.43,21.36,0.000000
-34.92,21.36,0.000000
-34.42,21.36,0.000000
-33.92,21.36,0.000000
-33.42,21.36,0.000000
-32.91,21.36,0.000000
-32.41,21.36,0.000000
-31.91,21.36,0.000000
-31.41,21.36,0.000000
-30.90,21.36,0.000000
-30.40,21.36,0.000000
-29.90,21.36,0.000000
-29.40,21.36,0.000000
-28.89,21.36,0.000000
-28.39,21.36,0.000000
-27.89,21.36,0.000000
-27.39,21.36,0.000000
-26.88,21.36,0.000000
-26.38,21.36,0.000000
-25.88,21.36,0.000000
-25.38,21.36,0.000000
-24.87,21.36,0.000000
-24.37,21.36,0.000000
-23.87,21.36,0.000000
-23.37,21.36,0.000000
-22.86,21.36,0.000000
-22.36,21.36,0.000000
-21.86,21.36,0.000000
-21.36,21.36,0.000000
-20.85,21.36,0.000000
-20.35,21.36,0.000000
-19.85,21.36,0.000000
-19.35,21.36,0.000000
-18.84,21.36,0.000000
-18.34,21.36,0.000000
-17.84,21.36,0.000000
-17.34,21.36,0.000000
-16.83,21.36,0.000000
-16.33,21.36,0.000000
-15.83,21.36,0.000000
-15.33,21.36,0.000000
-14.82,21.36,0.000000
-14.32,21.36,0.000000
-13.82,21.36,0.000000
-13.32,21.36,0.000000
-12.81,21.36,0.000000
-12.31,21.36,0.000000
-11.81,21.36,0.000000
-11.31,21.36,0.000000
-10.80,21.36,0.000000
-10.30,21.36,0.000000
-9.80,21.36,0.000000
-9.30,21.36,0.000000
-8.79,21.36,0.000000
-8.29,21.36,0.000000
-7.79,21.36,0.000000
-7.29,21.36,0.000000
-6.78,21.36,0.000000
-6.28,21.36,0.000000
-5.78,21.36,0.000000
-5.28,21.36,0.000000
-4.77,21.36,0.000000
-4.27,21.36,0.000000
-3.77,21.36,0.000000
-3.27,21.36,0.000000
-2.76,21.36,0.000000
-2.26,21.36,0.000000
-1.76,21.36,0.000000
-1.26,21.36,0.000000
-0.75,21.36,0.000000
-0.25,21.36,0.000000
0.25,21.36,0.003108
0.75,21.36,0.009320
1.26,21.36,0.015517
1.76,21.36,0.021687
2.26,21.36,0.027823
2.76,21.36,0.033913
3.27,21.36,0.039949
3.77,21.36,0.045921
4.27,21.36,0.051822
4.77,21.36,0.057643
5.28,21.36,0.063377
5.78,21.36,0.069018
6.28,21.36,0.074559
6.78,21.36,0.079996
7.29,21.36,0.085323
7.79,21.36,0.090536
8.29,21.36,0.095633
8.79,21.36,0.100609
9.30,21.36,0.105463
9.80,21.36,0.110194
10.30,21.36,0.114799
10.80,21.36,0.119280
11.31,21.36,0.123634
11.81,21.36,0.127864
12.31,21.36,0.131968
12.81,21.36,0.135950
13.32,21.36,0.139809
13.82,21.36,0.143548
14.32,21.36,0.147169
14.82,21.36,0.150673
15.33,21.36,0.154063
15.83,21.36,0.157342
16.33,21.36,0.160512
16.83,21.36,0.163576
17.34,21.36,0.166536
17.84,21.36,0.169396
18.34,21.36,0.172159
18.84,21.36,0.174826
19.35,21.36,0.177402
19.85,21.36,0.179889
20.35,21.36,0.182290
20.85,21.36,0.184608
21.36,21.36,0.186845
21.86,21.36,0.189005
22.36,21.36,0.191090
22.86,21.36,0.193103
23.37,21.36,0.195046
23.87,21.36,0.196922
24.37,21.36,0.198733
24.87,21.36,0.200482
25.38,21.36,0.202171
25.88,21.36,0.203803
26.38,21.36,0.205379
26.88,21.36,0.206901
27.39,21.36,0.208372
27.89,21.36,0.209793
28.39,21.36,0.211167
28.89,21.36,0.212495
29.40,21.36,0.213779
29.90,21.36,0.215020
30.40,21.36,0.216221
30.90,21.36,0.217383
31.41,21.36,0.218506
31.91,21.36,0.219594
32.41,21.36,0.220646
32.91,21.36,0.221666
33.42,21.36,0.222652
33.92,21.36,0.223608
34.42,21.36,0.224533
34.92,21.36,0.225430
35.43,21.36,0.226299
35.93,21.36,0.227142
36.43,21.36,0.227959
36.93,21.36,0.228750
37.44,21.36,0.229519
37.94,21.36,0.230264
38.44,21.36,0.230987
38.94,21.36,0.231688
39.45,21.36,0.232369
39.95,21.36,0.233030
40.45,21.36,0.233672
40.95,21.36,0.234296
41.46,21.36,0.234902
41.96,21.36,0.235491
42.46,21.36,0.236063
42.96,21.36,0.236619
43.47,21.36,0.237159
43.97,21.36,0.237685
44.47,21.36,0.238197
44.97,21.36,0.238694
45.48,21.36,0.239178
45.98,21.36,0.239649
46.48,21.36,0.240108
46.98,21.36,0.240554
47.49,21.36,0.240989
47.99,21.36,0.241413
48.49,21.36,0.241825
48.99,21.36,0.242227
49.50,21.36,0.242619
50.00,21.36,0.243000
-50.00,21.86,0.000000
-49.50,21.86,0.000000
-48.99,21.86,0.000000
-48.49,21.86,0.000000
-47.99,21.86,0.000000
-47.49,21.86,0.000000
-46.98,21.86,0.000000
-46.48,21.86,0.000000
-45.98,21.86,0.000000
-45.48,21.86,0.000000
-44.97,21.86,0.000000
-44.47,21.86,0.000000
-43.97,21.86,0.000000
-43.47,21.86,0.000000
-42.96,21.86,0.000000
-42.46,21.86,0.000000
-41.96,21.86,0.000000
-41.46,21.86,0.000000
-40.95,21.86,0.000000
-40.45,21.86,0.000000
-39.95,21.86,0.000000
-39.45,21.86,0.000000
-38.94,21.86,0.000000
-38.44,21.86,0.000000
-37.94,21.86,0.000000
-37.44,21.86,0.000000
-36.93,21.86,0.000000
-36.43,21.86,0.000000
-35.93,21.86,0.000000
-35.43,21.86,0.000000
-34.92,21.86,0.000000
-34.42,21.86,0.000000
-33.92,21.86,0.000000
-33.42,21.86,0.000000
-32.91,21.86,0.000000
-32.41,21.86,0.000000
-31.91,21.86,0.000000
-31.41,21.86,0.000000
-30.90,21.86,0.000000
-30.40,21.86,0.000000
-29.90,21.86,0.000000
-29.40,21.86,0.000000
-28.89,21.86,0.000000
-28.39,21.86,0.000000
-27.89,21.86,0.000000
-27.39,21.86,0.000000
-26.88,21.86,0.000000
-26.38,21.86,0.000000
-25.88,21.86,0.000000
-25.38,21.86,0.000000
-24.87,21.86,0.000000
-24.37,21.86,0.000000
-23.87,21.86,0.000000
-23.37,21.86,0.000000
-22.86,21.86,0.000000
-22.36,21.86,0.000000
-21.86,21.86,0.000000
-21.36,21.86,0.000000
-20.85,21.86,0.000000
-20.35,21.86,0.000000
-19.85,21.86,0.000000
-19.35,21.86,0.000000
-18.84,21.86,0.000000
-18.34,21.86,0.000000
-17.84,21.86,0.000000
-17.34,21.86,0.000000
-16.83,21.86,0.000000
-16.33,21.86,0.000000
-15.83,21.86,0.000000
-15.33,21.86,0.000000
-14.82,21.86,0.000000
-14.32,21.86,0.000000
-13.82,21.86,0.000000
-13.32,21.86,0.000000
-12.81,21.86,0.000000
-12.31,21.86,0.000000
-11.81,21.86,0.000000
-11.31,21.86,0.000000
-10.80,21.86,0.000000
-10.30,21.86,0.000000
-9.80,21.86,0.000000
-9.30,21.86,0.000000
-8.79,21.86,0.000000
-8.29,21.86,0.000000
-7.79,21.86,0.000000
-7.29,21.86,0.000000
-6.78,21.86,0.000000
-6.28,21.86,0.000000
-5.78,21.86,0.000000
-5.28,21.86,0.000000
-4.77,21.86,0.000000
-4.27,21.86,0.000000
-3.77,21.86,0.000000
-3.27,21.86,0.000000
-2.76,21.86,0.000000
-2.26,21.86,0.000000
-1.76,21.86,0.000000
-1.26,21.86,0.000000
-0.75,21.86,0.000000
-0.25,21.86,0.000000
0.25,21.86,0.003037
0.75,21.86,0.009106
1.26,21.86,0.015161
1.76,21.86,0.021192
2.26,21.86,0.027190
2.76,21.86,0.033146
3.27,21.86,0.039050
3.77,21.86,0.044896
4.27,21.86,0.050675
4.77,21.86,0.056379
5.28,21.86,0.062001
5.78,21.86,0.067536
6.28,21.86,0.072978
6.78,21.86,0.078320
7.29,21.86,0.083560
7.79,21.86,0.088692
8.29,21.86,0.093714
8.79,21.86,0.098622
9.30,21.86,0.103414
9.80,21.86,0.108089
10.30,21.86,0.112645
10.80,21.86,0.117081
11.31,21.86,0.121398
11.81,21.86,0.125594
12.31,21.86,0.129672
12.81,21.86,0.133631
13.32,21.86,0.137473
13.82,21.86,0.141198
14.32,21.86,0.144810
14.82,21.86,0.148309
15.33,21.86,0.151698
15.83,21.86,0.154979
16.33,21.86,0.158154
16.83,21.86,0.161226
17.34,21.86,0.164197
17.84,21.86,0.167070
18.34,21.86,0.169847
18.84,21.86,0.172532
19.35,21.86,0.175127
19.85,21.86,0.177635
20.35,21.86,0.180057
20.85,21.86,0.182398
21.36,21.86,0.184660
21.86,21.86,0.186845
22.36,21.86,0.188956
22.86,21.86,0.190996
23.37,21.86,0.192966
23.87,21.86,0.194870
24.37,21.86,0.196710
24.87,21.86,0.198487
25.38,21.86,0.200205
25.88,21.86,0.201865
26.38,21.86,0.203470
26.88,21.86,0.205021
27.39,21.86,0.206521
27.89,21.86,0.207971
28.39,21.86,0.209373
28.89,21.86,0.210730
29.40,21.86,0.212042
29.90,21.86,0.213311
30.40,21.86,0.214540
30.90,21.86,0.215729
31.41,21.86,0.216880
31.91,21.86,0.217994
32.41,21.86,0.219073
32.91,21.86,0.220118
33.42,21.86,0.221131
33.92,21.86,0.222112
34.42,21.86,0.223062
34.92,21.86,0.223984
35.43,21.86,0.224877
35.93,21.86,0.225743
36.43,21.86,0.226583
36.93,21.86,0.227398
37.44,21.86,0.228189
37.94,21.86,0.228956
38.44,21.86,0.229700
38.94,21.86,0.230423
39.45,21.86,0.231125
39.95,21.86,0.231807
40.45,21.86,0.232469
40.95,21.86,0.233113
41.46,21.86,0.233738
41.96,21.86,0.234345
42.46,21.86,0.234936
42.96,21.86,0.235511
43.47,21.86,0.236069
43.97,21.86,0.236612
44.47,21.86,0.237141
44.97,21.86,0.237655
45.48,21.86,0.238156
45.98,21.86,0.238643
46.48,21.86,0.239118
46.98,21.86,0.239580
47.49,21.86,0.240030
47.99,21.86,0.240468
48.49,21.86,0.240895
48.99,21.86,0.241311
49.50,21.86,0.241717
50.00,21.86,0.242113
-50.00,22.36,0.000000
-49.50,22.36,0.000000
-48.99,22.36,0.000000
-48.49,22.36,0.000000
-47.99,22.36,0.000000
-47.49,22.36,0.000000
-46.98,22.36,0.000000
-46.48,22.36,0.000000
-45.98,22.36,0.000000
-45.48,22.36,0.000000
-44.97,22.36,0.000000
-44.47,22.36,0.000000
-43.97,22.36,0.000000
-43.47,22.36,0.000000
-42.96,22.36,0.000000
-42.46,22.36,0.000000
-41.96,22.36,0.000000
-41.46,22.36,0.000000
-40.95,22.36,0.000000
-40.45,22.36,0.000000
-39.95,22.36,0.000000
-39.45,22.36,0.000000
-38.94,22.36,0.000000
-38.44,22.36,0.000000
-37.94,22.36,0.000000
-37.44,22.36,0.000000
-36.93,22.36,0.000000
-36.43,22.36,0.000000
-35.93,22.36,0.000000
-35.43,22.36,0.000000
-34.92,22.36,0.000000
-34.42,22.36,0.000000
-33.92,22.36,0.000000
-33.42,22.36,0.000000
-32.91,22.36,0.000000
-32.41,22.36,0.000000
-31.91,22.36,0.000000
-31.41,22.36,0.000000
-30.90,22.36,0.000000
-30.40,22.36,0.000000
-29.90,22.36,0.000000
-29.40,22.36,0.000000
-28.89,22.36,0.000000
-28.39,22.36,0.000000
-27.89,22.36,0.000000
-27.39,22.36,0.000000
-26.88,22.36,0.000000
-26.38,22.36,0.000000
-25.88,22.36,0.000000
-25.38,22.36,0.000000
-24.87,22.36,0.000000
-24.37,22.36,0.000000
-23.87,22.36,0.000000
-23.37,22.36,0.000000
-22.86,22.36,0.000000
-22.36,22.36,0.000000
-21.86,22.36,0.000000
-21.36,22.36,0.000000
-20.85,22.36,0.000000
-20.35,22.36,0.000000
-19.85,22.36,0.000000
-19.35,22.36,0.000000
-18.84,22.36,0.000000
-18.34,22.36,0.000000
-17.84,22.36,0.000000
-17.34,22.36,0.000000
-16.83,22.36,0.000000
-16.33,22.36,0.000000
-15.83,22.36,0.000000
-15.33,22.36,0.000000
-14.82,22.36,0.000000
-14.32,22.36,0.000000
-13.82,22.36,0.000000
-13.32,22.36,0.000000
-12.81,22.36,0.000000
-12.31,22.36,0.000000
-11.81,22.36,0.000000
-11.31,22.36,0.000000
-10.80,22.36,0.000000
-10.30,22.36,0.000000
-9.80,22.36,0.000000
-9.30,22.36,0.000000
-8.79,22.36,0.000000
-8.29,22.36,0.000000
-7.79,22.36,0.000000
-7.29,22.36,0.000000
-6.78,22.36,0.000000
-6.28,22.36,0.000000
-5.78,22.36,0.000000
-5.28,22.36,0.000000
-4.77,22.36,0.000000
-4.27,22.36,0.000000
-3.77,22.36,0.000000
-3.27,22.36,0.000000
-2.76,22.36,0.000000
-2.26,22.36,0.000000
-1.76,22.36,0.000000
-1.26,22.36,0.000000
-0.75,22.36,0.000000
-0.25,22.36,0.000000
0.25,22.36,0.002969
0.75,22.36,0.008902
1.26,22.36,0.014822
1.76,22.36,0.020719
2.26,22.36,0.026585
2.76,22.36,0.032412
3.27,22.36,0.038191
3.77,22.36,0.043915
4.27,22.36,0.049576
4.77,22.36,0.055167
5.28,22.36,0.060682
5.78,22.36,0.066114
6.28,22.36,0.071459
6.78,22.36,0.076710
7.29,22.36,0.081864
7.79,22.36,0.086917
8.29,22.36,0.091865
8.79,22.36,0.096705
9.30,22.36,0.101436
9.80,22.36,0.106055
10.30,22.36,0.110561
10.80,22.36,0.114952
11.31,22.36,0.119230
11.81,22.36,0.123393
12.31,22.36,0.127442
12.81,22.36,0.131377
13.32,22.36,0.135199
13.82,22.36,0.138910
14.32,22.36,0.142510
14.82,22.36,0.146002
15.33,22.36,0.149387
15.83,22.36,0.152668
16.33,22.36,0.155845
16.83,22.36,0.158923
17.34,22.36,0.161902
17.84,22.36,0.164786
18.34,22.36,0.167576
18.84,22.36,0.170276
19.35,22.36,0.172887
19.85,22.36,0.175413
20.35,22.36,0.177856
20.85,22.36,0.180218
21.36,22.36,0.182502
21.86,22.36,0.184710
22.36,22.36,0.186845
22.86,22.36,0.188910
23.37,22.36,0.190906
23.87,22.36,0.192836
24.37,22.36,0.194702
24.87,22.36,0.196506
25.38,22.36,0.198251
25.88,22.36,0.199939
26.38,22.36,0.201571
26.88,22.36,0.203150
27.39,22.36,0.204677
27.89,22.36,0.206155
28.39,22.36,0.207585
28.89,22.36,0.208969
29.40,22.36,0.210308
29.90,22.36,0.211604
30.40,22.36,0.212860
30.90,22.36,0.214075
31.41,22.36,0.215253
31.91,22.36,0.216393
32.41,22.36,0.217498
32.91,22.36,0.218568
33.42,22.36,0.219606
33.92,22.36,0.220612
34.42,22.36,0.221587
34.92,22.36,0.222532
35.43,22.36,0.223449
35.93,22.36,0.224338
36.43,22.36,0.225201
36.93,22.36,0.226039
37.44,22.36,0.226851
37.94,22.36,0.227640
38.44,22.36,0.228406
38.94,22.36,0.229150
39.45,22.36,0.229873
39.95,22.36,0.230575
40.45,22.36,0.231257
40.95,22.36,0.231920
41.46,22.36,0.232564
41.96,22.36,0.233191
42.46,22.36,0.233800
42.96,22.36,0.234392
43.47,22.36,0.234969
43.97,22.36,0.235530
44.47,22.36,0.236075
44.97,22.36,0.236606
45.48,22.36,0.237123
45.98,22.36,0.237627
46.48,22.36,0.238117
46.98,22.36,0.238595
47.49,22.36,0.239060
47.99,22.36,0.239513
48.49,22.36,0.239955
48.99,22.36,0.240385
49.50,22.36,0.240805
50.00,22.36,0.241214
-50.00,22.86,0.000000
-49.50,22.86,0.000000
-48.99,22.86,0.000000
-48.49,22.86,0.000000
-47.99,22.86,0.000000
-47.49,22.86,0.000000
-46.98,22.86,0.000000
-46.48,22.86,0.000000
-45.98,22.86,0.000000
-45.48,22.86,0.000000
-44.97,22.86,0.000000
-44.47,22.86,0.000000
-43.97,22.86,0.000000
-43.47,22.86,0.000000
-42.96,22.86,0.000000
-42.46,22.86,0.000000
-41.96,22.86,0.000000
-41.46,22.86,0.000000
-40.95,22.86,0.000000
-40.45,22.86,0.000000
-39.95,22.86,0.000000
-39.45,22.86,0.000000
-38.94,22.86,0.000000
-38.44,22.86,0.000000
-37.94,22.86,0.000000
-37.44,22.86,0.000000
-36.93,22.86,0.000000
-36.43,22.86,0.000000
-35.93,22.86,0.000000
-35.43,22.86,0.000000
-34.92,22.86,0.000000
-34.42,22.86,0.000000
-33.92,22.86,0.000000
-33.42,22.86,0.000000
-32.91,22.86,0.000000
-32.41,22.86,0.000000
-31.91,22.86,0.000000
-31.41,22.86,0.000000
-30.90,22.86,0.000000
-30.40,22.86,0.000000
-29.90,22.86,0.000000
-29.40,22.86,0.000000
-28.89,22.86,0.000000
-28.39,22.86,0.000000
-27.89,22.86,0.000000
-27.39,22.86,0.000000
-26.88,22.86,0.000000
-26.38,22.86,0.000000
-25.88,22.86,0.000000
-25.38,22.86,0.000000
-24.87,22.86,0.000000
-24.37,22.86,0.000000
-23.87,22.86,0.000000
-23.37,22.86,0.000000
-22.86,22.86,0.000000
-22.36,22.86,0.000000
-21.86,22.86,0.000000
-21.36,22.86,0.000000
-20.85,22.86,0.000000
-20.35,22.86,0.000000
-19.85,22.86,0.000000
-19.35,22.86,0.000000
-18.84,22.86,0.000000
-18.34,22.86,0.000000
-17.84,22.86,0.000000
-17.34,22.86,0.000000
-16.83,22.86,0.000000
-16.33,22.86,0.000000
-15.83,22.86,0.000000
-15.33,22.86,0.000000
-14.82,22.86,0.000000
-14.32,22.86,0.000000
-13.82,22.86,0.000000
-13.32,22.86,0.000000
-12.81,22.86,0.000000
-12.31,22.86,0.000000
-11.81,22.86,0.000000
-11.31,22.86,0.000000
-10.80,22.86,0.000000
-10.30,22.86,0.000000
-9.80,22.86,0.000000
-9.30,22.86,0.000000
-8.79,22.86,0.000000
-8.29,22.86,0.000000
-7.79,22.86,0.000000
-7.29,22.86,0.000000
-6.78,22.86,0.000000
-6.28,22.86,0.000000
-5.78,22.86,0.000000
-5.28,22.86,0.000000
-4.77,22.86,0.000000
-4.27,22.86,0.000000
-3.77,22.86,0.000000
-3.27,22.86,0.000000
-2.76,22.86,0.000000
-2.26,22.86,0.000000
-1.76,22.86,0.000000
-1.26,22.86,0.000000
-0.75,22.86,0.000000
-0.25,22.86,0.000000
0.25,22.86,0.002904
0.75,22.86,0.008706
1.26,22.86,0.014497
1.76,22.86,0.020266
2.26,22.86,0.026007
2.76,22.86,0.031710
3.27,22.86,0.037369
3.77,22.86,0.042976
4.27,22.86,0.048524
4.77,22.86,0.054006
5.28,22.86,0.059417
5.78,22.86,0.064750
6.28,22.86,0.070000
6.78,22.86,0.075162
7.29,22.86,0.080232
7.79,22.86,0.085207
8.29,22.86,0.090083
8.79,22.86,0.094856
9.30,22.86,0.099526
9.80,22.86,0.104089
10.30,22.86,0.108544
10.80,22.86,0.112891
11.31,22.86,0.117129
11.81,22.86,0.121257
12.31,22.86,0.125276
12.81,22.86,0.129185
13.32,22.86,0.132986
13.82,22.86,0.136680
14.32,22.86,0.140268
14.82,22.86,0.143750
15.33,22.86,0.147130
15.83,22.86,0.150408
16.33,22.86,0.153586
16.83,22.86,0.156667
17.34,22.86,0.159652
17.84,22.86,0.162544
18.34,22.86,0.165345
18.84,22.86,0.168057
19.35,22.86,0.170683
19.85,22.86,0.173225
20.35,22.86,0.175686
20.85,22.86,0.178067
21.36,22.86,0.180371
21.86,22.86,0.182600
22.36,22.86,0.184758
22.86,22.86,0.186845
23.37,22.86,0.188865
23.87,22.86,0.190819
24.37,22.86,0.192710
24.87,22.86,0.194540
25.38,22.86,0.196311
25.88,22.86,0.198024
26.38,22.86,0.199683
26.88,22.86,0.201288
27.39,22.86,0.202841
27.89,22.86,0.204346
28.39,22.86,0.205802
28.89,22.86,0.207212
29.40,22.86,0.208578
29.90,22.86,0.209900
30.40,22.86,0.211182
30.90,22.86,0.212423
31.41,22.86,0.213626
31.91,22.86,0.214791
32.41,22.86,0.215921
32.91,22.86,0.217017
33.42,22.86,0.218078
33.92,22.86,0.219108
34.42,22.86,0.220107
34.92,22.86,0.221076
35.43,22.86,0.222016
35.93,22.86,0.222928
36.43,22.86,0.223814
36.93,22.86,0.224673
37.44,22.86,0.225508
37.94,22.86,0.226318
38.44,22.86,0.227105
38.94,22.86,0.227870
39.45,22.86,0.228613
39.95,22.86,0.229335
40.45,22.86,0.230037
40.95,22.86,0.230719
41.46,22.86,0.231382
41.96,22.86,0.232027
42.46,22.86,0.232655
42.96,22.86,0.233265
43.47,22.86,0.233859
43.97,22.86,0.234437
44.47,22.86,0.235000
44.97,22.86,0.235548
45.48,22.86,0.236081
45.98,22.86,0.236601
46.48,22.86,0.237107
46.98,22.86,0.237600
47.49,22.86,0.238080
47.99,22.86,0.238548
48.49,22.86,0.239004
48.99,22.86,0.239449
49.50,22.86,0.239883
50.00,22.86,0.240306
-50.00,23.37,0.000000
-49.50,23.37,0.000000
-48.99,23.37,0.000000
-48.49,23.37,0.000000
-47.99,23.37,0.000000
-47.49,23.37,0.000000
-46.98,23.37,0.000000
-46.48,23.37,0.000000
-45.98,23.37,0.000000
-45.48,23.37,0.000000
-44.97,23.37,0.000000
-44.47,23.37,0.000000
-43.97,23.37,0.000000
-43.47,23.37,0.000000
-42.96,23.37,0.000000
-42.46,23.37,0.000000
-41.96,23.37,0.000000
-41.46,23.37,0.000000
-40.95,23.37,0.000000
-40.45,23.37,0.000000
-39.95,23.37,0.000000
-39.45,23.37,0.000000
-38.94,23.37,0.000000
-38.44,23.37,0.000000
-37.94,23.37,0.000000
-37.44,23.37,0.000000
-36.93,23.37,0.000000
-36.43,23.37,0.000000
-35.93,23.37,0.000000
-35.43,23.37,0.000000
-34.92,23.37,0.000000
-34.42,23.37,0.000000
-33.92,23.37,0.000000
-33.42,23.37,0.000000
-32.91,23.37,0.000000
-32.41,23.37,0.000000
-31.91,23.37,0.000000
-31.41,23.37,0.000000
-30.90,23.37,0.000000
-30.40,23.37,0.000000
-29.90,23.37,0.000000
-29.40,23.37,0.000000
-28.89,23.37,0.000000
-28.39,23.37,0.000000
-27.89,23.37,0.000000
-27.39,23.37,0.000000
-26.88,23.37,0.000000
-26.38,23.37,0.000000
-25.88,23.37,0.000000
-25.38,23.37,0.000000
-24.87,23.37,0.000000
-24.37,23.37,0.000000
-23.87,23.37,0.000000
-23.37,23.37,0.000000
-22.86,23.37,0.000000
-22.36,23.37,0.000000
-21.86,23.37,0.000000
-21.36,23.37,0.000000
-20.85,23.37,0.000000
-20.35,23.37,0.000000
-19.85,23.37,0.000000
-19.35,23.37,0.000000
-18.84,23.37,0.000000
-18.34,23.37,0.000000
-17.84,23.37,0.000000
-17.34,23.37,0.000000
-16.83,23.37,0.000000
-16.33,23.37,0.000000
-15.83,23.37,0.000000
-15.33,23.37,0.000000
-14.82,23.37,0.000000
-14.32,23.37,0.000000
-13.82,23.37,0.000000
-13.32,23.37,0.000000
-12.81,23.37,0.000000
-12.31,23.37,0.000000
-11.81,23.37,0.000000
-11.31,23.37,0.000000
-10.80,23.37,0.000000
-10.30,23.37,0.000000
-9.80,23.37,0.000000
-9.30,23.37,0.000000
-8.79,23.37,0.000000
-8.29,23.37,0.000000
-7.79,23.37,0.000000
-7.29,23.37,0.000000
-6.78,23.37,0.000000
-6.28,23.37,0.000000
-5.78,23.37,0.000000
-5.28,23.37,0.000000
-4.77,23.37,0.000000
-4.27,23.37,0.000000
-3.77,23.37,0.000000
-3.27,23.37,0.000000
-2.76,23.37,0.000000
-2.26,23.37,0.000000
-1.76,23.37,0.000000
-1.26,23.37,0.000000
-0.75,23.37,0.000000
-0.25,23.37,0.000000
0.25,23.37,0.002841
0.75,23.37,0.008519
1.26,23.37,0.014186
1.76,23.37,0.019833
2.26,23.37,0.025453
2.76,23.37,0.031038
3.27,23.37,0.036581
3.77,23.37,0.042075
4.27,23.37,0.047514
4.77,23.37,0.052892
5.28,23.37,0.058202
5.78,23.37,0.063438
6.28,23.37,0.068597
6.78,23.37,0.073673
7.29,23.37,0.078661
7.79,23.37,0.083560
8.29,23.37,0.088364
8.79,23.37,0.093072
9.30,23.37,0.097681
9.80,23.37,0.102188
10.30,23.37,0.106594
10.80,23.37,0.110895
11.31,23.37,0.115092
11.81,23.37,0.119185
12.31,23.37,0.123172
12.81,23.37,0.127055
13.32,23.37,0.130833
13.82,23.37,0.134509
14.32,23.37,0.138081
14.82,23.37,0.141553
15.33,23.37,0.144925
15.83,23.37,0.148198
16.33,23.37,0.151375
16.83,23.37,0.154457
17.34,23.37,0.157446
17.84,23.37,0.160344
18.34,23.37,0.163154
18.84,23.37,0.165877
19.35,23.37,0.168515
19.85,23.37,0.171071
20.35,23.37,0.173547
20.85,23.37,0.175945
21.36,23.37,0.178268
21.86,23.37,0.180517
22.36,23.37,0.182695
22.86,23.37,0.184803
23.37,23.37,0.186845
23.87,23.37,0.188822
24.37,23.37,0.190737
24.87,23.37,0.192590
25.38,23.37,0.194385
25.88,23.37,0.196123
26.38,23.37,0.197806
26.88,23.37,0.199436
27.39,23.37,0.201015
27.89,23.37,0.202545
28.39,23.37,0.204026
28.89,23.37,0.205462
29.40,23.37,0.206853
29.90,23.37,0.208200
30.40,23.37,0.209507
30.90,23.37,0.210773
31.41,23.37,0.212000
31.91,23.37,0.213190
32.41,23.37,0.214345
32.91,23.37,0.215464
33.42,23.37,0.216550
33.92,23.37,0.217603
34.42,23.37,0.218625
34.92,23.37,0.219617
35.43,23.37,0.220580
35.93,23.37,0.221514
36.43,23.37,0.222422
36.93,23.37,0.223303
37.44,23.37,0.224159
37.94,23.37,0.224990
38.44,23.37,0.225798
38.94,23.37,0.226583
39.45,23.37,0.227346
39.95,23.37,0.228088
40.45,23.37,0.228809
40.95,23.37,0.229510
41.46,23.37,0.230192
41.96,23.37,0.230856
42.46,23.37,0.231502
42.96,23.37,0.232130
43.47,23.37,0.232741
43.97,23.37,0.233336
44.47,23.37,0.233916
44.97,23.37,0.234480
45.48,23.37,0.235030
45.98,23.37,0.235565
46.48,23.37,0.236087
46.98,23.37,0.236595
47.49,23.37,0.237091
47.99,23.37,0.237573
48.49,23.37,0.238044
48.99,23.37,0.238503
49.50,23.37,0.238951
50.00,23.37,0.239388
-50.00,23.87,0.000000
-49.50,23.87,0.000000
-48.99,23.87,0.000000
-48.49,23.87,0.000000
-47.99,23.87,0.000000
-47.49,23.87,0.000000
-46.98,23.87,0.000000
-46.48,23.87,0.000000
-45.98,23.87,0.000000
-45.48,23.87,0.000000
-44.97,23.87,0.000000
-44.47,23.87,0.000000
-43.97,23.87,0.000000
-43.47,23.87,0.000000
-42.96,23.87,0.000000
-42.46,23.87,0.000000
-41.96,23.87,0.000000
-41.46,23.87,0.000000
-40.95,23.87,0.000000
-40.45,23.87,0.000000
-39.95,23.87,0.000000
-39.45,23.87,0.000000
-38.94,23.87,0.000000
-38.44,23.87,0.000000
-37.94,23.87,0.000000
-37.44,23.87,0.000000
-36.93,23.87,0.000000
-36.43,23.87,0.000000
-35.93,23.87,0.000000
-35.43,23.87,0.000000
-34.92,23.87,0.000000
-34.42,23.87,0.000000
-33.92,23.87,0.000000
-33.42,23.87,0.000000
-32.91,23.87,0.000000
-32.41,23.87,0.000000
-31.91,23.87,0.000000
-31.41,23.87,0.000000
-30.90,23.87,0.000000
-30.40,23.87,0.000000
-29.90,23.87,0.000000
-29.40,23.87,0.000000
-28.89,23.87,0.000000
-28.39,23.87,0.000000
-27.89,23.87,0.000000
-27.39,23.87,0.000000
-26.88,23.87,0.000000
-26.38,23.87,0.000000
-25.88,23.87,0.000000
-25.38,23.87,0.000000
-24.87,23.87,0.000000
-24.37,23.87,0.000000
-23.87,23.87,0.000000
-23.37,23.87,0.000000
-22.86,23.87,0.000000
-22.36,23.87,0.000000
-21.86,23.87,0.000000
-21.36,23.87,0.000000
-20.85,23.87,0.000000
-20.35,23.87,0.000000
-19.85,23.87,0.000000
-19.35,23.87,0.000000
-18.84,23.87,0.000000
-18.34,23.87,0.000000
-17.84,23.87,0.000000
-17.34,23.87,0.000000
-16.83,23.87,0.000000
-16.33,23.87,0.000000
-15.83,23.87,0.000000
-15.33,23.87,0.000000
-14.82,23.87,0.000000
-14.32,23.87,0.000000
-13.82,23.87,0.000000
-13.32,23.87,0.000000
-12.81,23.87,0.000000
-12.31,23.87,0.000000
-11.81,23.87,0.000000
-11.31,23.87,0.000000
-10.80,23.87,0.000000
-10.30,23.87,0.000000
-9.80,23.87,0.000000
-9.30,23.87,0.000000
-8.79,23.87,0.000000
-8.29,23.87,0.000000
-7.79,23.87,0.000000
-7.29,23.87,0.000000
-6.78,23.87,0.000000
-6.28,23.87,0.000000
-5.78,23.87,0.000000
-5.28,23.87,0.000000
-4.77,23.87,0.000000
-4.27,23.87,0.000000
-3.77,23.87,0.000000
-3.27,23.87,0.000000
-2.76,23.87,0.000000
-2.26,23.87,0.000000
-1.76,23.87,0.000000
-1.26,23.87,0.000000
-0.75,23.87,0.000000
-0.25,23.87,0.000000
0.25,23.87,0.002781
0.75,23.87,0.008340
1.26,23.87,0.013888
1.76,23.87,0.019418
2.26,23.87,0.024922
2.76,23.87,0.030393
3.27,23.87,0.035825
3.77,23.87,0.041211
4.27,23.87,0.046546
4.77,23.87,0.051822
5.28,23.87,0.057034
5.78,23.87,0.062177
6.28,23.87,0.067247
6.78,23.87,0.072239
7.29,23.87,0.077148
7.79,23.87,0.081972
8.29,23.87,0.086706
8.79,23.87,0.091349
9.30,23.87,0.095898
9.80,23.87,0.100350
10.30,23.87,0.104705
10.80,23.87,0.108961
11.31,23.87,0.113117
11.81,23.87,0.117173
12.31,23.87,0.121128
12.81,23.87,0.124983
13.32,23.87,0.128738
13.82,23.87,0.132393
14.32,23.87,0.135950
14.82,23.87,0.139409
15.33,23.87,0.142771
15.83,23.87,0.146038
16.33,23.87,0.149212
16.83,23.87,0.152293
17.34,23.87,0.155284
17.84,23.87,0.158187
18.34,23.87,0.161003
18.84,23.87,0.163734
19.35,23.87,0.166383
19.85,23.87,0.168951
20.35,23.87,0.171441
20.85,23.87,0.173854
21.36,23.87,0.176193
21.86,23.87,0.178460
22.36,23.87,0.180656
22.86,23.87,0.182785
23.37,23.87,0.184847
23.87,23.87,0.186845
24.37,23.87,0.188781
24.87,23.87,0.190657
25.38,23.87,0.192475
25.88,23.87,0.194236
26.38,23.87,0.195943
26.88,23.87,0.197597
27.39,23.87,0.199199
27.89,23.87,0.200753
28.39,23.87,0.202259
28.89,23.87,0.203718
29.40,23.87,0.205133
29.90,23.87,0.206505
30.40,23.87,0.207836
30.90,23.87,0.209126
31.41,23.87,0.210377
31.91,23.87,0.211591
32.41,23.87,0.212769
32.91,23.87,0.213911
33.42,23.87,0.215020
33.92,23.87,0.216096
34.42,23.87,0.217141
34.92,23.87,0.218155
35.43,23.87,0.219140
35.93,23.87,0.220097
36.43,23.87,0.221026
36.93,23.87,0.221928
37.44,23.87,0.222805
37.94,23.87,0.223657
38.44,23.87,0.224486
38.94,23.87,0.225291
39.45,23.87,0.226073
39.95,23.87,0.226835
40.45,23.87,0.227575
40.95,23.87,0.228295
41.46,23.87,0.228996
41.96,23.87,0.229677
42.46,23.87,0.230341
42.96,23.87,0.230987
43.47,23.87,0.231615
43.97,23.87,0.232227
44.47,23.87,0.232824
44.97,23.87,0.233404
45.48,23.87,0.233970
45.98,23.87,0.234521
46.48,23.87,0.235058
46.98,23.87,0.235582
47.49,23.87,0.236092
47.99,23.87,0.236590
48.49,23.87,0.237075
48.99,23.87,0.237548
49.50,23.87,0.238010
50.00,23.87,0.238460
-50.00,24.37,0.000000
-49.50,24.37,0.000000
-48.99,24.37,0.000000
-48.49,24.37,0.000000
-47.99,24.37,0.000000
-47.49,24.37,0.000000
-46.98,24.37,0.000000
-46.48,24.37,0.000000
-45.98,24.37,0.000000
-45.48,24.37,0.000000
-44.97,24.37,0.000000
-44.47,24.37,0.000000
-43.97,24.37,0.000000
-43.47,24.37,0.000000
-42.96,24.37,0.000000
-42.46,24.37,0.000000
-41.96,24.37,0.000000
-41.46,24.37,0.000000
-40.95,24.37,0.000000
-40.45,24.37,0.000000
-39.95,24.37,0.000000
-39.45,24.37,0.000000
-38.94,24.37,0.000000
-38.44,24.37,0.000000
-37.94,24.37,0.000000
-37.44,24.37,0.000000
-36.93,24.37,0.000000
-36.43,24.37,0.000000
-35.93,24.37,0.000000
-35.43,24.37,0.000000
-34.92,24.37,0.000000
-34.42,24.37,0.000000
-33.92,24.37,0.000000
-33.42,24.37,0.000000
-32.91,24.37,0.000000
-32.41,24.37,0.000000
-31.91,24.37,0.000000
-31.41,24.37,0.000000
-30.90,24.37,0.000000
-30.40,24.37,0.000000
-29.90,24.37,0.000000
-29.40,24.37,0.000000
-28.89,24.37,0.000000
-28.39,24.37,0.000000
-27.89,24.37,0.000000
-27.39,24.37,0.000000
-26.88,24.37,0.000000
-26.38,24.37,0.000000
-25.88,24.37,0.000000
-25.38,24.37,0.000000
-24.87,24.37,0.000000
-24.37,24.37,0.000000
-23.87,24.37,0.000000
-23.37,24.37,0.000000
-22.86,24.37,0.000000
-22.36,24.37,0.000000
-21.86,24.37,0.000000
-21.36,24.37,0.000000
-20.85,24.37,0.000000
-20.35,24.37,0.000000
-19.85,24.37,0.000000
-19.35,24.37,0.000000
-18.84,24.37,0.000000
-18.34,24.37,0.000000
-17.84,24.37,0.000000
-17.34,24.37,0.000000
-16.83,24.37,0.000000
-16.33,24.37,0.000000
-15.83,24.37,0.000000
-15.33,24.37,0.000000
-14.82,24.37,0.000000
-14.32,24.37,0.000000
-13.82,24.37,0.000000
-13.32,24.37,0.000000
-12.81,24.37,0.000000
-12.31,24.37,0.000000
-11.81,24.37,0.000000
-11.31,24.37,0.000000
-10.80,24.37,0.000000
-10.30,24.37,0.000000
-9.80,24.37,0.000000
-9.30,24.37,0.000000
-8.79,24.37,0.000000
-8.29,24.37,0.000000
-7.79,24.37,0.000000
-7.29,24.37,0.000000
-6.78,24.37,0.000000
-6.28,24.37,0.000000
-5.78,24.37,0.000000
-5.28,24.37,0.000000
-4.77,24.37,0.000000
-4.27,24.37,0.000000
-3.77,24.37,0.000000
-3.27,24.37,0.000000
-2.76,24.37,0.000000
-2.26,24.37,0.000000
-1.76,24.37,0.000000
-1.26,24.37,0.000000
-0.75,24.37,0.000000
-0.25,24.37,0.000000
0.25,24.37,0.002724
0.75,24.37,0.008168
1.26,24.37,0.013603
1.76,24.37,0.019019
2.26,24.37,0.024412
2.76,24.37,0.029774
3.27,24.37,0.035100
3.77,24.37,0.040382
4.27,24.37,0.045615
4.77,24.37,0.050793
5.28,24.37,0.055911
5.78,24.37,0.060964
6.28,24.37,0.065948
6.78,24.37,0.070857
7.29,24.37,0.075689
7.79,24.37,0.080440
8.29,24.37,0.085106
8.79,24.37,0.089684
9.30,24.37,0.094174
9.80,24.37,0.098572
10.30,24.37,0.102876
10.80,24.37,0.107087
11.31,24.37,0.111201
11.81,24.37,0.115220
12.31,24.37,0.119143
12.81,24.37,0.122969
13.32,24.37,0.126699
13.82,24.37,0.130333
14.32,24.37,0.133872
14.82,24.37,0.137316
15.33,24.37,0.140668
15.83,24.37,0.143927
16.33,24.37,0.147095
16.83,24.37,0.150174
17.34,24.37,0.153166
17.84,24.37,0.156071
18.34,24.37,0.158892
18.84,24.37,0.161630
19.35,24.37,0.164287
19.85,24.37,0.166866
20.35,24.37,0.169367
20.85,24.37,0.171794
21.36,24.37,0.174148
21.86,24.37,0.176430
22.36,24.37,0.178644
22.86,24.37,0.180790
23.37,24.37,0.182871
23.87,24.37,0.184889
24.37,24.37,0.186845
24.87,24.37,0.188742
25.38,24.37,0.190581
25.88,24.37,0.192364
26.38,24.37,0.194093
26.88,24.37,0.195769
27.39,24.37,0.197395
27.89,24.37,0.198971
28.39,24.37,0.200500
28.89,24.37,0.201983
29.40,24.37,0.203421
29.90,24.37,0.204816
30.40,24.37,0.206170
30.90,24.37,0.207483
31.41,24.37,0.208757
31.91,24.37,0.209994
32.41,24.37,0.211195
32.91,24.37,0.212360
33.42,24.37,0.213491
33.92,24.37,0.214590
34.42,24.37,0.215657
34.92,24.37,0.216693
35.43,24.37,0.217699
35.93,24.37,0.218677
36.43,24.37,0.219627
36.93,24.37,0.220550
37.44,24.37,0.221448
37.94,24.37,0.222320
38.44,24.37,0.223168
38.94,24.37,0.223993
39.45,24.37,0.224795
39.95,24.37,0.225576
40.45,24.37,0.226335
40.95,24.37,0.227073
41.46,24.37,0.227792
41.96,24.37,0.228492
42.46,24.37,0.229173
42.96,24.37,0.229836
43.47,24.37,0.230482
43.97,24.37,0.231111
44.47,24.37,0.231724
44.97,24.37,0.232321
45.48,24.37,0.232902
45.98,24.37,0.233469
46.48,24.37,0.234022
46.98,24.37,0.234560
47.49,24.37,0.235086
47.99,24.37,0.235598
48.49,24.37,0.236097
48.99,24.37,0.236585
49.50,24.37,0.237060
50.00,24.37,0.237524
-50.00,24.87,0.000000
-49.50,24.87,0.000000
-48.99,24.87,0.000000
-48.49,24.87,0.000000
-47.99,24.87,0.000000
-47.49,24.87,0.000000
-46.98,24.87,0.000000
-46.48,24.87,0.000000
-45.98,24.87,0.000000
-45.48,24.87,0.000000
-44.97,24.87,0.000000
-44.47,24.87,0.000000
-43.97,24.87,0.000000
-43.47,24.87,0.000000
-42.96,24.87,0.000000
-42.46,24.87,0.000000
-41.96,24.87,0.000000
-41.46,24.87,0.000000
-40.95,24.87,0.000000
-40.45,24.87,0.000000
-39.95,24.87,0.000000
-39.45,24.87,0.000000
-38.94,24.87,0.000000
-38.44,24.87,0.000000
-37.94,24.87,0.000000
-37.44,24.87,0.000000
-36.93,24.87,0.000000
-36.43,24.87,0.000000
-35.93,24.87,0.000000
-35.43,24.87,0.000000
-34.92,24.87,0.000000
-34.42,24.87,0.000000
-33.92,24.87,0.000000
-33.42,24.87,0.000000
-32.91,24.87,0.000000
-32.41,24.87,0.000000
-31.91,24.87,0.000000
-31.41,24.87,0.000000
-30.90,24.87,0.000000
-30.40,24.87,0.000000
-29.90,24.87,0.000000
-29.40,24.87,0.000000
-28.89,24.87,0.000000
-28.39,24.87,0.000000
-27.89,24.87,0.000000
-27.39,24.87,0.000000
-26.88,24.87,0.000000
-26.38,24.87,0.000000
-25.88,24.87,0.000000
-25.38,24.87,0.000000
-24.87,24.87,0.000000
-24.37,24.87,0.000000
-23.87,24.87,0.000000
-23.37,24.87,0.000000
-22.86,24.87,0.000000
-22.36,24.87,0.000000
-21.86,24.87,0.000000
-21.36,24.87,0.000000
-20.85,24.87,0.000000
-20.35,24.87,0.000000
-19.85,24.87,0.000000
-19.35,24.87,0.000000
-18.84,24.87,0.000000
-18.34,24.87,0.000000
-17.84,24.87,0.000000
-17.34,24.87,0.000000
-16.83,24.87,0.000000
-16.33,24.87,0.000000
-15.83,24.87,0.000000
-15.33,24.87,0.000000
-14.82,24.87,0.000000
-14.32,24.87,0.000000
-13.82,24.87,0.000000
-13.32,24.87,0.000000
-12.81,24.87,0.000000
-12.31,24.87,0.000000
-11.81,24.87,0.000000
-11.31,24.87,0.000000
-10.80,24.87,0.000000
-10.30,24.87,0.000000
-9.80,24.87,0.000000
-9.30,24.87,0.000000
-8.79,24.87,0.000000
-8.29,24.87,0.000000
-7.79,24.87,0.000000
-7.29,24.87,0.000000
-6.78,24.87,0.000000
-6.28,24.87,0.000000
-5.78,24.87,0.000000
-5.28,24.87,0.000000
-4.77,24.87,0.000000
-4.27,24.87,0.000000
-3.77,24.87,0.000000
-3.27,24.87,0.000000
-2.76,24.87,0.000000
-2.26,24.87,0.000000
-1.76,24.87,0.000000
-1.26,24.87,0.000000
-0.75,24.87,0.000000
-0.25,24.87,0.000000
0.25,24.87,0.002669
0.75,24.87,0.008004
1.26,24.87,0.013328
1.76,24.87,0.018637
2.26,24.87,0.023923
2.76,24.87,0.029180
3.27,24.87,0.034403
3.77,24.87,0.039584
4.27,24.87,0.044720
4.77,24.87,0.049804
5.28,24.87,0.054831
5.78,24.87,0.059796
6.28,24.87,0.064696
6.78,24.87,0.069526
7.29,24.87,0.074282
7.79,24.87,0.078961
8.29,24.87,0.083560
8.79,24.87,0.088076
9.30,24.87,0.092507
9.80,24.87,0.096850
10.30,24.87,0.101105
10.80,24.87,0.105270
11.31,24.87,0.109343
11.81,24.87,0.113324
12.31,24.87,0.117214
12.81,24.87,0.121010
13.32,24.87,0.124714
13.82,24.87,0.128326
14.32,24.87,0.131846
14.82,24.87,0.135275
15.33,24.87,0.138614
15.83,24.87,0.141864
16.33,24.87,0.145025
16.83,24.87,0.148100
17.34,24.87,0.151090
17.84,24.87,0.153996
18.34,24.87,0.156820
18.84,24.87,0.159563
19.35,24.87,0.162227
19.85,24.87,0.164814
20.35,24.87,0.167326
20.85,24.87,0.169765
21.36,24.87,0.172131
21.86,24.87,0.174428
22.36,24.87,0.176657
22.86,24.87,0.178820
23.37,24.87,0.180918
23.87,24.87,0.182954
24.37,24.87,0.184929
24.87,24.87,0.186845
25.38,24.87,0.188704
25.88,24.87,0.190508
26.38,24.87,0.192258
26.88,24.87,0.193955
27.39,24.87,0.195602
27.89,24.87,0.197200
28.39,24.87,0.198751
28.89,24.87,0.200256
29.40,24.87,0.201717
29.90,24.87,0.203134
30.40,24.87,0.204510
30.90,24.87,0.205845
31.41,24.87,0.207142
31.91,24.87,0.208401
32.41,24.87,0.209623
32.91,24.87,0.210811
33.42,24.87,0.211964
33.92,24.87,0.213084
34.42,24.87,0.214172
34.92,24.87,0.215229
35.43,24.87,0.216257
35.93,24.87,0.217255
36.43,24.87,0.218226
36.93,24.87,0.219170
37.44,24.87,0.220087
37.94,24.87,0.220979
38.44,24.87,0.221847
38.94,24.87,0.222691
39.45,24.87,0.223513
39.95,24.87,0.224312
40.45,24.87,0.225089
40.95,24.87,0.225846
41.46,24.87,0.226583
41.96,24.87,0.227301
42.46,24.87,0.227999
42.96,24.87,0.228679
43.47,24.87,0.229342
43.97,24.87,0.229988
44.47,24.87,0.230617
44.97,24.87,0.231230
45.48,24.87,0.231827
45.98,24.87,0.232410
46.48,24.87,0.232978
46.98,24.87,0.233531
47.49,24.87,0.234071
47.99,24.87,0.234598
48.49,24.87,0.235112
48.99,24.87,0.235613
49.50,24.87,0.236102
50.00,24.87,0.236580
-50.00,25.38,0.000000
-49.50,25.38,0.000000
-48.99,25.38,0.000000
-48.49,25.38,0.000000
-47.99,25.38,0.000000
-47.49,25.38,0.000000
-46.98,25.38,0.000000
-46.48,25.38,0.000000
-45.98,25.38,0.000000
-45.48,25.38,0.000000
-44.97,25.38,0.000000
-44.47,25.38,0.000000
-43.97,25.38,0.000000
-43.47,25.38,0.000000
-42.96,25.38,0.000000
-42.46,25.38,0.000000
-41.96,25.38,0.000000
-41.46,25.38,0.000000
-40.95,25.38,0.000000
-40.45,25.38,0.000000
-39.95,25.38,0.000000
-39.45,25.38,0.000000
-38.94,25.38,0.000000
-38.44,25.38,0.000000
-37.94,25.38,0.000000
-37.44,25.38,0.000000
-36.93,25.38,0.000000
-36.43,25.38,0.000000
-35.93,25.38,0.000000
-35.43,25.38,0.000000
-34.92,25.38,0.000000
-34.42,25.38,0.000000
-33.92,25.38,0.000000
-33.42,25.38,0.000000
-32.91,25.38,0.000000
-32.41,25.38,0.000000
-31.91,25.38,0.000000
-31.41,25.38,0.000000
-30.90,25.38,0.000000
-30.40,25.38,0.000000
-29.90,25.38,0.000000
-29.40,25.38,0.000000
-28.89,25.38,0.000000
-28.39,25.38,0.000000
-27.89,25.38,0.000000
-27.39,25.38,0.000000
-26.88,25.38,0.000000
-26.38,25.38,0.000000
-25.88,25.38,0.000000
-25.38,25.38,0.000000
-24.87,25.38,0.000000
-24.37,25.38,0.000000
-23.87,25.38,0.000000
-23.37,25.38,0.000000
-22.86,25.38,0.000000
-22.36,25.38,0.000000
-21.86,25.38,0.000000
-21.36,25.38,0.000000
-20.85,25.38,0.000000
-20.35,25.38,0.000000
-19.85,25.38,0.000000
-19.35,25.38,0.000000
-18.84,25.38,0.000000
-18.34,25.38,0.000000
-17.84,25.38,0.000000
-17.34,25.38,0.000000
-16.83,25.38,0.000000
-16.33,25.38,0.000000
-15.83,25.38,0.000000
-15.33,25.38,0.000000
-14.82,25.38,0.000000
-14.32,25.38,0.000000
-13.82,25.38,0.000000
-13.32,25.38,0.000000
-12.81,25.38,0.000000
-12.31,25.38,0.000000
-11.81,25.38,0.000000
-11.31,25.38,0.000000
-10.80,25.38,0.000000
-10.30,25.38,0.000000
-9.80,25.38,0.000000
-9.30,25.38,0.000000
-8.79,25.38,0.000000
-8.29,25.38,0.000000
-7.79,25.38,0.000000
-7.29,25.38,0.000000
-6.78,25.38,0.000000
-6.28,25.38,0.000000
-5.78,25.38,0.000000
-5.28,25.38,0.000000
-4.77,25.38,0.000000
-4.27,25.38,0.000000
-3.77,25.38,0.000000
-3.27,25.38,0.000000
-2.76,25.38,0.000000
-2.26,25.38,0.000000
-1.76,25.38,0.000000
-1.26,25.38,0.000000
-0.75,25.38,0.000000
-0.25,25.38,0.000000
0.25,25.38,0.002616
0.75,25.38,0.007845
1.26,25.38,0.013065
1.76,25.38,0.018270
2.26,25.38,0.023453
2.76,25.38,0.028609
3.27,25.38,0.033733
3.77,25.38,0.038818
4.27,25.38,0.043859
4.77,25.38,0.048851
5.28,25.38,0.053790
5.78,25.38,0.058671
6.28,25.38,0.063490
6.78,25.38,0.068242
7.29,25.38,0.072924
7.79,25.38,0.077533
8.29,25.38,0.082066
8.79,25.38,0.086520
9.30,25.38,0.090893
9.80,25.38,0.095183
10.30,25.38,0.099389
10.80,25.38,0.103508
11.31,25.38,0.107539
11.81,25.38,0.111483
12.31,25.38,0.115338
12.81,25.38,0.119105
13.32,25.38,0.122782
13.82,25.38,0.126370
14.32,25.38,0.129871
14.82,25.38,0.133283
15.33,25.38,0.136608
15.83,25.38,0.139847
16.33,25.38,0.143000
16.83,25.38,0.146070
17.34,25.38,0.149057
17.84,25.38,0.151962
18.34,25.38,0.154787
18.84,25.38,0.157533
19.35,25.38,0.160203
19.85,25.38,0.162797
20.35,25.38,0.165318
20.85,25.38,0.167766
21.36,25.38,0.170144
21.86,25.38,0.172454
22.36,25.38,0.174696
22.86,25.38,0.176874
23.37,25.38,0.178988
23.87,25.38,0.181041
24.37,25.38,0.183033
24.87,25.38,0.184968
25.38,25.38,0.186845
25.88,25.38,0.188668
26.38,25.38,0.190437
26.88,25.38,0.192155
27.39,25.38,0.193823
27.89,25.38,0.195441
28.39,25.38,0.197013
28.89,25.38,0.198539
29.40,25.38,0.200021
29.90,25.38,0.201459
30.40,25.38,0.202857
30.90,25.38,0.204214
31.41,25.38,0.205532
31.91,25.38,0.206812
32.41,25.38,0.208056
32.91,25.38,0.209264
33.42,25.38,0.210438
33.92,25.38,0.211579
34.42,25.38,0.212688
34.92,25.38,0.213766
35.43,25.38,0.214814
35.93,25.38,0.215833
36.43,25.38,0.216824
36.93,25.38,0.217787
37.44,25.38,0.218725
37.94,25.38,0.219636
38.44,25.38,0.220523
38.94,25.38,0.221386
39.45,25.38,0.222226
39.95,25.38,0.223044
40.45,25.38,0.223840
40.95,25.38,0.224615
41.46,25.38,0.225369
41.96,25.38,0.226104
42.46,25.38,0.226820
42.96,25.38,0.227517
43.47,25.38,0.228196
43.97,25.38,0.228858
44.47,25.38,0.229504
44.97,25.38,0.230132
45.48,25.38,0.230746
45.98,25.38,0.231343
46.48,25.38,0.231926
46.98,25.38,0.232495
47.49,25.38,0.233050
47.99,25.38,0.233591
48.49,25.38,0.234119
48.99,25.38,0.234634
49.50,25.38,0.235137
50.00,25.38,0.235628
-50.00,25.88,0.000000
-49.50,25.88,0.000000
-48.99,25.88,0.000000
-48.49,25.88,0.000000
-47.99,25.88,0.000000
-47.49,25.88,0.000000
-46.98,25.88,0.000000
-46.48,25.88,0.000000
-45.98,25.88,0.000000
-45.48,25.88,0.000000
-44.97,25.88,0.000000
-44.47,25.88,0.000000
-43.97,25.88,0.000000
-43.47,25.88,0.000000
-42.96,25.88,0.000000
-42.46,25.88,0.000000
-41.96,25.88,0.000000
-41.46,25.88,0.000000
-40.95,25.88,0.000000
-40.45,25.88,0.000000
-39.95,25.88,0.000000
-39.45,25.88,0.000000
-38.94,25.88,0.000000
-38.44,25.88,0.000000
-37.94,25.88,0.000000
-37.44,25.88,0.000000
-36.93,25.88,0.000000
-36.43,25.88,0.000000
-35.93,25.88,0.000000
-35.43,25.88,0.000000
-34.92,25.88,0.000000
-34.42,25.88,0.000000
-33.92,25.88,0.000000
-33.42,25.88,0.000000
-32.91,25.88,0.000000
-32.41,25.88,0.000000
-31.91,25.88,0.000000
-31.41,25.88,0.000000
-30.90,25.88,0.000000
-30.40,25.88,0.000000
-29.90,25.88,0.000000
-29.40,25.88,0.000000
-28.89,25.88,0.000000
-28.39,25.88,0.000000
-27.89,25.88,0.000000
-27.39,25.88,0.000000
-26.88,25.88,0.000000
-26.38,25.88,0.000000
-25.88,25.88,0.000000
-25.38,25.88,0.000000
-24.87,25.88,0.000000
-24.37,25.88,0.000000
-23.87,25.88,0.000000
-23.37,25.88,0.000000
-22.86,25.88,0.000000
-22.36,25.88,0.000000
-21.86,25.88,0.000000
-21.36,25.88,0.000000
-20.85,25.88,0.000000
-20.35,25.88,0.000000
-19.85,25.88,0.000000
-19.35,25.88,0.000000
-18.84,25.88,0.000000
-18.34,25.88,0.000000
-17.84,25.88,0.000000
-17.34,25.88,0.000000
-16.83,25.88,0.000000
-16.33,25.88,0.000000
-15.83,25.88,0.000000
-15.33,25.88,0.000000
-14.82,25.88,0.000000
-14.32,25.88,0.000000
-13.82,25.88,0.000000
-13.32,25.88,0.000000
-12.81,25.88,0.000000
-12.31,25.88,0.000000
-11.81,25.88,0.000000
-11.31,25.88,0.000000
-10.80,25.88,0.000000
-10.30,25.88,0.000000
-9.80,25.88,0.000000
-9.30,25.88,0.000000
-8.79,25.88,0.000000
-8.29,25.88,0.000000
-7.79,25.88,0.000000
-7.29,25.88,0.000000
-6.78,25.88,0.000000
-6.28,25.88,0.000000
-5.78,25.88,0.000000
-5.28,25.88,0.000000
-4.77,25.88,0.000000
-4.27,25.88,0.000000
-3.77,25.88,0.000000
-3.27,25.88,0.000000
-2.76,25.88,0.000000
-2.26,25.88,0.000000
-1.76,25.88,0.000000
-1.26,25.88,0.000000
-0.75,25.88,0.000000
-0.25,25.88,0.000000
0.25,25.88,0.002565
0.75,25.88,0.007693
1.26,25.88,0.012812
1.76,25.88,0.017917
2.26,25.88,0.023001
2.76,25.88,0.028060
3.27,25.88,0.033088
3.77,25.88,0.038080
4.27,25.88,0.043030
4.77,25.88,0.047934
5.28,25.88,0.052788
5.78,25.88,0.057587
6.28,25.88,0.062326
6.78,25.88,0.067003
7.29,25.88,0.071613
7.79,25.88,0.076154
8.29,25.88,0.080622
8.79,25.88,0.085016
9.30,25.88,0.089332
9.80,25.88,0.093569
10.30,25.88,0.097725
10.80,25.88,0.101799
11.31,25.88,0.105789
11.81,25.88,0.109694
12.31,25.88,0.113515
12.81,25.88,0.117251
13.32,25.88,0.120901
13.82,25.88,0.124465
14.32,25.88,0.127945
14.82,25.88,0.131339
15.33,25.88,0.134649
15.83,25.88,0.137876
16.33,25.88,0.141020
16.83,25.88,0.144083
17.34,25.88,0.147065
17.84,25.88,0.149968
18.34,25.88,0.152793
18.84,25.88,0.155541
19.35,25.88,0.158215
19.85,25.88,0.160814
20.35,25.88,0.163342
20.85,25.88,0.165799
21.36,25.88,0.168187
21.86,25.88,0.170507
22.36,25.88,0.172762
22.86,25.88,0.174953
23.37,25.88,0.177082
23.87,25.88,0.179150
24.37,25.88,0.181158
24.87,25.88,0.183109
25.38,25.88,0.185005
25.88,25.88,0.186845
26.38,25.88,0.188633
26.88,25.88,0.190370
27.39,25.88,0.192056
27.89,25.88,0.193695
28.39,25.88,0.195286
28.89,25.88,0.196832
29.40,25.88,0.198334
29.90,25.88,0.199793
30.40,25.88,0.201211
30.90,25.88,0.202589
31.41,25.88,0.203927
31.91,25.88,0.205228
32.41,25.88,0.206492
32.91,25.88,0.207721
33.42,25.88,0.208916
33.92,25.88,0.210077
34.42,25.88,0.211206
34.92,25.88,0.212304
35.43,25.88,0.213372
35.93,25.88,0.214411
36.43,25.88,0.215421
36.93,25.88,0.216404
37.44,25.88,0.217360
37.94,25.88,0.218291
38.44,25.88,0.219197
38.94,25.88,0.220078
39.45,25.88,0.220937
39.95,25.88,0.221772
40.45,25.88,0.222586
40.95,25.88,0.223379
41.46,25.88,0.224151
41.96,25.88,0.224903
42.46,25.88,0.225635
42.96,25.88,0.226349
43.47,25.88,0.227045
43.97,25.88,0.227723
44.47,25.88,0.228384
44.97,25.88,0.229029
45.48,25.88,0.229658
45.98,25.88,0.230271
46.48,25.88,0.230869
46.98,25.88,0.231452
47.49,25.88,0.232021
47.99,25.88,0.232577
48.49,25.88,0.233119
48.99,25.88,0.233648
49.50,25.88,0.234164
50.00,25.88,0.234669
-50.00,26.38,0.000000
-49.50,26.38,0.000000
-48.99,26.38,0.000000
-48.49,26.38,0.000000
-47.99,26.38,0.000000
-47.49,26.38,0.000000
-46.98,26.38,0.000000
-46.48,26.38,0.000000
-45.98,26.38,0.000000
-45.48,26.38,0.000000
-44.97,26.38,0.000000
-44.47,26.38,0.000000
-43.97,26.38,0.000000
-43.47,26.38,0.000000
-42.96,26.38,0.000000
-42.46,26.38,0.000000
-41.96,26.38,0.000000
-41.46,26.38,0.000000
-40.95,26.38,0.000000
-40.45,26.38,0.000000
-39.95,26.38,0.000000
-39.45,26.38,0.000000
-38.94,26.38,0.000000
-38.44,26.38,0.000000
-37.94,26.38,0.000000
-37.44,26.38,0.000000
-36.93,26.38,0.000000
-36.43,26.38,0.000000
-35.93,26.38,0.000000
-35.43,26.38,0.000000
-34.92,26.38,0.000000
-34.42,26.38,0.000000
-33.92,26.38,0.000000
-33.42,26.38,0.000000
-32.91,26.38,0.000000
-32.41,26.38,0.000000
-31.91,26.38,0.000000
-31.41,26.38,0.000000
-30.90,26.38,0.000000
-30.40,26.38,0.000000
-29.90,26.38,0.000000
-29.40,26.38,0.000000
-28.89,26.38,0.000000
-28.39,26.38,0.000000
-27.89,26.38,0.000000
-27.39,26.38,0.000000
-26.88,26.38,0.000000
-26.38,26.38,0.000000
-25.88,26.38,0.000000
-25.38,26.38,0.000000
-24.87,26.38,0.000000
-24.37,26.38,0.000000
-23.87,26.38,0.000000
-23.37,26.38,0.000000
-22.86,26.38,0.000000
-22.36,26.38,0.000000
-21.86,26.38,0.000000
-21.36,26.38,0.000000
-20.85,26.38,0.000000
-20.35,26.38,0.000000
-19.85,26.38,0.000000
-19.35,26.38,0.000000
-18.84,26.38,0.000000
-18.34,26.38,0.000000
-17.84,26.38,0.000000
-17.34,26.38,0.000000
-16.83,26.38,0.000000
-16.33,26.38,0.000000
-15.83,26.38,0.000000
-15.33,26.38,0.000000
-14.82,26.38,0.000000
-14.32,26.38,0.000000
-13.82,26.38,0.000000
-13.32,26.38,0.000000
-12.81,26.38,0.000000
-12.31,26.38,0.000000
-11.81,26.38,0.000000
-11.31,26.38,0.000000
-10.80,26.38,0.000000
-10.30,26.38,0.000000
-9.80,26.38,0.000000
-9.30,26.38,0.000000
-8.79,26.38,0.000000
-8.29,26.38,0.000000
-7.79,26.38,0.000000
-7.29,26.38,0.000000
-6.78,26.38,0.000000
-6.28,26.38,0.000000
-5.78,26.38,0.000000
-5.28,26.38,0.000000
-4.77,26.38,0.000000
-4.27,26.38,0.000000
-3.77,26.38,0.000000
-3.27,26.38,0.000000
-2.76,26.38,0.000000
-2.26,26.38,0.000000
-1.76,26.38,0.000000
-1.26,26.38,0.000000
-0.75,26.38,0.000000
-0.25,26.38,0.000000
0.25,26.38,0.002516
0.75,26.38,0.007547
1.26,26.38,0.012569
1.76,26.38,0.017577
2.26,26.38,0.022566
2.76,26.38,0.027532
3.27,26.38,0.032467
3.77,26.38,0.037369
4.27,26.38,0.042232
4.77,26.38,0.047051
5.28,26.38,0.051822
5.78,26.38,0.056540
6.28,26.38,0.061203
6.78,26.38,0.065806
7.29,26.38,0.070347
7.79,26.38,0.074821
8.29,26.38,0.079226
8.79,26.38,0.083560
9.30,26.38,0.087820
9.80,26.38,0.092005
10.30,26.38,0.096112
10.80,26.38,0.100140
11.31,26.38,0.104089
11.81,26.38,0.107957
12.31,26.38,0.111743
12.81,26.38,0.115447
13.32,26.38,0.119069
13.82,26.38,0.122609
14.32,26.38,0.126066
14.82,26.38,0.129442
15.33,26.38,0.132736
15.83,26.38,0.135950
16.33,26.38,0.139083
16.83,26.38,0.142138
17.34,26.38,0.145114
17.84,26.38,0.148014
18.34,26.38,0.150837
18.84,26.38,0.153586
19.35,26.38,0.156261
19.85,26.38,0.158865
20.35,26.38,0.161398
20.85,26.38,0.163862
21.36,26.38,0.166259
21.86,26.38,0.168589
22.36,26.38,0.170855
22.86,26.38,0.173058
23.37,26.38,0.175200
23.87,26.38,0.177282
24.37,26.38,0.179305
24.87,26.38,0.181271
25.38,26.38,0.183183
25.88,26.38,0.185040
26.38,26.38,0.186845
26.88,26.38,0.188600
27.39,26.38,0.190304
27.89,26.38,0.191961
28.39,26.38,0.193572
28.89,26.38,0.195137
29.40,26.38,0.196658
29.90,26.38,0.198136
30.40,26.38,0.199574
30.90,26.38,0.200971
31.41,26.38,0.202329
31.91,26.38,0.203650
32.41,26.38,0.204934
32.91,26.38,0.206182
33.42,26.38,0.207397
33.92,26.38,0.208578
34.42,26.38,0.209726
34.92,26.38,0.210844
35.43,26.38,0.211931
35.93,26.38,0.212989
36.43,26.38,0.214018
36.93,26.38,0.215020
37.44,26.38,0.215995
37.94,26.38,0.216945
38.44,26.38,0.217869
38.94,26.38,0.218769
39.45,26.38,0.219645
39.95,26.38,0.220498
40.45,26.38,0.221329
40.95,26.38,0.222139
41.46,26.38,0.222928
41.96,26.38,0.223697
42.46,26.38,0.224447
42.96,26.38,0.225177
43.47,26.38,0.225889
43.97,26.38,0.226583
44.47,26.38,0.227260
44.97,26.38,0.227920
45.48,26.38,0.228564
45.98,26.38,0.229192
46.48,26.38,0.229805
46.98,26.38,0.230403
47.49,26.38,0.230987
47.99,26.38,0.231556
48.49,26.38,0.232112
48.99,26.38,0.232655
49.50,26.38,0.233185
50.00,26.38,0.233703
-50.00,26.88,0.000000
-49.50,26.88,0.000000
-48.99,26.88,0.000000
-48.49,26.88,0.000000
-47.99,26.88,0.000000
-47.49,26.88,0.000000
-46.98,26.88,0.000000
-46.48,26.88,0.000000
-45.98,26.88,0.000000
-45.48,26.88,0.000000
-44.97,26.88,0.000000
-44.47,26.88,0.000000
-43.97,26.88,0.000000
-43.47,26.88,0.000000
-42.96,26.88,0.000000
-42.46,26.88,0.000000
-41.96,26.88,0.000000
-41.46,26.88,0.000000
-40.95,26.88,0.000000
-40.45,26.88,0.000000
-39.95,26.88,0.000000
-39.45,26.88,0.000000
-38.94,26.88,0.000000
-38.44,26.88,0.000000
-37.94,26.88,0.000000
-37.44,26.88,0.000000
-36.93,26.88,0.000000
-36.43,26.88,0.000000
-35.93,26.88,0.000000
-35.43,26.88,0.000000
-34.92,26.88,0.000000
-34.42,26.88,0.000000
-33.92,26.88,0.000000
-33.42,26.88,0.000000
-32.91,26.88,0.000000
-32.41,26.88,0.000000
-31.91,26.88,0.000000
-31.41,26.88,0.000000
-30.90,26.88,0.000000
-30.40,26.88,0.000000
-29.90,26.88,0.000000
-29.40,26.88,0.000000
-28.89,26.88,0.000000
-28.39,26.88,0.000000
-27.89,26.88,0.000000
-27.39,26.88,0.000000
-26.88,26.88,0.000000
-26.38,26.88,0.000000
-25.88,26.88,0.000000
-25.38,26.88,0.000000
-24.87,26.88,0.000000
-24.37,26.88,0.000000
-23.87,26.88,0.000000
-23.37,26.88,0.000000
-22.86,26.88,0.000000
-22.36,26.88,0.000000
-21.86,26.88,0.000000
-21.36,26.88,0.000000
-20.85,26.88,0.000000
-20.35,26.88,0.000000
-19.85,26.88,0.000000
-19.35,26.88,0.000000
-18.84,26.88,0.000000
-18.34,26.88,0.000000
-17.84,26.88,0.000000
-17.34,26.88,0.000000
-16.83,26.88,0.000000
-16.33,26.88,0.000000
-15.83,26.88,0.000000
-15.33,26.88,0.000000
-14.82,26.88,0.000000
-14.32,26.88,0.000000
-13.82,26.88,0.000000
-13.32,26.88,0.000000
-12.81,26.88,0.000000
-12.31,26.88,0.000000
-11.81,26.88,0.000000
-11.31,26.88,0.000000
-10.80,26.88,0.000000
-10.30,26.88,0.000000
-9.80,26.88,0.000000
-9.30,26.88,0.000000
-8.79,26.88,0.000000
-8.29,26.88,0.000000
-7.79,26.88,0.000000
-7.29,26.88,0.000000
-6.78,26.88,0.000000
-6.28,26.88,0.000000
-5.78,26.88,0.000000
-5.28,26.88,0.000000
-4.77,26.88,0.000000
-4.27,26.88,0.000000
-3.77,26.88,0.000000
-3.27,26.88,0.000000
-2.76,26.88,0.000000
-2.26,26.88,0.000000
-1.76,26.88,0.000000
-1.26,26.88,0.000000
-0.75,26.88,0.000000
-0.25,26.88,0.000000
0.25,26.88,0.002469
0.75,26.88,0.007406
1.26,26.88,0.012334
1.76,26.88,0.017250
2.26,26.88,0.022148
2.76,26.88,0.027022
3.27,26.88,0.031869
3.77,26.88,0.036684
4.27,26.88,0.041462
4.77,26.88,0.046198
5.28,26.88,0.050889
5.78,26.88,0.055531
6.28,26.88,0.060119
6.78,26.88,0.064651
7.29,26.88,0.069122
7.79,26.88,0.073531
8.29,26.88,0.077875
8.79,26.88,0.082150
9.30,26.88,0.086355
9.80,26.88,0.090488
10.30,26.88,0.094547
10.80,26.88,0.098531
11.31,26.88,0.102438
11.81,26.88,0.106268
12.31,26.88,0.110019
12.81,26.88,0.113692
13.32,26.88,0.117285
13.82,26.88,0.120800
14.32,26.88,0.124235
14.82,26.88,0.127591
15.33,26.88,0.130868
15.83,26.88,0.134068
16.33,26.88,0.137189
16.83,26.88,0.140235
17.34,26.88,0.143204
17.84,26.88,0.146098
18.34,26.88,0.148919
18.84,26.88,0.151667
19.35,26.88,0.154343
19.85,26.88,0.156950
20.35,26.88,0.159487
20.85,26.88,0.161957
21.36,26.88,0.164360
21.86,26.88,0.166699
22.36,26.88,0.168975
22.86,26.88,0.171189
23.37,26.88,0.173342
23.87,26.88,0.175436
24.37,26.88,0.177473
24.87,26.88,0.179454
25.38,26.88,0.181380
25.88,26.88,0.183253
26.38,26.88,0.185074
26.88,26.88,0.186845
27.39,26.88,0.188567
27.89,26.88,0.190242
28.39,26.88,0.191870
28.89,26.88,0.193453
29.40,26.88,0.194992
29.90,26.88,0.196489
30.40,26.88,0.197945
30.90,26.88,0.199361
31.41,26.88,0.200739
31.91,26.88,0.202078
32.41,26.88,0.203381
32.91,26.88,0.204649
33.42,26.88,0.205882
33.92,26.88,0.207082
34.42,26.88,0.208250
34.92,26.88,0.209386
35.43,26.88,0.210492
35.93,26.88,0.211569
36.43,26.88,0.212617
36.93,26.88,0.213637
37.44,26.88,0.214630
37.94,26.88,0.215598
38.44,26.88,0.216540
38.94,26.88,0.217457
39.45,26.88,0.218351
39.95,26.88,0.219222
40.45,26.88,0.220070
40.95,26.88,0.220897
41.46,26.88,0.221703
41.96,26.88,0.222488
42.46,26.88,0.223254
42.96,26.88,0.224001
43.47,26.88,0.224729
43.97,26.88,0.225439
44.47,26.88,0.226131
44.97,26.88,0.226806
45.48,26.88,0.227465
45.98,26.88,0.228108
46.48,26.88,0.228736
46.98,26.88,0.229348
47.49,26.88,0.229946
47.99,26.88,0.230530
48.49,26.88,0.231099
48.99,26.88,0.231656
49.50,26.88,0.232199
50.00,26.88,0.232730
-50.00,27.39,0.000000
-49.50,27.39,0.000000
-48.99,27.39,0.000000
-48.49,27.39,0.000000
-47.99,27.39,0.000000
-47.49,27.39,0.000000
-46.98,27.39,0.000000
-46.48,27.39,0.000000
-45.98,27.39,0.000000
-45.48,27.39,0.000000
-44.97,27.39,0.000000
-44.47,27.39,0.000000
-43.97,27.39,0.000000
-43.47,27.39,0.000000
-42.96,27.39,0.000000
-42.46,27.39,0.000000
-41.96,27.39,0.000000
-41.46,27.39,0.000000
-40.95,27.39,0.000000
-40.45,27.39,0.000000
-39.95,27.39,0.000000
-39.45,27.39,0.000000
-38.94,27.39,0.000000
-38.44,27.39,0.000000
-37.94,27.39,0.000000
-37.44,27.39,0.000000
-36.93,27.39,0.000000
-36.43,27.39,0.000000
-35.93,27.39,0.000000
-35.43,27.39,0.000000
-34.92,27.39,0.000000
-34.42,27.39,0.000000
-33.92,27.39,0.000000
-33.42,27.39,0.000000
-32.91,27.39,0.000000
-32.41,27.39,0.000000
-31.91,27.39,0.000000
-31.41,27.39,0.000000
-30.90,27.39,0.000000
-30.40,27.39,0.000000
-29.90,27.39,0.000000
-29.40,27.39,0.000000
-28.89,27.39,0.000000
-28.39,27.39,0.000000
-27.89,27.39,0.000000
-27.39,27.39,0.000000
-26.88,27.39,0.000000
-26.38,27.39,0.000000
-25.88,27.39,0.000000
-25.38,27.39,0.000000
-24.87,27.39,0.000000
-24.37,27.39,0.000000
-23.87,27.39,0.000000
-23.37,27.39,0.000000
-22.86,27.39,0.000000
-22.36,27.39,0.000000
-21.86,27.39,0.000000
-21.36,27.39,0.000000
-20.85,27.39,0.000000
-20.35,27.39,0.000000
-19.85,27.39,0.000000
-19.35,27.39,0.000000
-18.84,27.39,0.000000
-18.34,27.39,0.000000
-17.84,27.39,0.000000
-17.34,27.39,0.000000
-16.83,27.39,0.000000
-16.33,27.39,0.000000
-15.83,27.39,0.000000
-15.33,27.39,0.000000
-14.82,27.39,0.000000
-14.32,27.39,0.000000
-13.82,27.39,0.000000
-13.32,27.39,0.000000
-12.81,27.39,0.000000
-12.31,27.39,0.000000
-11.81,27.39,0.000000
-11.31,27.39,0.000000
-10.80,27.39,0.000000
-10.30,27.39,0.000000
-9.80,27.39,0.000000
-9.30,27.39,0.000000
-8.79,27.39,0.000000
-8.29,27.39,0.000000
-7.79,27.39,0.000000
-7.29,27.39,0.000000
-6.78,27.39,0.000000
-6.28,27.39,0.000000
-5.78,27.39,0.000000
-5.28,27.39,0.000000
-4.77,27.39,0.000000
-4.27,27.39,0.000000
-3.77,27.39,0.000000
-3.27,27.39,0.000000
-2.76,27.39,0.000000
-2.26,27.39,0.000000
-1.76,27.39,0.000000
-1.26,27.39,0.000000
-0.75,27.39,0.000000
-0.25,27.39,0.000000
0.25,27.39,0.002424
0.75,27.39,0.007270
1.26,27.39,0.012108
1.76,27.39,0.016935
2.26,27.39,0.021744
2.76,27.39,0.026532
3.27,27.39,0.031293
3.77,27.39,0.036024
4.27,27.39,0.040719
4.77,27.39,0.045376
5.28,27.39,0.049989
5.78,27.39,0.054556
6.28,27.39,0.059071
6.78,27.39,0.063534
7.29,27.39,0.067939
7.79,27.39,0.072284
8.29,27.39,0.076567
8.79,27.39,0.080785
9.30,27.39,0.084936
9.80,27.39,0.089018
10.30,27.39,0.093029
10.80,27.39,0.096968
11.31,27.39,0.100834
11.81,27.39,0.104626
12.31,27.39,0.108342
12.81,27.39,0.111983
13.32,27.39,0.115548
13.82,27.39,0.119036
14.32,27.39,0.122448
14.82,27.39,0.125784
15.33,27.39,0.129044
15.83,27.39,0.132228
16.33,27.39,0.135337
16.83,27.39,0.138372
17.34,27.39,0.141333
17.84,27.39,0.144221
18.34,27.39,0.147038
18.84,27.39,0.149784
19.35,27.39,0.152460
19.85,27.39,0.155068
20.35,27.39,0.157608
20.85,27.39,0.160082
21.36,27.39,0.162492
21.86,27.39,0.164838
22.36,27.39,0.167122
22.86,27.39,0.169345
23.37,27.39,0.171508
23.87,27.39,0.173614
24.37,27.39,0.175663
24.87,27.39,0.177657
25.38,27.39,0.179597
25.88,27.39,0.181485
26.38,27.39,0.183321
26.88,27.39,0.185107
27.39,27.39,0.186845
27.89,27.39,0.188536
28.39,27.39,0.190181
28.89,27.39,0.191781
29.40,27.39,0.193338
29.90,27.39,0.194853
30.40,27.39,0.196327
30.90,27.39,0.197761
31.41,27.39,0.199156
31.91,27.39,0.200514
32.41,27.39,0.201835
32.91,27.39,0.203121
33.42,27.39,0.204373
33.92,27.39,0.205591
34.42,27.39,0.206777
34.92,27.39,0.207932
35.43,27.39,0.209056
35.93,27.39,0.210150
36.43,27.39,0.211216
36.93,27.39,0.212254
37.44,27.39,0.213266
37.94,27.39,0.214251
38.44,27.39,0.215210
38.94,27.39,0.216145
39.45,27.39,0.217056
39.95,27.39,0.217944
40.45,27.39,0.218809
40.95,27.39,0.219653
41.46,27.39,0.220475
41.96,27.39,0.221277
42.46,27.39,0.222059
42.96,27.39,0.222821
43.47,27.39,0.223565
43.97,27.39,0.224290
44.47,27.39,0.224998
44.97,27.39,0.225688
45.48,27.39,0.226362
45.98,27.39,0.227020
46.48,27.39,0.227662
46.98,27.39,0.228288
47.49,27.39,0.228900
47.99,27.39,0.229498
48.49,27.39,0.230081
48.99,27.39,0.230651
49.50,27.39,0.231208
50.00,27.39,0.231751
-50.00,27.89,0.000000
-49.50,27.89,0.000000
-48.99,27.89,0.000000
-48.49,27.89,0.000000
-47.99,27.89,0.000000
-47.49,27.89,0.000000
-46.98,27.89,0.000000
-46.48,27.89,0.000000
-45.98,27.89,0.000000
-45.48,27.89,0.000000
-44.97,27.89,0.000000
-44.47,27.89,0.000000
-43.97,27.89,0.000000
-43.47,27.89,0.000000
-42.96,27.89,0.000000
-42.46,27.89,0.000000
-41.96,27.89,0.000000
-41.46,27.89,0.000000
-40.95,27.89,0.000000
-40.45,27.89,0.000000
-39.95,27.89,0.000000
-39.45,27.89,0.000000
-38.94,27.89,0.000000
-38.44,27.89,0.000000
-37.94,27.89,0.000000
-37.44,27.89,0.000000
-36.93,27.89,0.000000
-36.43,27.89,0.000000
-35.93,27.89,0.000000
-35.43,27.89,0.000000
-34.92,27.89,0.000000
-34.42,27.89,0.000000
-33.92,27.89,0.000000
-33.42,27.89,0.000000
-32.91,27.89,0.000000
-32.41,27.89,0.000000
-31.91,27.89,0.000000
-31.41,27.89,0.000000
-30.90,27.89,0.000000
-30.40,27.89,0.000000
-29.90,27.89,0.000000
-29.40,27.89,0.000000
-28.89,27.89,0.000000
-28.39,27.89,0.000000
-27.89,27.89,0.000000
-27.39,27.89,0.000000
-26.88,27.89,0.000000
-26.38,27.89,0.000000
-25.88,27.89,0.000000
-25.38,27.89,0.000000
-24.87,27.89,0.000000
-24.37,27.89,0.000000
-23.87,27.89,0.000000
-23.37,27.89,0.000000
-22.86,27.89,0.000000
-22.36,27.89,0.000000
-21.86,27.89,0.000000
-21.36,27.89,0.000000
-20.85,27.89,0.000000
-20.35,27.89,0.000000
-19.85,27.89,0.000000
-19.35,27.89,0.000000
-18.84,27.89,0.000000
-18.34,27.89,0.000000
-17.84,27.89,0.000000
-17.34,27.89,0.000000
-16.83,27.89,0.000000
-16.33,27.89,0.000000
-15.83,27.89,0.000000
-15.33,27.89,0.000000
-14.82,27.89,0.000000
-14.32,27.89,0.000000
-13.82,27.89,0.000000
-13.32,27.89,0.000000
-12.81,27.89,0.000000
-12.31,27.89,0.000000
-11.81,27.89,0.000000
-11.31,27.89,0.000000
-10.80,27.89,0.000000
-10.30,27.89,0.000000
-9.80,27.89,0.000000
-9.30,27.89,0.000000
-8.79,27.89,0.000000
-8.29,27.89,0.000000
-7.79,27.89,0.000000
-7.29,27.89,0.000000
-6.78,27.89,0.000000
-6.28,27.89,0.000000
-5.78,27.89,0.000000
-5.28,27.89,0.000000
-4.77,27.89,0.000000
-4.27,27.89,0.000000
-3.77,27.89,0.000000
-3.27,27.89,0.000000
-2.76,27.89,0.000000
-2.26,27.89,0.000000
-1.76,27.89,0.000000
-1.26,27.89,0.000000
-0.75,27.89,0.000000
-0.25,27.89,0.000000
0.25,27.89,0.002380
0.75,27.89,0.007139
1.26,27.89,0.011891
1.76,27.89,0.016631
2.26,27.89,0.021355
2.76,27.89,0.026058
3.27,27.89,0.030737
3.77,27.89,0.035386
4.27,27.89,0.040003
4.77,27.89,0.044582
5.28,27.89,0.049120
5.78,27.89,0.053613
6.28,27.89,0.058059
6.78,27.89,0.062453
7.29,27.89,0.066793
7.79,27.89,0.071077
8.29,27.89,0.075300
8.79,27.89,0.079462
9.30,27.89,0.083560
9.80,27.89,0.087592
10.30,27.89,0.091556
10.80,27.89,0.095451
11.31,27.89,0.099276
11.81,27.89,0.103030
12.31,27.89,0.106711
12.81,27.89,0.110320
13.32,27.89,0.113855
13.82,27.89,0.117317
14.32,27.89,0.120706
14.82,27.89,0.124020
15.33,27.89,0.127262
15.83,27.89,0.130430
16.33,27.89,0.133525
16.83,27.89,0.136549
17.34,27.89,0.139501
17.84,27.89,0.142382
18.34,27.89,0.145194
18.84,27.89,0.147936
19.35,27.89,0.150611
19.85,27.89,0.153219
20.35,27.89,0.155761
20.85,27.89,0.158238
21.36,27.89,0.160652
21.86,27.89,0.163004
22.36,27.89,0.165295
22.86,27.89,0.167527
23.37,27.89,0.169700
23.87,27.89,0.171816
24.37,27.89,0.173876
24.87,27.89,0.175881
25.38,27.89,0.177834
25.88,27.89,0.179735
26.38,27.89,0.181585
26.88,27.89,0.183386
27.39,27.89,0.185139
27.89,27.89,0.186845
28.39,27.89,0.188506
28.89,27.89,0.190122
29.40,27.89,0.191696
29.90,27.89,0.193227
30.40,27.89,0.194718
30.90,27.89,0.196169
31.41,27.89,0.197582
31.91,27.89,0.198957
32.41,27.89,0.200296
32.91,27.89,0.201600
33.42,27.89,0.202869
33.92,27.89,0.204105
34.42,27.89,0.205309
34.92,27.89,0.206481
35.43,27.89,0.207623
35.93,27.89,0.208735
36.43,27.89,0.209818
36.93,27.89,0.210874
37.44,27.89,0.211902
37.94,27.89,0.212904
38.44,27.89,0.213881
38.94,27.89,0.214833
39.45,27.89,0.215761
39.95,27.89,0.216665
40.45,27.89,0.217547
40.95,27.89,0.218407
41.46,27.89,0.219245
41.96,27.89,0.220063
42.46,27.89,0.220860
42.96,27.89,0.221638
43.47,27.89,0.222397
43.97,27.89,0.223138
44.47,27.89,0.223861
44.97,27.89,0.224566
45.48,27.89,0.225255
45.98,27.89,0.225927
46.48,27.89,0.226583
46.98,27.89,0.227224
47.49,27.89,0.227850
47.99,27.89,0.228461
48.49,27.89,0.229058
48.99,27.89,0.229641
49.50,27.89,0.230211
50.00,27.89,0.230767
-50.00,28.39,0.000000
-49.50,28.39,0.000000
-48.99,28.39,0.000000
-48.49,28.39,0.000000
-47.99,28.39,0.000000
-47.49,28.39,0.000000
-46.98,28.39,0.000000
-46.48,28.39,0.000000
-45.98,28.39,0.000000
-45.48,28.39,0.000000
-44.97,28.39,0.000000
-44.47,28.39,0.000000
-43.97,28.39,0.000000
-43.47,28.39,0.000000
-42.96,28.39,0.000000
-42.46,28.39,0.000000
-41.96,28.39,0.000000
-41.46,28.39,0.000000
-40.95,28.39,0.000000
-40.45,28.39,0.000000
-39.95,28.39,0.000000
-39.45,28.39,0.000000
-38.94,28.39,0.000000
-38.44,28.39,0.000000
-37.94,28.39,0.000000
-37.44,28.39,0.000000
-36.93,28.39,0.000000
-36.43,28.39,0.000000
-35.93,28.39,0.000000
-35.43,28.39,0.000000
-34.92,28.39,0.000000
-34.42,28.39,0.000000
-33.92,28.39,0.000000
-33.42,28.39,0.000000
-32.91,28.39,0.000000
-32.41,28.39,0.000000
-31.91,28.39,0.000000
-31.41,28.39,0.000000
-30.90,28.39,0.000000
-30.40,28.39,0.000000
-29.90,28.39,0.000000
-29.40,28.39,0.000000
-28.89,28.39,0.000000
-28.39,28.39,0.000000
-27.89,28.39,0.000000
-27.39,28.39,0.000000
-26.88,28.39,0.000000
-26.38,28.39,0.000000
-25.88,28.39,0.000000
-25.38,28.39,0.000000
-24.87,28.39,0.000000
-24.37,28.39,0.000000
-23.87,28.39,0.000000
-23.37,28.39,0.000000
-22.86,28.39,0.000000
-22.36,28.39,0.000000
-21.86,28.39,0.000000
-21.36,28.39,0.000000
-20.85,28.39,0.000000
-20.35,28.39,0.000000
-19.85,28.39,0.000000
-19.35,28.39,0.000000
-18.84,28.39,0.000000
-18.34,28.39,0.000000
-17.84,28.39,0.000000
-17.34,28.39,0.000000
-16.83,28.39,0.000000
-16.33,28.39,0.000000
-15.83,28.39,0.000000
-15.33,28.39,0.000000
-14.82,28.39,0.000000
-14.32,28.39,0.000000
-13.82,28.39,0.000000
-13.32,28.39,0.000000
-12.81,28.39,0.000000
-12.31,28.39,0.000000
-11.81,28.39,0.000000
-11.31,28.39,0.000000
-10.80,28.39,0.000000
-10.30,28.39,0.000000
-9.80,28.39,0.000000
-9.30,28.39,0.000000
-8.79,28.39,0.000000
-8.29,28.39,0.000000
-7.79,28.39,0.000000
-7.29,28.39,0.000000
-6.78,28.39,0.000000
-6.28,28.39,0.000000
-5.78,28.39,0.000000
-5.28,28.39,0.000000
-4.77,28.39,0.000000
-4.27,28.39,0.000000
-3.77,28.39,0.000000
-3.27,28.39,0.000000
-2.76,28.39,0.000000
-2.26,28.39,0.000000
-1.76,28.39,0.000000
-1.26,28.39,0.000000
-0.75,28.39,0.000000
-0.25,28.39,0.000000
0.25,28.39,0.002338
0.75,28.39,0.007013
1.26,28.39,0.011681
1.76,28.39,0.016337
2.26,28.39,0.020979
2.76,28.39,0.025601
3.27,28.39,0.030200
3.77,28.39,0.034771
4.27,28.39,0.039310
4.77,28.39,0.043815
5.28,28.39,0.048280
5.78,28.39,0.052703
6.28,28.39,0.057080
6.78,28.39,0.061408
7.29,28.39,0.065685
7.79,28.39,0.069907
8.29,28.39,0.074073
8.79,28.39,0.078180
9.30,28.39,0.082225
9.80,28.39,0.086208
10.30,28.39,0.090125
10.80,28.39,0.093977
11.31,28.39,0.097761
11.81,28.39,0.101477
12.31,28.39,0.105124
12.81,28.39,0.108700
13.32,28.39,0.112206
13.82,28.39,0.115642
14.32,28.39,0.119006
14.82,28.39,0.122299
15.33,28.39,0.125521
15.83,28.39,0.128673
16.33,28.39,0.131754
16.83,28.39,0.134765
17.34,28.39,0.137707
17.84,28.39,0.140580
18.34,28.39,0.143385
18.84,28.39,0.146124
19.35,28.39,0.148796
19.85,28.39,0.151403
20.35,28.39,0.153945
20.85,28.39,0.156425
21.36,28.39,0.158842
21.86,28.39,0.161199
22.36,28.39,0.163496
22.86,28.39,0.165734
23.37,28.39,0.167915
23.87,28.39,0.170040
24.37,28.39,0.172111
24.87,28.39,0.174127
25.38,28.39,0.176091
25.88,28.39,0.178004
26.38,28.39,0.179867
26.88,28.39,0.181682
27.39,28.39,0.183449
27.89,28.39,0.185170
28.39,28.39,0.186845
28.89,28.39,0.188477
29.40,28.39,0.190066
29.90,28.39,0.191613
30.40,28.39,0.193120
30.90,28.39,0.194588
31.41,28.39,0.196017
31.91,28.39,0.197409
32.41,28.39,0.198765
32.91,28.39,0.200085
33.42,28.39,0.201372
33.92,28.39,0.202625
34.42,28.39,0.203845
34.92,28.39,0.205035
35.43,28.39,0.206193
35.93,28.39,0.207322
36.43,28.39,0.208423
36.93,28.39,0.209495
37.44,28.39,0.210540
37.94,28.39,0.211559
38.44,28.39,0.212553
38.94,28.39,0.213521
39.45,28.39,0.214465
39.95,28.39,0.215386
40.45,28.39,0.216284
40.95,28.39,0.217159
41.46,28.39,0.218014
41.96,28.39,0.218847
42.46,28.39,0.219660
42.96,28.39,0.220453
43.47,28.39,0.221228
43.97,28.39,0.221983
44.47,28.39,0.222721
44.97,28.39,0.223441
45.48,28.39,0.224144
45.98,28.39,0.224830
46.48,28.39,0.225501
46.98,28.39,0.226155
47.49,28.39,0.226795
47.99,28.39,0.227419
48.49,28.39,0.228030
48.99,28.39,0.228626
49.50,28.39,0.229209
50.00,28.39,0.229778
-50.00,28.89,0.000000
-49.50,28.89,0.000000
-48.99,28.89,0.000000
-48.49,28.89,0.000000
-47.99,28.89,0.000000
-47.49,28.89,0.000000
-46.98,28.89,0.000000
-46.48,28.89,0.000000
-45.98,28.89,0.000000
-45.48,28.89,0.000000
-44.97,28.89,0.000000
-44.47,28.89,0.000000
-43.97,28.89,0.000000
-43.47,28.89,0.000000
-42.96,28.89,0.000000
-42.46,28.89,0.000000
-41.96,28.89,0.000000
-41.46,28.89,0.000000
-40.95,28.89,0.000000
-40.45,28.89,0.000000
-39.95,28.89,0.000000
-39.45,28.89,0.000000
-38.94,28.89,0.000000
-38.44,28.89,0.000000
-37.94,28.89,0.000000
-37.44,28.89,0.000000
-36.93,28.89,0.000000
-36.43,28.89,0.000000
-35.93,28.89,0.000000
-35.43,28.89,0.000000
-34.92,28.89,0.000000
-34.42,28.89,0.000000
-33.92,28.89,0.000000
-33.42,28.89,0.000000
-32.91,28.89,0.000000
-32.41,28.89,0.000000
-31.91,28.89,0.000000
-31.41,28.89,0.000000
-30.90,28.89,0.000000
-30.40,28.89,0.000000
-29.90,28.89,0.000000
-29.40,28.89,0.000000
-28.89,28.89,0.000000
-28.39,28.89,0.000000
-27.89,28.89,0.000000
-27.39,28.89,0.000000
-26.88,28.89,0.000000
-26.38,28.89,0.000000
-25.88,28.89,0.000000
-25.38,28.89,0.000000
-24.87,28.89,0.000000
-24.37,28.89,0.000000
-23.87,28.89,0.000000
-23.37,28.89,0.000000
-22.86,28.89,0.000000
-22.36,28.89,0.000000
-21.86,28.89,0.000000
-21.36,28.89,0.000000
-20.85,28.89,0.000000
-20.35,28.89,0.000000
-19.85,28.89,0.000000
-19.35,28.89,0.000000
-18.84,28.89,0.000000
-18.34,28.89,0.000000
-17.84,28.89,0.000000
-17.34,28.89,0.000000
-16.83,28.89,0.000000
-16.33,28.89,0.000000
-15.83,28.89,0.000000
-15.33,28.89,0.000000
-14.82,28.89,0.000000
-14.32,28.89,0.000000
-13.82,28.89,0.000000
-13.32,28.89,0.000000
-12.81,28.89,0.000000
-12.31,28.89,0.000000
-11.81,28.89,0.000000
-11.31,28.89,0.000000
-10.80,28.89,0.000000
-10.30,28.89,0.000000
-9.80,28.89,0.000000
-9.30,28.89,0.000000
-8.79,28.89,0.000000
-8.29,28.89,0.000000
-7.79,28.89,0.000000
-7.29,28.89,0.000000
-6.78,28.89,0.000000
-6.28,28.89,0.000000
-5.78,28.89,0.000000
-5.28,28.89,0.000000
-4.77,28.89,0.000000
-4.27,28.89,0.000000
-3.77,28.89,0.000000
-3.27,28.89,0.000000
-2.76,28.89,0.000000
-2.26,28.89,0.000000
-1.76,28.89,0.000000
-1.26,28.89,0.000000
-0.75,28.89,0.000000
-0.25,28.89,0.000000
0.25,28.89,0.002298
0.75,28.89,0.006891
1.26,28.89,0.011478
1.76,28.89,0.016054
2.26,28.89,0.020617
2.76,28.89,0.025160
3.27,28.89,0.029681
3.77,28.89,0.034176
4.27,28.89,0.038642
4.77,28.89,0.043073
5.28,28.89,0.047467
5.78,28.89,0.051822
6.28,28.89,0.056132
6.78,28.89,0.060396
7.29,28.89,0.064611
7.79,28.89,0.068775
8.29,28.89,0.072884
8.79,28.89,0.076936
9.30,28.89,0.080930
9.80,28.89,0.084864
10.30,28.89,0.088736
10.80,28.89,0.092545
11.31,28.89,0.096289
11.81,28.89,0.099967
12.31,28.89,0.103578
12.81,28.89,0.107123
13.32,28.89,0.110599
13.82,28.89,0.114007
14.32,28.89,0.117347
14.82,28.89,0.120618
15.33,28.89,0.123821
15.83,28.89,0.126955
16.33,28.89,0.130021
16.83,28.89,0.133019
17.34,28.89,0.135950
17.84,28.89,0.138814
18.34,28.89,0.141612
18.84,28.89,0.144345
19.35,28.89,0.147014
19.85,28.89,0.149619
20.35,28.89,0.152161
20.85,28.89,0.154641
21.36,28.89,0.157061
21.86,28.89,0.159422
22.36,28.89,0.161723
22.86,28.89,0.163968
23.37,28.89,0.166156
23.87,28.89,0.168289
24.37,28.89,0.170368
24.87,28.89,0.172394
25.38,28.89,0.174369
25.88,28.89,0.176293
26.38,28.89,0.178168
26.88,28.89,0.179995
27.39,28.89,0.181775
27.89,28.89,0.183510
28.39,28.89,0.185199
28.89,28.89,0.186845
29.40,28.89,0.188449
29.90,28.89,0.190011
30.40,28.89,0.191534
30.90,28.89,0.193017
31.41,28.89,0.194462
31.91,28.89,0.195870
32.41,28.89,0.197242
32.91,28.89,0.198578
33.42,28.89,0.199881
33.92,28.89,0.201150
34.42,28.89,0.202387
34.92,28.89,0.203593
35.43,28.89,0.204768
35.93,28.89,0.205914
36.43,28.89,0.207031
36.93,28.89,0.208120
37.44,28.89,0.209181
37.94,28.89,0.210216
38.44,28.89,0.211226
38.94,28.89,0.212210
39.45,28.89,0.213170
39.95,28.89,0.214107
40.45,28.89,0.215020
40.95,28.89,0.215912
41.46,28.89,0.216781
41.96,28.89,0.217630
42.46,28.89,0.218458
42.96,28.89,0.219267
43.47,28.89,0.220056
43.97,28.89,0.220826
44.47,28.89,0.221578
44.97,28.89,0.222313
45.48,28.89,0.223030
45.98,28.89,0.223730
46.48,28.89,0.224414
46.98,28.89,0.225083
47.49,28.89,0.225736
47.99,28.89,0.226374
48.49,28.89,0.226997
48.99,28.89,0.227607
49.50,28.89,0.228202
50.00,28.89,0.228784
-50.00,29.40,0.000000
-49.50,29.40,0.000000
-48.99,29.40,0.000000
-48.49,29.40,0.000000
-47.99,29.40,0.000000
-47.49,29.40,0.000000
-46.98,29.40,0.000000
-46.48,29.40,0.000000
-45.98,29.40,0.000000
-45.48,29.40,0.000000
-44.97,29.40,0.000000
-44.47,29.40,0.000000
-43.97,29.40,0.000000
-43.47,29.40,0.000000
-42.96,29.40,0.000000
-42.46,29.40,0.000000
-41.96,29.40,0.000000
-41.46,29.40,0.000000
-40.95,29.40,0.000000
-40.45,29.40,0.000000
-39.95,29.40,0.000000
-39.45,29.40,0.000000
-38.94,29.40,0.000000
-38.44,29.40,0.000000
-37.94,29.40,0.000000
-37.44,29.40,0.000000
-36.93,29.40,0.000000
-36.43,29.40,0.000000
-35.93,29.40,0.000000
-35.43,29.40,0.000000
-34.92,29.40,0.000000
-34.42,29.40,0.000000
-33.92,29.40,0.000000
-33.42,29.40,0.000000
-32.91,29.40,0.000000
-32.41,29.40,0.000000
-31.91,29.40,0.000000
-31.41,29.40,0.000000
-30.90,29.40,0.000000
-30.40,29.40,0.000000
-29.90,29.40,0.000000
-29.40,29.40,0.000000
-28.89,29.40,0.000000
-28.39,29.40,0.000000
-27.89,29.40,0.000000
-27.39,29.40,0.000000
-26.88,29.40,0.000000
-26.38,29.40,0.000000
-25.88,29.40,0.000000
-25.38,29.40,0.000000
-24.87,29.40,0.000000
-24.37,29.40,0.000000
-23.87,29.40,0.000000
-23.37,29.40,0.000000
-22.86,29.40,0.000000
-22.36,29.40,0.000000
-21.86,29.40,0.000000
-21.36,29.40,0.000000
-20.85,29.40,0.000000
-20.35,29.40,0.000000
-19.85,29.40,0.000000
-19.35,29.40,0.000000
-18.84,29.40,0.000000
-18.34,29.40,0.000000
-17.84,29.40,0.000000
-17.34,29.40,0.000000
-16.83,29.40,0.000000
-16.33,29.40,0.000000
-15.83,29.40,0.000000
-15.33,29.40,0.000000
-14.82,29.40,0.000000
-14.32,29.40,0.000000
-13.82,29.40,0.000000
-13.32,29.40,0.000000
-12.81,29.40,0.000000
-12.31,29.40,0.000000
-11.81,29.40,0.000000
-11.31,29.40,0.000000
-10.80,29.40,0.000000
-10.30,29.40,0.000000
-9.80,29.40,0.000000
-9.30,29.40,0.000000
-8.79,29.40,0.000000
-8.29,29.40,0.000000
-7.79,29.40,0.000000
-7.29,29.40,0.000000
-6.78,29.40,0.000000
-6.28,29.40,0.000000
-5.78,29.40,0.000000
-5.28,29.40,0.000000
-4.77,29.40,0.000000
-4.27,29.40,0.000000
-3.77,29.40,0.000000
-3.27,29.40,0.000000
-2.76,29.40,0.000000
-2.26,29.40,0.000000
-1.76,29.40,0.000000
-1.26,29.40,0.000000
-0.75,29.40,0.000000
-0.25,29.40,0.000000
0.25,29.40,0.002258
0.75,29.40,0.006773
1.26,29.40,0.011282
1.76,29.40,0.015781
2.26,29.40,0.020266
2.76,29.40,0.024734
3.27,29.40,0.029180
3.77,29.40,0.033602
4.27,29.40,0.037995
4.77,29.40,0.042356
5.28,29.40,0.046682
5.78,29.40,0.050969
6.28,29.40,0.055215
6.78,29.40,0.059417
7.29,29.40,0.063571
7.79,29.40,0.067677
8.29,29.40,0.071730
8.79,29.40,0.075730
9.30,29.40,0.079674
9.80,29.40,0.083560
10.30,29.40,0.087386
10.80,29.40,0.091152
11.31,29.40,0.094856
11.81,29.40,0.098497
12.31,29.40,0.102074
12.81,29.40,0.105586
13.32,29.40,0.109033
13.82,29.40,0.112414
14.32,29.40,0.115729
14.82,29.40,0.118977
15.33,29.40,0.122160
15.83,29.40,0.125276
16.33,29.40,0.128326
16.83,29.40,0.131310
17.34,29.40,0.134230
17.84,29.40,0.137084
18.34,29.40,0.139874
18.84,29.40,0.142601
19.35,29.40,0.145265
19.85,29.40,0.147867
20.35,29.40,0.150408
20.85,29.40,0.152888
21.36,29.40,0.155309
21.86,29.40,0.157672
22.36,29.40,0.159978
22.86,29.40,0.162227
23.37,29.40,0.164421
23.87,29.40,0.166561
24.37,29.40,0.168648
24.87,29.40,0.170683
25.38,29.40,0.172667
25.88,29.40,0.174602
26.38,29.40,0.176488
26.88,29.40,0.178326
27.39,29.40,0.180118
27.89,29.40,0.181865
28.39,29.40,0.183568
28.89,29.40,0.185228
29.40,29.40,0.186845
29.90,29.40,0.188422
30.40,29.40,0.189959
30.90,29.40,0.191457
31.41,29.40,0.192917
31.91,29.40,0.194340
32.41,29.40,0.195727
32.91,29.40,0.197079
33.42,29.40,0.198397
33.92,29.40,0.199683
34.42,29.40,0.200936
34.92,29.40,0.202157
35.43,29.40,0.203348
35.93,29.40,0.204510
36.43,29.40,0.205642
36.93,29.40,0.206747
37.44,29.40,0.207824
37.94,29.40,0.208875
38.44,29.40,0.209900
38.94,29.40,0.210900
39.45,29.40,0.211876
39.95,29.40,0.212828
40.45,29.40,0.213757
40.95,29.40,0.214664
41.46,29.40,0.215549
41.96,29.40,0.216412
42.46,29.40,0.217255
42.96,29.40,0.218078
43.47,29.40,0.218882
43.97,29.40,0.219667
44.47,29.40,0.220433
44.97,29.40,0.221182
45.48,29.40,0.221913
45.98,29.40,0.222627
46.48,29.40,0.223325
46.98,29.40,0.224007
47.49,29.40,0.224673
47.99,29.40,0.225325
48.49,29.40,0.225961
48.99,29.40,0.226583
49.50,29.40,0.227191
50.00,29.40,0.227786
-50.00,29.90,0.000000
-49.50,29.90,0.000000
-48.99,29.90,0.000000
-48.49,29.90,0.000000
-47.99,29.90,0.000000
-47.49,29.90,0.000000
-46.98,29.90,0.000000
-46.48,29.90,0.000000
-45.98,29.90,0.000000
-45.48,29.90,0.000000
-44.97,29.90,0.000000
-44.47,29.90,0.000000
-43.97,29.90,0.000000
-43.47,29.90,0.000000
-42.96,29.90,0.000000
-42.46,29.90,0.000000
-41.96,29.90,0.000000
-41.46,29.90,0.000000
-40.95,29.90,0.000000
-40.45,29.90,0.000000
-39.95,29.90,0.000000
-39.45,29.90,0.000000
-38.94,29.90,0.000000
-38.44,29.90,0.000000
-37.94,29.90,0.000000
-37.44,29.90,0.000000
-36.93,29.90,0.000000
-36.43,29.90,0.000000
-35.93,29.90,0.000000
-35.43,29.90,0.000000
-34.92,29.90,0.000000
-34.42,29.90,0.000000
-33.92,29.90,0.000000
-33.42,29.90,0.000000
-32.91,29.90,0.000000
-32.41,29.90,0.000000
-31.91,29.90,0.000000
-31.41,29.90,0.000000
-30.90,29.90,0.000000
-30.40,29.90,0.000000
-29.90,29.90,0.000000
-29.40,29.90,0.000000
-28.89,29.90,0.000000
-28.39,29.90,0.000000
-27.89,29.90,0.000000
-27.39,29.90,0.000000
-26.88,29.90,0.000000
-26.38,29.90,0.000000
-25.88,29.90,0.000000
-25.38,29.90,0.000000
-24.87,29.90,0.000000
-24.37,29.90,0.000000
-23.87,29.90,0.000000
-23.37,29.90,0.000000
-22.86,29.90,0.000000
-22.36,29.90,0.000000
-21.86,29.90,0.000000
-21.36,29.90,0.000000
-20.85,29.90,0.000000
-20.35,29.90,0.000000
-19.85,29.90,0.000000
-19.35,29.90,0.000000
-18.84,29.90,0.000000
-18.34,29.90,0.000000
-17.84,29.90,0.000000
-17.34,29.90,0.000000
-16.83,29.90,0.000000
-16.33,29.90,0.000000
-15.83,29.90,0.000000
-15.33,29.90,0.000000
-14.82,29.90,0.000000
-14.32,29.90,0.000000
-13.82,29.90,0.000000
-13.32,29.90,0.000000
-12.81,29.90,0.000000
-12.31,29.90,0.000000
-11.81,29.90,0.000000
-11.31,29.90,0.000000
-10.80,29.90,0.000000
-10.30,29.90,0.000000
-9.80,29.90,0.000000
-9.30,29.90,0.000000
-8.79,29.90,0.000000
-8.29,29.90,0.000000
-7.79,29.90,0.000000
-7.29,29.90,0.000000
-6.78,29.90,0.000000
-6.28,29.90,0.000000
-5.78,29.90,0.000000
-5.28,29.90,0.000000
-4.77,29.90,0.000000
-4.27,29.90,0.000000
-3.77,29.90,0.000000
-3.27,29.90,0.000000
-2.76,29.90,0.000000
-2.26,29.90,0.000000
-1.76,29.90,0.000000
-1.26,29.90,0.000000
-0.75,29.90,0.000000
-0.25,29.90,0.000000
0.25,29.90,0.002220
0.75,29.90,0.006659
1.26,29.90,0.011093
1.76,29.90,0.015517
2.26,29.90,0.019928
2.76,29.90,0.024322
3.27,29.90,0.028696
3.77,29.90,0.033046
4.27,29.90,0.037369
4.77,29.90,0.041662
5.28,29.90,0.045921
5.78,29.90,0.050143
6.28,29.90,0.054327
6.78,29.90,0.058467
7.29,29.90,0.062563
7.79,29.90,0.066612
8.29,29.90,0.070612
8.79,29.90,0.074559
9.30,29.90,0.078454
9.80,29.90,0.082293
10.30,29.90,0.086075
10.80,29.90,0.089799
11.31,29.90,0.093463
11.81,29.90,0.097067
12.31,29.90,0.100609
12.81,29.90,0.104089
13.32,29.90,0.107506
13.82,29.90,0.110859
14.32,29.90,0.114149
14.82,29.90,0.117375
15.33,29.90,0.120537
15.83,29.90,0.123634
16.33,29.90,0.126668
16.83,29.90,0.129638
17.34,29.90,0.132545
17.84,29.90,0.135389
18.34,29.90,0.138170
18.84,29.90,0.140890
19.35,29.90,0.143548
19.85,29.90,0.146146
20.35,29.90,0.148685
20.85,29.90,0.151164
21.36,29.90,0.153586
21.86,29.90,0.155950
22.36,29.90,0.158259
22.86,29.90,0.160512
23.37,29.90,0.162711
23.87,29.90,0.164857
24.37,29.90,0.166951
24.87,29.90,0.168994
25.38,29.90,0.170987
25.88,29.90,0.172930
26.38,29.90,0.174826
26.88,29.90,0.176675
27.39,29.90,0.178479
27.89,29.90,0.180237
28.39,29.90,0.181952
28.89,29.90,0.183625
29.40,29.90,0.185255
29.90,29.90,0.186845
30.40,29.90,0.188396
30.90,29.90,0.189908
31.41,29.90,0.191382
31.91,29.90,0.192820
32.41,29.90,0.194222
32.91,29.90,0.195589
33.42,29.90,0.196922
33.92,29.90,0.198222
34.42,29.90,0.199490
34.92,29.90,0.200727
35.43,29.90,0.201934
35.93,29.90,0.203110
36.43,29.90,0.204259
36.93,29.90,0.205379
37.44,29.90,0.206471
37.94,29.90,0.207537
38.44,29.90,0.208578
38.94,29.90,0.209593
39.45,29.90,0.210584
39.95,29.90,0.211551
40.45,29.90,0.212495
40.95,29.90,0.213416
41.46,29.90,0.214316
41.96,29.90,0.215194
42.46,29.90,0.216052
42.96,29.90,0.216889
43.47,29.90,0.217707
43.97,29.90,0.218506
44.47,29.90,0.219287
44.97,29.90,0.220049
45.48,29.90,0.220794
45.98,29.90,0.221522
46.48,29.90,0.222233
46.98,29.90,0.222928
47.49,29.90,0.223608
47.99,29.90,0.224272
48.49,29.90,0.224921
48.99,29.90,0.225556
49.50,29.90,0.226177
50.00,29.90,0.226784
-50.00,30.40,0.000000
-49.50,30.40,0.000000
-48.99,30.40,0.000000
-48.49,30.40,0.000000
-47.99,30.40,0.000000
-47.49,30.40,0.000000
-46.98,30.40,0.000000
-46.48,30.40,0.000000
-45.98,30.40,0.000000
-45.48,30.40,0.000000
-44.97,30.40,0.000000
-44.47,30.40,0.000000
-43.97,30.40,0.000000
-43.47,30.40,0.000000
-42.96,30.40,0.000000
-42.46,30.40,0.000000
-41.96,30.40,0.000000
-41.46,30.40,0.000000
-40.95,30.40,0.000000
-40.45,30.40,0.000000
-39.95,30.40,0.000000
-39.45,30.40,0.000000
-38.94,30.40,0.000000
-38.44,30.40,0.000000
-37.94,30.40,0.000000
-37.44,30.40,0.000000
-36.93,30.40,0.000000
-36.43,30.40,0.000000
-35.93,30.40,0.000000
-35.43,30.40,0.000000
-34.92,30.40,0.000000
-34.42,30.40,0.000000
-33.92,30.40,0.000000
-33.42,30.40,0.000000
-32.91,30.40,0.000000
-32.41,30.40,0.000000
-31.91,30.40,0.000000
-31.41,30.40,0.000000
-30.90,30.40,0.000000
-30.40,30.40,0.000000
-29.90,30.40,0.000000
-29.40,30.40,0.000000
-28.89,30.40,0.000000
-28.39,30.40,0.000000
-27.89,30.40,0.000000
-27.39,30.40,0.000000
-26.88,30.40,0.000000
-26.38,30.40,0.000000
-25.88,30.40,0.000000
-25.38,30.40,0.000000
-24.87,30.40,0.000000
-24.37,30.40,0.000000
-23.87,30.40,0.000000
-23.37,30.40,0.000000
-22.86,30.40,0.000000
-22.36,30.40,0.000000
-21.86,30.40,0.000000
-21.36,30.40,0.000000
-20.85,30.40,0.000000
-20.35,30.40,0.000000
-19.85,30.40,0.000000
-19.35,30.40,0.000000
-18.84,30.40,0.000000
-18.34,30.40,0.000000
-17.84,30.40,0.000000
-17.34,30.40,0.000000
-16.83,30.40,0.000000
-16.33,30.40,0.000000
-15.83,30.40,0.000000
-15.33,30.40,0.000000
-14.82,30.40,0.000000
-14.32,30.40,0.000000
-13.82,30.40,0.000000
-13.32,30.40,0.000000
-12.81,30.40,0.000000
-12.31,30.40,0.000000
-11.81,30.40,0.000000
-11.31,30.40,0.000000
-10.80,30.40,0.000000
-10.30,30.40,0.000000
-9.80,30.40,0.000000
-9.30,30.40,0.000000
-8.79,30.40,0.000000
-8.29,30.40,0.000000
-7.79,30.40,0.000000
-7.29,30.40,0.000000
-6.78,30.40,0.000000
-6.28,30.40,0.000000
-5.78,30.40,0.000000
-5.28,30.40,0.000000
-4.77,30.40,0.000000
-4.27,30.40,0.000000
-3.77,30.40,0.000000
-3.27,30.40,0.000000
-2.76,30.40,0.000000
-2.26,30.40,0.000000
-1.76,30.40,0.000000
-1.26,30.40,0.000000
-0.75,30.40,0.000000
-0.25,30.40,0.000000
0.25,30.40,0.002184
0.75,30.40,0.006549
1.26,30.40,0.010910
1.76,30.40,0.015261
2.26,30.40,0.019600
2.76,30.40,0.023923
3.27,30.40,0.028227
3.77,30.40,0.032508
4.27,30.40,0.036763
4.77,30.40,0.040990
5.28,30.40,0.045184
5.78,30.40,0.049344
6.28,30.40,0.053466
6.78,30.40,0.057547
7.29,30.40,0.061586
7.79,30.40,0.065580
8.29,30.40,0.069526
8.79,30.40,0.073423
9.30,30.40,0.077269
9.80,30.40,0.081061
10.30,30.40,0.084800
10.80,30.40,0.088482
11.31,30.40,0.092107
11.81,30.40,0.095674
12.31,30.40,0.099182
12.81,30.40,0.102630
13.32,30.40,0.106017
13.82,30.40,0.109343
14.32,30.40,0.112607
14.82,30.40,0.115810
15.33,30.40,0.118951
15.83,30.40,0.122029
16.33,30.40,0.125046
16.83,30.40,0.128001
17.34,30.40,0.130895
17.84,30.40,0.133728
18.34,30.40,0.136499
18.84,30.40,0.139211
19.35,30.40,0.141864
19.85,30.40,0.144457
20.35,30.40,0.146992
20.85,30.40,0.149470
21.36,30.40,0.151891
21.86,30.40,0.154256
22.36,30.40,0.156566
22.86,30.40,0.158823
23.37,30.40,0.161026
23.87,30.40,0.163177
24.37,30.40,0.165277
24.87,30.40,0.167326
25.38,30.40,0.169327
25.88,30.40,0.171279
26.38,30.40,0.173184
26.88,30.40,0.175043
27.39,30.40,0.176856
27.89,30.40,0.178626
28.39,30.40,0.180352
28.89,30.40,0.182036
29.40,30.40,0.183679
29.90,30.40,0.185282
30.40,30.40,0.186845
30.90,30.40,0.188370
31.41,30.40,0.189858
31.91,30.40,0.191310
32.41,30.40,0.192726
32.91,30.40,0.194107
33.42,30.40,0.195455
33.92,30.40,0.196769
34.42,30.40,0.198052
34.92,30.40,0.199304
35.43,30.40,0.200525
35.93,30.40,0.201717
36.43,30.40,0.202879
36.93,30.40,0.204014
37.44,30.40,0.205122
37.94,30.40,0.206203
38.44,30.40,0.207258
38.94,30.40,0.208288
39.45,30.40,0.209294
39.95,30.40,0.210275
40.45,30.40,0.211234
40.95,30.40,0.212170
41.46,30.40,0.213084
41.96,30.40,0.213976
42.46,30.40,0.214848
42.96,30.40,0.215700
43.47,30.40,0.216532
43.97,30.40,0.217345
44.47,30.40,0.218139
44.97,30.40,0.218915
45.48,30.40,0.219673
45.98,30.40,0.220415
46.48,30.40,0.221139
46.98,30.40,0.221847
47.49,30.40,0.222540
47.99,30.40,0.223217
48.49,30.40,0.223879
48.99,30.40,0.224526
49.50,30.40,0.225159
50.00,30.40,0.225778
-50.00,30.90,0.000000
-49.50,30.90,0.000000
-48.99,30.90,0.000000
-48.49,30.90,0.000000
-47.99,30.90,0.000000
-47.49,30.90,0.000000
-46.98,30.90,0.000000
-46.48,30.90,0.000000
-45.98,30.90,0.000000
-45.48,30.90,0.000000
-44.97,30.90,0.000000
-44.47,30.90,0.000000
-43.97,30.90,0.000000
-43.47,30.90,0.000000
-42.96,30.90,0.000000
-42.46,30.90,0.000000
-41.96,30.90,0.000000
-41.46,30.90,0.000000
-40.95,30.90,0.000000
-40.45,30.90,0.000000
-39.95,30.90,0.000000
-39.45,30.90,0.000000
-38.94,30.90,0.000000
-38.44,30.90,0.000000
-37.94,30.90,0.000000
-37.44,30.90,0.000000
-36.93,30.90,0.000000
-36.43,30.90,0.000000
-35.93,30.90,0.000000
-35.43,30.90,0.000000
-34.92,30.90,0.000000
-34.42,30.90,0.000000
-33.92,30.90,0.000000
-33.42,30.90,0.000000
-32.91,30.90,0.000000
-32.41,30.90,0.000000
-31.91,30.90,0.000000
-31.41,30.90,0.000000
-30.90,30.90,0.000000
-30.40,30.90,0.000000
-29.90,30.90,0.000000
-29.40,30.90,0.000000
-28.89,30.90,0.000000
-28.39,30.90,0.000000
-27.89,30.90,0.000000
-27.39,30.90,0.000000
-26.88,30.90,0.000000
-26.38,30.90,0.000000
-25.88,30.90,0.000000
-25.38,30.90,0.000000
-24.87,30.90,0.000000
-24.37,30.90,0.000000
-23.87,30.90,0.000000
-23.37,30.90,0.000000
-22.86,30.90,0.000000
-22.36,30.90,0.000000
-21.86,30.90,0.000000
-21.36,30.90,0.000000
-20.85,30.90,0.000000
-20.35,30.90,0.000000
-19.85,30.90,0.000000
-19.35,30.90,0.000000
-18.84,30.90,0.000000
-18.34,30.90,0.000000
-17.84,30.90,0.000000
-17.34,30.90,0.000000
-16.83,30.90,0.000000
-16.33,30.90,0.000000
-15.83,30.90,0.000000
-15.33,30.90,0.000000
-14.82,30.90,0.000000
-14.32,30.90,0.000000
-13.82,30.90,0.000000
-13.32,30.90,0.000000
-12.81,30.90,0.000000
-12.31,30.90,0.000000
-11.81,30.90,0.000000
-11.31,30.90,0.000000
-10.80,30.90,0.000000
-10.30,30.90,0.000000
-9.80,30.90,0.000000
-9.30,30.90,0.000000
-8.79,30.90,0.000000
-8.29,30.90,0.000000
-7.79,30.90,0.000000
-7.29,30.90,0.000000
-6.78,30.90,0.000000
-6.28,30.90,0.000000
-5.78,30.90,0.000000
-5.28,30.90,0.000000
-4.77,30.90,0.000000
-4.27,30.90,0.000000
-3.77,30.90,0.000000
-3.27,30.90,0.000000
-2.76,30.90,0.000000
-2.26,30.90,0.000000
-1.76,30.90,0.000000
-1.26,30.90,0.000000
-0.75,30.90,0.000000
-0.25,30.90,0.000000
0.25,30.90,0.002148
0.75,30.90,0.006443
1.26,30.90,0.010733
1.76,30.90,0.015014
2.26,30.90,0.019283
2.76,30.90,0.023537
3.27,30.90,0.027773
3.77,30.90,0.031987
4.27,30.90,0.036177
4.77,30.90,0.040339
5.28,30.90,0.044471
5.78,30.90,0.048569
6.28,30.90,0.052631
6.78,30.90,0.056655
7.29,30.90,0.060638
7.79,30.90,0.064577
8.29,30.90,0.068472
8.79,30.90,0.072319
9.30,30.90,0.076117
9.80,30.90,0.079865
10.30,30.90,0.083560
10.80,30.90,0.087201
11.31,30.90,0.090788
11.81,30.90,0.094318
12.31,30.90,0.097792
12.81,30.90,0.101208
13.32,30.90,0.104565
13.82,30.90,0.107863
14.32,30.90,0.111102
14.82,30.90,0.114282
15.33,30.90,0.117401
15.83,30.90,0.120460
16.33,30.90,0.123460
16.83,30.90,0.126399
17.34,30.90,0.129279
17.84,30.90,0.132100
18.34,30.90,0.134862
18.84,30.90,0.137565
19.35,30.90,0.140210
19.85,30.90,0.142798
20.35,30.90,0.145329
20.85,30.90,0.147804
21.36,30.90,0.150224
21.86,30.90,0.152589
22.36,30.90,0.154900
22.86,30.90,0.157158
23.37,30.90,0.159365
23.87,30.90,0.161520
24.37,30.90,0.163625
24.87,30.90,0.165680
25.38,30.90,0.167688
25.88,30.90,0.169647
26.38,30.90,0.171561
26.88,30.90,0.173428
27.39,30.90,0.175251
27.89,30.90,0.177031
28.39,30.90,0.178768
28.89,30.90,0.180463
29.40,30.90,0.182117
29.90,30.90,0.183732
30.40,30.90,0.185308
30.90,30.90,0.186845
31.41,30.90,0.188346
31.91,30.90,0.189811
32.41,30.90,0.191240
32.91,30.90,0.192635
33.42,30.90,0.193996
33.92,30.90,0.195325
34.42,30.90,0.196621
34.92,30.90,0.197887
35.43,30.90,0.199122
35.93,30.90,0.200328
36.43,30.90,0.201506
36.93,30.90,0.202655
37.44,30.90,0.203777
37.94,30.90,0.204872
38.44,30.90,0.205942
38.94,30.90,0.206986
39.45,30.90,0.208006
39.95,30.90,0.209002
40.45,30.90,0.209974
40.95,30.90,0.210925
41.46,30.90,0.211853
41.96,30.90,0.212759
42.46,30.90,0.213645
42.96,30.90,0.214510
43.47,30.90,0.215356
43.97,30.90,0.216183
44.47,30.90,0.216990
44.97,30.90,0.217780
45.48,30.90,0.218551
45.98,30.90,0.219306
46.48,30.90,0.220043
46.98,30.90,0.220764
47.49,30.90,0.221469
47.99,30.90,0.222159
48.49,30.90,0.222833
48.99,30.90,0.223493
49.50,30.90,0.224138
50.00,30.90,0.224770
-50.00,31.41,0.000000
-49.50,31.41,0.000000
-48.99,31.41,0.000000
-48.49,31.41,0.000000
-47.99,31.41,0.000000
-47.49,31.41,0.000000
-46.98,31.41,0.000000
-46.48,31.41,0.000000
-45.98,31.41,0.000000
-45.48,31.41,0.000000
-44.97,31.41,0.000000
-44.47,31.41,0.000000
-43.97,31.41,0.000000
-43.47,31.41,0.000000
-42.96,31.41,0.000000
-42.46,31.41,0.000000
-41.96,31.41,0.000000
-41.46,31.41,0.000000
-40.95,31.41,0.000000
-40.45,31.41,0.000000
-39.95,31.41,0.000000
-39.45,31.41,0.000000
-38.94,31.41,0.000000
-38.44,31.41,0.000000
-37.94,31.41,0.000000
-37.44,31.41,0.000000
-36.93,31.41,0.000000
-36.43,31.41,0.000000
-35.93,31.41,0.000000
-35.43,31.41,0.000000
-34.92,31.41,0.000000
-34.42,31.41,0.000000
-33.92,31.41,0.000000
-33.42,31.41,0.000000
-32.91,31.41,0.000000
-32.41,31.41,0.000000
-31.91,31.41,0.000000
-31.41,31.41,0.000000
-30.90,31.41,0.000000
-30.40,31.41,0.000000
-29.90,31.41,0.000000
-29.40,31.41,0.000000
-28.89,31.41,0.000000
-28.39,31.41,0.000000
-27.89,31.41,0.000000
-27.39,31.41,0.000000
-26.88,31.41,0.000000
-26.38,31.41,0.000000
-25.88,31.41,0.000000
-25.38,31.41,0.000000
-24.87,31.41,0.000000
-24.37,31.41,0.000000
-23.87,31.41,0.000000
-23.37,31.41,0.000000
-22.86,31.41,0.000000
-22.36,31.41,0.000000
-21.86,31.41,0.000000
-21.36,31.41,0.000000
-20.85,31.41,0.000000
-20.35,31.41,0.000000
-19.85,31.41,0.000000
-19.35,31.41,0.000000
-18.84,31.41,0.000000
-18.34,31.41,0.000000
-17.84,31.41,0.000000
-17.34,31.41,0.000000
-16.83,31.41,0.000000
-16.33,31.41,0.000000
-15.83,31.41,0.000000
-15.33,31.41,0.000000
-14.82,31.41,0.000000
-14.32,31.41,0.000000
-13.82,31.41,0.000000
-13.32,31.41,0.000000
-12.81,31.41,0.000000
-12.31,31.41,0.000000
-11.81,31.41,0.000000
-11.31,31.41,0.000000
-10.80,31.41,0.000000
-10.30,31.41,0.000000
-9.80,31.41,0.000000
-9.30,31.41,0.000000
-8.79,31.41,0.000000
-8.29,31.41,0.000000
-7.79,31.41,0.000000
-7.29,31.41,0.000000
-6.78,31.41,0.000000
-6.28,31.41,0.000000
-5.78,31.41,0.000000
-5.28,31.41,0.000000
-4.77,31.41,0.000000
-4.27,31.41,0.000000
-3.77,31.41,0.000000
-3.27,31.41,0.000000
-2.76,31.41,0.000000
-2.26,31.41,0.000000
-1.76,31.41,0.000000
-1.26,31.41,0.000000
-0.75,31.41,0.000000
-0.25,31.41,0.000000
0.25,31.41,0.002114
0.75,31.41,0.006340
1.26,31.41,0.010561
1.76,31.41,0.014774
2.26,31.41,0.018976
2.76,31.41,0.023164
3.27,31.41,0.027333
3.77,31.41,0.031483
4.27,31.41,0.035609
4.77,31.41,0.039708
5.28,31.41,0.043779
5.78,31.41,0.047817
6.28,31.41,0.051822
6.78,31.41,0.055789
7.29,31.41,0.059717
7.79,31.41,0.063605
8.29,31.41,0.067448
8.79,31.41,0.071247
9.30,31.41,0.074998
9.80,31.41,0.078701
10.30,31.41,0.082354
10.80,31.41,0.085955
11.31,31.41,0.089503
11.81,31.41,0.092997
12.31,31.41,0.096437
12.81,31.41,0.099821
13.32,31.41,0.103149
13.82,31.41,0.106419
14.32,31.41,0.109633
14.82,31.41,0.112788
15.33,31.41,0.115886
15.83,31.41,0.118926
16.33,31.41,0.121907
16.83,31.41,0.124831
17.34,31.41,0.127697
17.84,31.41,0.130505
18.34,31.41,0.133256
18.84,31.41,0.135950
19.35,31.41,0.138587
19.85,31.41,0.141169
20.35,31.41,0.143695
20.85,31.41,0.146167
21.36,31.41,0.148584
21.86,31.41,0.150948
22.36,31.41,0.153260
22.86,31.41,0.155520
23.37,31.41,0.157728
23.87,31.41,0.159887
24.37,31.41,0.161996
24.87,31.41,0.164056
25.38,31.41,0.166070
25.88,31.41,0.168036
26.38,31.41,0.169957
26.88,31.41,0.171832
27.39,31.41,0.173664
27.89,31.41,0.175453
28.39,31.41,0.177199
28.89,31.41,0.178905
29.40,31.41,0.180570
29.90,31.41,0.182196
30.40,31.41,0.183783
30.90,31.41,0.185332
31.41,31.41,0.186845
31.91,31.41,0.188322
32.41,31.41,0.189764
32.91,31.41,0.191172
33.42,31.41,0.192546
33.92,31.41,0.193888
34.42,31.41,0.195198
34.92,31.41,0.196478
35.43,31.41,0.197727
35.93,31.41,0.198946
36.43,31.41,0.200137
36.93,31.41,0.201300
37.44,31.41,0.202436
37.94,31.41,0.203545
38.44,31.41,0.204629
38.94,31.41,0.205687
39.45,31.41,0.206721
39.95,31.41,0.207731
40.45,31.41,0.208717
40.95,31.41,0.209681
41.46,31.41,0.210623
41.96,31.41,0.211543
42.46,31.41,0.212443
42.96,31.41,0.213321
43.47,31.41,0.214181
43.97,31.41,0.215020
44.47,31.41,0.215841
44.97,31.41,0.216644
45.48,31.41,0.217428
45.98,31.41,0.218195
46.48,31.41,0.218946
46.98,31.41,0.219679
47.49,31.41,0.220397
47.99,31.41,0.221099
48.49,31.41,0.221786
48.99,31.41,0.222457
49.50,31.41,0.223115
50.00,31.41,0.223758
-50.00,31.91,0.000000
-49.50,31.91,0.000000
-48.99,31.91,0.000000
-48.49,31.91,0.000000
-47.99,31.91,0.000000
-47.49,31.91,0.000000
-46.98,31.91,0.000000
-46.48,31.91,0.000000
-45.98,31.91,0.000000
-45.48,31.91,0.000000
-44.97,31.91,0.000000
-44.47,31.91,0.000000
-43.97,31.91,0.000000
-43.47,31.91,0.000000
-42.96,31.91,0.000000
-42.46,31.91,0.000000
-41.96,31.91,0.000000
-41.46,31.91,0.000000
-40.95,31.91,0.000000
-40.45,31.91,0.000000
-39.95,31.91,0.000000
-39.45,31.91,0.000000
-38.94,31.91,0.000000
-38.44,31.91,0.000000
-37.94,31.91,0.000000
-37.44,31.91,0.000000
-36.93,31.91,0.000000
-36.43,31.91,0.000000
-35.93,31.91,0.000000
-35.43,31.91,0.000000
-34.92,31.91,0.000000
-34.42,31.91,0.000000
-33.92,31.91,0.000000
-33.42,31.91,0.000000
-32.91,31.91,0.000000
-32.41,31.91,0.000000
-31.91,31.91,0.000000
-31.41,31.91,0.000000
-30.90,31.91,0.000000
-30.40,31.91,0.000000
-29.90,31.91,0.000000
-29.40,31.91,0.000000
-28.89,31.91,0.000000
-28.39,31.91,0.000000
-27.89,31.91,0.000000
-27.39,31.91,0.000000
-26.88,31.91,0.000000
-26.38,31.91,0.000000
-25.88,31.91,0.000000
-25.38,31.91,0.000000
-24.87,31.91,0.000000
-24.37,31.91,0.000000
-23.87,31.91,0.000000
-23.37,31.91,0.000000
-22.86,31.91,0.000000
-22.36,31.91,0.000000
-21.86,31.91,0.000000
-21.36,31.91,0.000000
-20.85,31.91,0.000000
-20.35,31.91,0.000000
-19.85,31.91,0.000000
-19.35,31.91,0.000000
-18.84,31.91,0.000000
-18.34,31.91,0.000000
-17.84,31.91,0.000000
-17.34,31.91,0.000000
-16.83,31.91,0.000000
-16.33,31.91,0.000000
-15.83,31.91,0.000000
-15.33,31.91,0.000000
-14.82,31.91,0.000000
-14.32,31.91,0.000000
-13.82,31.91,0.000000
-13.32,31.91,0.000000
-12.81,31.91,0.000000
-12.31,31.91,0.000000
-11.81,31.91,0.000000
-11.31,31.91,0.000000
-10.80,31.91,0.000000
-10.30,31.91,0.000000
-9.80,31.91,0.000000
-9.30,31.91,0.000000
-8.79,31.91,0.000000
-8.29,31.91,0.000000
-7.79,31.91,0.000000
-7.29,31.91,0.000000
-6.78,31.91,0.000000
-6.28,31.91,0.000000
-5.78,31.91,0.000000
-5.28,31.91,0.000000
-4.77,31.91,0.000000
-4.27,31.91,0.000000
-3.77,31.91,0.000000
-3.27,31.91,0.000000
-2.76,31.91,0.000000
-2.26,31.91,0.000000
-1.76,31.91,0.000000
-1.26,31.91,0.000000
-0.75,31.91,0.000000
-0.25,31.91,0.000000
0.25,31.91,0.002081
0.75,31.91,0.006240
1.26,31.91,0.010395
1.76,31.91,0.014542
2.26,31.91,0.018679
2.76,31.91,0.022801
3.27,31.91,0.026907
3.77,31.91,0.030994
4.27,31.91,0.035058
4.77,31.91,0.039097
5.28,31.91,0.043108
5.78,31.91,0.047088
6.28,31.91,0.051036
6.78,31.91,0.054949
7.29,31.91,0.058824
7.79,31.91,0.062660
8.29,31.91,0.066454
8.79,31.91,0.070205
9.30,31.91,0.073910
9.80,31.91,0.077569
10.30,31.91,0.081180
10.80,31.91,0.084741
11.31,31.91,0.088252
11.81,31.91,0.091710
12.31,31.91,0.095116
12.81,31.91,0.098469
13.32,31.91,0.101767
13.82,31.91,0.105010
14.32,31.91,0.108198
14.82,31.91,0.111330
15.33,31.91,0.114405
15.83,31.91,0.117425
16.33,31.91,0.120389
16.83,31.91,0.123296
17.34,31.91,0.126147
17.84,31.91,0.128942
18.34,31.91,0.131682
18.84,31.91,0.134366
19.35,31.91,0.136995
19.85,31.91,0.139570
20.35,31.91,0.142090
20.85,31.91,0.144558
21.36,31.91,0.146972
21.86,31.91,0.149335
22.36,31.91,0.151646
22.86,31.91,0.153906
23.37,31.91,0.156116
23.87,31.91,0.158277
24.37,31.91,0.160389
24.87,31.91,0.162454
25.38,31.91,0.164472
25.88,31.91,0.166445
26.38,31.91,0.168372
26.88,31.91,0.170255
27.39,31.91,0.172095
27.89,31.91,0.173892
28.39,31.91,0.175647
28.89,31.91,0.177362
29.40,31.91,0.179037
29.90,31.91,0.180673
30.40,31.91,0.182271
30.90,31.91,0.183832
31.41,31.91,0.185357
31.91,31.91,0.186845
32.41,31.91,0.188299
32.91,31.91,0.189719
33.42,31.91,0.191106
33.92,31.91,0.192461
34.42,31.91,0.193784
34.92,31.91,0.195076
35.43,31.91,0.196338
35.93,31.91,0.197571
36.43,31.91,0.198775
36.93,31.91,0.199952
37.44,31.91,0.201101
37.94,31.91,0.202224
38.44,31.91,0.203321
38.94,31.91,0.204392
39.45,31.91,0.205439
39.95,31.91,0.206463
40.45,31.91,0.207463
40.95,31.91,0.208440
41.46,31.91,0.209395
41.96,31.91,0.210329
42.46,31.91,0.211241
42.96,31.91,0.212133
43.47,31.91,0.213005
43.97,31.91,0.213858
44.47,31.91,0.214692
44.97,31.91,0.215507
45.48,31.91,0.216305
45.98,31.91,0.217084
46.48,31.91,0.217847
46.98,31.91,0.218593
47.49,31.91,0.219323
47.99,31.91,0.220037
48.49,31.91,0.220736
48.99,31.91,0.221420
49.50,31.91,0.222089
50.00,31.91,0.222744
-50.00,32.41,0.000000
-49.50,32.41,0.000000
-48.99,32.41,0.000000
-48.49,32.41,0.000000
-47.99,32.41,0.000000
-47.49,32.41,0.000000
-46.98,32.41,0.000000
-46.48,32.41,0.000000
-45.98,32.41,0.000000
-45.48,32.41,0.000000
-44.97,32.41,0.000000
-44.47,32.41,0.000000
-43.97,32.41,0.000000
-43.47,32.41,0.000000
-42.96,32.41,0.000000
-42.46,32.41,0.000000
-41.96,32.41,0.000000
-41.46,32.41,0.000000
-40.95,32.41,0.000000
-40.45,32.41,0.000000
-39.95,32.41,0.000000
-39.45,32.41,0.000000
-38.94,32.41,0.000000
-38.44,32.41,0.000000
-37.94,32.41,0.000000
-37.44,32.41,0.000000
-36.93,32.41,0.000000
-36.43,32.41,0.000000
-35.93,32.41,0.000000
-35.43,32.41,0.000000
-34.92,32.41,0.000000
-34.42,32.41,0.000000
-33.92,32.41,0.000000
-33.42,32.41,0.000000
-32.91,32.41,0.000000
-32.41,32.41,0.000000
-31.91,32.41,0.000000
-31.41,32.41,0.000000
-30.90,32.41,0.000000
-30.40,32.41,0.000000
-29.90,32.41,0.000000
-29.40,32.41,0.000000
-28.89,32.41,0.000000
-28.39,32.41,0.000000
-27.89,32.41,0.000000
-27.39,32.41,0.000000
-26.88,32.41,0.000000
-26.38,32.41,0.000000
-25.88,32.41,0.000000
-25.38,32.41,0.000000
-24.87,32.41,0.000000
-24.37,32.41,0.000000
-23.87,32.41,0.000000
-23.37,32.41,0.000000
-22.86,32.41,0.000000
-22.36,32.41,0.000000
-21.86,32.41,0.000000
-21.36,32.41,0.000000
-20.85,32.41,0.000000
-20.35,32.41,0.000000
-19.85,32.41,0.000000
-19.35,32.41,0.000000
-18.84,32.41,0.000000
-18.34,32.41,0.000000
-17.84,32.41,0.000000
-17.34,32.41,0.000000
-16.83,32.41,0.000000
-16.33,32.41,0.000000
-15.83,32.41,0.000000
-15.33,32.41,0.000000
-14.82,32.41,0.000000
-14.32,32.41,0.000000
-13.82,32.41,0.000000
-13.32,32.41,0.000000
-12.81,32.41,0.000000
-12.31,32.41,0.000000
-11.81,32.41,0.000000
-11.31,32.41,0.000000
-10.80,32.41,0.000000
-10.30,32.41,0.000000
-9.80,32.41,0.000000
-9.30,32.41,0.000000
-8.79,32.41,0.000000
-8.29,32.41,0.000000
-7.79,32.41,0.000000
-7.29,32.41,0.000000
-6.78,32.41,0.000000
-6.28,32.41,0.000000
-5.78,32.41,0.000000
-5.28,32.41,0.000000
-4.77,32.41,0.000000
-4.27,32.41,0.000000
-3.77,32.41,0.000000
-3.27,32.41,0.000000
-2.76,32.41,0.000000
-2.26,32.41,0.000000
-1.76,32.41,0.000000
-1.26,32.41,0.000000
-0.75,32.41,0.000000
-0.25,32.41,0.000000
0.25,32.41,0.002048
0.75,32.41,0.006143
1.26,32.41,0.010234
1.76,32.41,0.014317
2.26,32.41,0.018391
2.76,32.41,0.022451
3.27,32.41,0.026495
3.77,32.41,0.030520
4.27,32.41,0.034524
4.77,32.41,0.038504
5.28,32.41,0.042457
5.78,32.41,0.046381
6.28,32.41,0.050274
6.78,32.41,0.054133
7.29,32.41,0.057956
7.79,32.41,0.061742
8.29,32.41,0.065487
8.79,32.41,0.069191
9.30,32.41,0.072852
9.80,32.41,0.076468
10.30,32.41,0.080038
10.80,32.41,0.083560
11.31,32.41,0.087033
11.81,32.41,0.090456
12.31,32.41,0.093829
12.81,32.41,0.097150
13.32,32.41,0.100418
13.82,32.41,0.103634
14.32,32.41,0.106796
14.82,32.41,0.109904
15.33,32.41,0.112958
15.83,32.41,0.115957
16.33,32.41,0.118902
16.83,32.41,0.121793
17.34,32.41,0.124629
17.84,32.41,0.127411
18.34,32.41,0.130138
18.84,32.41,0.132812
19.35,32.41,0.135432
19.85,32.41,0.137999
20.35,32.41,0.140514
20.85,32.41,0.142976
21.36,32.41,0.145387
21.86,32.41,0.147747
22.36,32.41,0.150057
22.86,32.41,0.152317
23.37,32.41,0.154527
23.87,32.41,0.156690
24.37,32.41,0.158805
24.87,32.41,0.160874
25.38,32.41,0.162896
25.88,32.41,0.164874
26.38,32.41,0.166807
26.88,32.41,0.168696
27.39,32.41,0.170543
27.89,32.41,0.172348
28.39,32.41,0.174112
28.89,32.41,0.175835
29.40,32.41,0.177520
29.90,32.41,0.179166
30.40,32.41,0.180774
30.90,32.41,0.182345
31.41,32.41,0.183880
31.91,32.41,0.185380
32.41,32.41,0.186845
32.91,32.41,0.188277
33.42,32.41,0.189676
33.92,32.41,0.191042
34.42,32.41,0.192378
34.92,32.41,0.193682
35.43,32.41,0.194957
35.93,32.41,0.196203
36.43,32.41,0.197420
36.93,32.41,0.198609
37.44,32.41,0.199771
37.94,32.41,0.200907
38.44,32.41,0.202017
38.94,32.41,0.203101
39.45,32.41,0.204162
39.95,32.41,0.205198
40.45,32.41,0.206211
40.95,32.41,0.207201
41.46,32.41,0.208169
41.96,32.41,0.209116
42.46,32.41,0.210041
42.96,32.41,0.210946
43.47,32.41,0.211831
43.97,32.41,0.212697
44.47,32.41,0.213543
44.97,32.41,0.214371
45.48,32.41,0.215181
45.98,32.41,0.215973
46.48,32.41,0.216748
46.98,32.41,0.217506
47.49,32.41,0.218248
47.99,32.41,0.218974
48.49,32.41,0.219685
48.99,32.41,0.220380
49.50,32.41,0.221061
50.00,32.41,0.221728
-50.00,32.91,0.000000
-49.50,32.91,0.000000
-48.99,32.91,0.000000
-48.49,32.91,0.000000
-47.99,32.91,0.000000
-47.49,32.91,0.000000
-46.98,32.91,0.000000
-46.48,32.91,0.000000
-45.98,32.91,0.000000
-45.48,32.91,0.000000
-44.97,32.91,0.000000
-44.47,32.91,0.000000
-43.97,32.91,0.000000
-43.47,32.91,0.000000
-42.96,32.91,0.000000
-42.46,32.91,0.000000
-41.96,32.91,0.000000
-41.46,32.91,0.000000
-40.95,32.91,0.000000
-40.45,32.91,0.000000
-39.95,32.91,0.000000
-39.45,32.91,0.000000
-38.94,32.91,0.000000
-38.44,32.91,0.000000
-37.94,32.91,0.000000
-37.44,32.91,0.000000
-36.93,32.91,0.000000
-36.43,32.91,0.000000
-35.93,32.91,0.000000
-35.43,32.91,0.000000
-34.92,32.91,0.000000
-34.42,32.91,0.000000
-33.92,32.91,0.000000
-33.42,32.91,0.000000
-32.91,32.91,0.000000
-32.41,32.91,0.000000
-31.91,32.91,0.000000
-31.41,32.91,0.000000
-30.90,32.91,0.000000
-30.40,32.91,0.000000
-29.90,32.91,0.000000
-29.40,32.91,0.000000
-28.89,32.91,0.000000
-28.39,32.91,0.000000
-27.89,32.91,0.000000
-27.39,32.91,0.000000
-26.88,32.91,0.000000
-26.38,32.91,0.000000
-25.88,32.91,0.000000
-25.38,32.91,0.000000
-24.87,32.91,0.000000
-24.37,32.91,0.000000
-23.87,32.91,0.000000
-23.37,32.91,0.000000
-22.86,32.91,0.000000
-22.36,32.91,0.000000
-21.86,32.91,0.000000
-21.36,32.91,0.000000
-20.85,32.91,0.000000
-20.35,32.91,0.000000
-19.85,32.91,0.000000
-19.35,32.91,0.000000
-18.84,32.91,0.000000
-18.34,32.91,0.000000
-17.84,32.91,0.000000
-17.34,32.91,0.000000
-16.83,32.91,0.000000
-16.33,32.91,0.000000
-15.83,32.91,0.000000
-15.33,32.91,0.000000
-14.82,32.91,0.000000
-14.32,32.91,0.000000
-13.82,32.91,0.000000
-13.32,32.91,0.000000
-12.81,32.91,0.000000
-12.31,32.91,0.000000
-11.81,32.91,0.000000
-11.31,32.91,0.000000
-10.80,32.91,0.000000
-10.30,32.91,0.000000
-9.80,32.91,0.000000
-9.30,32.91,0.000000
-8.79,32.91,0.000000
-8.29,32.91,0.000000
-7.79,32.91,0.000000
-7.29,32.91,0.000000
-6.78,32.91,0.000000
-6.28,32.91,0.000000
-5.78,32.91,0.000000
-5.28,32.91,0.000000
-4.77,32.91,0.000000
-4.27,32.91,0.000000
-3.77,32.91,0.000000
-3.27,32.91,0.000000
-2.76,32.91,0.000000
-2.26,32.91,0.000000
-1.76,32.91,0.000000
-1.26,32.91,0.000000
-0.75,32.91,0.000000
-0.25,32.91,0.000000
0.25,32.91,0.002017
0.75,32.91,0.006050
1.26,32.91,0.010078
1.76,32.91,0.014100
2.26,32.91,0.018111
2.76,32.91,0.022110
3.27,32.91,0.026094
3.77,32.91,0.030060
4.27,32.91,0.034005
4.77,32.91,0.037928
5.28,32.91,0.041825
5.78,32.91,0.045694
6.28,32.91,0.049533
6.78,32.91,0.053340
7.29,32.91,0.057113
7.79,32.91,0.060849
8.29,32.91,0.064548
8.79,32.91,0.068206
9.30,32.91,0.071823
9.80,32.91,0.075396
10.30,32.91,0.078926
10.80,32.91,0.082409
11.31,32.91,0.085845
11.81,32.91,0.089234
12.31,32.91,0.092573
12.81,32.91,0.095863
13.32,32.91,0.099102
13.82,32.91,0.102290
14.32,32.91,0.105427
14.82,32.91,0.108511
15.33,32.91,0.111543
15.83,32.91,0.114522
16.33,32.91,0.117448
16.83,32.91,0.120321
17.34,32.91,0.123142
17.84,32.91,0.125910
18.34,32.91,0.128625
18.84,32.91,0.131288
19.35,32.91,0.133899
19.85,32.91,0.136458
20.35,32.91,0.138965
20.85,32.91,0.141422
21.36,32.91,0.143829
21.86,32.91,0.146186
22.36,32.91,0.148493
22.86,32.91,0.150752
23.37,32.91,0.152963
23.87,32.91,0.155127
24.37,32.91,0.157244
24.87,32.91,0.159315
25.38,32.91,0.161341
25.88,32.91,0.163323
26.38,32.91,0.165261
26.88,32.91,0.167156
27.39,32.91,0.169009
27.89,32.91,0.170821
28.39,32.91,0.172593
28.89,32.91,0.174324
29.40,32.91,0.176017
29.90,32.91,0.177672
30.40,32.91,0.179290
30.90,32.91,0.180871
31.41,32.91,0.182416
31.91,32.91,0.183926
32.41,32.91,0.185403
32.91,32.91,0.186845
33.42,32.91,0.188255
33.92,32.91,0.189634
34.42,32.91,0.190981
34.92,32.91,0.192297
35.43,32.91,0.193584
35.93,32.91,0.194842
36.43,32.91,0.196071
36.93,32.91,0.197273
37.44,32.91,0.198447
37.94,32.91,0.199595
38.44,32.91,0.200718
38.94,32.91,0.201815
39.45,32.91,0.202888
39.95,32.91,0.203937
40.45,32.91,0.204963
40.95,32.91,0.205966
41.46,32.91,0.206946
41.96,32.91,0.207906
42.46,32.91,0.208844
42.96,32.91,0.209761
43.47,32.91,0.210658
43.97,32.91,0.211536
44.47,32.91,0.212395
44.97,32.91,0.213235
45.48,32.91,0.214057
45.98,32.91,0.214861
46.48,32.91,0.215649
46.98,32.91,0.216419
47.49,32.91,0.217173
47.99,32.91,0.217910
48.49,32.91,0.218633
48.99,32.91,0.219340
49.50,32.91,0.220032
50.00,32.91,0.220710
-50.00,33.42,0.000000
-49.50,33.42,0.000000
-48.99,33.42,0.000000
-48.49,33.42,0.000000
-47.99,33.42,0.000000
-47.49,33.42,0.000000
-46.98,33.42,0.000000
-46.48,33.42,0.000000
-45.98,33.42,0.000000
-45.48,33.42,0.000000
-44.97,33.42,0.000000
-44.47,33.42,0.000000
-43.97,33.42,0.000000
-43.47,33.42,0.000000
-42.96,33.42,0.000000
-42.46,33.42,0.000000
-41.96,33.42,0.000000
-41.46,33.42,0.000000
-40.95,33.42,0.000000
-40.45,33.42,0.000000
-39.95,33.42,0.000000
-39.45,33.42,0.000000
-38.94,33.42,0.000000
-38.44,33.42,0.000000
-37.94,33.42,0.000000
-37.44,33.42,0.000000
-36.93,33.42,0.000000
-36.43,33.42,0.000000
-35.93,33.42,0.000000
-35.43,33.42,0.000000
-34.92,33.42,0.000000
-34.42,33.42,0.000000
-33.92,33.42,0.000000
-33.42,33.42,0.000000
-32.91,33.42,0.000000
-32.41,33.42,0.000000
-31.91,33.42,0.000000
-31.41,33.42,0.000000
-30.90,33.42,0.000000
-30.40,33.42,0.000000
-29.90,33.42,0.000000
-29.40,33.42,0.000000
-28.89,33.42,0.000000
-28.39,33.42,0.000000
-27.89,33.42,0.000000
-27.39,33.42,0.000000
-26.88,33.42,0.000000
-26.38,33.42,0.000000
-25.88,33.42,0.000000
-25.38,33.42,0.000000
-24.87,33.42,0.000000
-24.37,33.42,0.000000
-23.87,33.42,0.000000
-23.37,33.42,0.000000
-22.86,33.42,0.000000
-22.36,33.42,0.000000
-21.86,33.42,0.000000
-21.36,33.42,0.000000
-20.85,33.42,0.000000
-20.35,33.42,0.000000
-19.85,33.42,0.000000
-19.35,33.42,0.000000
-18.84,33.42,0.000000
-18.34,33.42,0.000000
-17.84,33.42,0.000000
-17.34,33.42,0.000000
-16.83,33.42,0.000000
-16.33,33.42,0.000000
-15.83,33.42,0.000000
-15.33,33.42,0.000000
-14.82,33.42,0.000000
-14.32,33.42,0.000000
-13.82,33.42,0.000000
-13.32,33.42,0.000000
-12.81,33.42,0.000000
-12.31,33.42,0.000000
-11.81,33.42,0.000000
-11.31,33.42,0.000000
-10.80,33.42,0.000000
-10.30,33.42,0.000000
-9.80,33.42,0.000000
-9.30,33.42,0.000000
-8.79,33.42,0.000000
-8.29,33.42,0.000000
-7.79,33.42,0.000000
-7.29,33.42,0.000000
-6.78,33.42,0.000000
-6.28,33.42,0.000000
-5.78,33.42,0.000000
-5.28,33.42,0.000000
-4.77,33.42,0.000000
-4.27,33.42,0.000000
-3.77,33.42,0.000000
-3.27,33.42,0.000000
-2.76,33.42,0.000000
-2.26,33.42,0.000000
-1.76,33.42,0.000000
-1.26,33.42,0.000000
-0.75,33.42,0.000000
-0.25,33.42,0.000000
0.25,33.42,0.001987
0.75,33.42,0.005959
1.26,33.42,0.009927
1.76,33.42,0.013888
2.26,33.42,0.017840
2.76,33.42,0.021780
3.27,33.42,0.025705
3.77,33.42,0.029614
4.27,33.42,0.033502
4.77,33.42,0.037369
5.28,33.42,0.041211
5.78,33.42,0.045027
6.28,33.42,0.048814
6.78,33.42,0.052570
7.29,33.42,0.056293
7.79,33.42,0.059982
8.29,33.42,0.063634
8.79,33.42,0.067247
9.30,33.42,0.070821
9.80,33.42,0.074353
10.30,33.42,0.077842
10.80,33.42,0.081288
11.31,33.42,0.084688
11.81,33.42,0.088042
12.31,33.42,0.091349
12.81,33.42,0.094608
13.32,33.42,0.097818
13.82,33.42,0.100978
14.32,33.42,0.104089
14.82,33.42,0.107149
15.33,33.42,0.110159
15.83,33.42,0.113117
16.33,33.42,0.116024
16.83,33.42,0.118881
17.34,33.42,0.121685
17.84,33.42,0.124439
18.34,33.42,0.127141
18.84,33.42,0.129793
19.35,33.42,0.132393
19.85,33.42,0.134944
20.35,33.42,0.137444
20.85,33.42,0.139895
21.36,33.42,0.142297
21.86,33.42,0.144649
22.36,33.42,0.146954
22.86,33.42,0.149212
23.37,33.42,0.151422
23.87,33.42,0.153586
24.37,33.42,0.155704
24.87,33.42,0.157777
25.38,33.42,0.159806
25.88,33.42,0.161792
26.38,33.42,0.163734
26.88,33.42,0.165635
27.39,33.42,0.167493
27.89,33.42,0.169312
28.39,33.42,0.171090
28.89,33.42,0.172829
29.40,33.42,0.174530
29.90,33.42,0.176193
30.40,33.42,0.177820
30.90,33.42,0.179410
31.41,33.42,0.180965
31.91,33.42,0.182485
32.41,33.42,0.183971
32.91,33.42,0.185424
33.42,33.42,0.186845
33.92,33.42,0.188234
34.42,33.42,0.189593
34.92,33.42,0.190920
35.43,33.42,0.192219
35.93,33.42,0.193488
36.43,33.42,0.194729
36.93,33.42,0.195943
37.44,33.42,0.197129
37.94,33.42,0.198290
38.44,33.42,0.199424
38.94,33.42,0.200534
39.45,33.42,0.201619
39.95,33.42,0.202680
40.45,33.42,0.203718
40.95,33.42,0.204733
41.46,33.42,0.205726
41.96,33.42,0.206698
42.46,33.42,0.207648
42.96,33.42,0.208578
43.47,33.42,0.209487
43.97,33.42,0.210377
44.47,33.42,0.211248
44.97,33.42,0.212100
45.48,33.42,0.212934
45.98,33.42,0.213750
46.48,33.42,0.214549
46.98,33.42,0.215331
47.49,33.42,0.216096
47.99,33.42,0.216846
48.49,33.42,0.217580
48.99,33.42,0.218298
49.50,33.42,0.219001
50.00,33.42,0.219690
-50.00,33.92,0.000000
-49.50,33.92,0.000000
-48.99,33.92,0.000000
-48.49,33.92,0.000000
-47.99,33.92,0.000000
-47.49,33.92,0.000000
-46.98,33.92,0.000000
-46.48,33.92,0.000000
-45.98,33.92,0.000000
-45.48,33.92,0.000000
-44.97,33.92,0.000000
-44.47,33.92,0.000000
-43.97,33.92,0.000000
-43.47,33.92,0.000000
-42.96,33.92,0.000000
-42.46,33.92,0.000000
-41.96,33.92,0.000000
-41.46,33.92,0.000000
-40.95,33.92,0.000000
-40.45,33.92,0.000000
-39.95,33.92,0.000000
-39.45,33.92,0.000000
-38.94,33.92,0.000000
-38.44,33.92,0.000000
-37.94,33.92,0.000000
-37.44,33.92,0.000000
-36.93,33.92,0.000000
-36.43,33.92,0.000000
-35.93,33.92,0.000000
-35.43,33.92,0.000000
-34.92,33.92,0.000000
-34.42,33.92,0.000000
-33.92,33.92,0.000000
-33.42,33.92,0.000000
-32.91,33.92,0.000000
-32.41,33.92,0.000000
-31.91,33.92,0.000000
-31.41,33.92,0.000000
-30.90,33.92,0.000000
-30.40,33.92,0.000000
-29.90,33.92,0.000000
-29.40,33.92,0.000000
-28.89,33.92,0.000000
-28.39,33.92,0.000000
-27.89,33.92,0.000000
-27.39,33.92,0.000000
-26.88,33.92,0.000000
-26.38,33.92,0.000000
-25.88,33.92,0.000000
-25.38,33.92,0.000000
-24.87,33.92,0.000000
-24.37,33.92,0.000000
-23.87,33.92,0.000000
-23.37,33.92,0.000000
-22.86,33.92,0.000000
-22.36,33.92,0.000000
-21.86,33.92,0.000000
-21.36,33.92,0.000000
-20.85,33.92,0.000000
-20.35,33.92,0.000000
-19.85,33.92,0.000000
-19.35,33.92,0.000000
-18.84,33.92,0.000000
-18.34,33.92,0.000000
-17.84,33.92,0.000000
-17.34,33.92,0.000000
-16.83,33.92,0.000000
-16.33,33.92,0.000000
-15.83,33.92,0.000000
-15.33,33.92,0.000000
-14.82,33.92,0.000000
-14.32,33.92,0.000000
-13.82,33.92,0.000000
-13.32,33.92,0.000000
-12.81,33.92,0.000000
-12.31,33.92,0.000000
-11.81,33.92,0.000000
-11.31,33.92,0.000000
-10.80,33.92,0.000000
-10.30,33.92,0.000000
-9.80,33.92,0.000000
-9.30,33.92,0.000000
-8.79,33.92,0.000000
-8.29,33.92,0.000000
-7.79,33.92,0.000000
-7.29,33.92,0.000000
-6.78,33.92,0.000000
-6.28,33.92,0.000000
-5.78,33.92,0.000000
-5.28,33.92,0.000000
-4.77,33.92,0.000000
-4.27,33.92,0.000000
-3.77,33.92,0.000000
-3.27,33.92,0.000000
-2.76,33.92,0.000000
-2.26,33.92,0.000000
-1.76,33.92,0.000000
-1.26,33.92,0.000000
-0.75,33.92,0.000000
-0.25,33.92,0.000000
0.25,33.92,0.001957
0.75,33.92,0.005871
1.26,33.92,0.009780
1.76,33.92,0.013683
2.26,33.92,0.017577
2.76,33.92,0.021459
3.27,33.92,0.025328
3.77,33.92,0.029180
4.27,33.92,0.033014
4.77,33.92,0.036826
5.28,33.92,0.040615
5.78,33.92,0.044379
6.28,33.92,0.048115
6.78,33.92,0.051822
7.29,33.92,0.055496
7.79,33.92,0.059138
8.29,33.92,0.062744
8.79,33.92,0.066314
9.30,33.92,0.069845
9.80,33.92,0.073337
10.30,33.92,0.076787
10.80,33.92,0.080195
11.31,33.92,0.083560
11.81,33.92,0.086880
12.31,33.92,0.090154
12.81,33.92,0.093382
13.32,33.92,0.096563
13.82,33.92,0.099697
14.32,33.92,0.102782
14.82,33.92,0.105818
15.33,33.92,0.108805
15.83,33.92,0.111743
16.33,33.92,0.114631
16.83,33.92,0.117469
17.34,33.92,0.120258
17.84,33.92,0.122997
18.34,33.92,0.125686
18.84,33.92,0.128326
19.35,33.92,0.130916
19.85,33.92,0.133457
20.35,33.92,0.135950
20.85,33.92,0.138394
21.36,33.92,0.140790
21.86,33.92,0.143139
22.36,33.92,0.145440
22.86,33.92,0.147695
23.37,33.92,0.149904
23.87,33.92,0.152068
24.37,33.92,0.154187
24.87,33.92,0.156261
25.38,33.92,0.158293
25.88,33.92,0.160281
26.38,33.92,0.162227
26.88,33.92,0.164132
27.39,33.92,0.165996
27.89,33.92,0.167820
28.39,33.92,0.169604
28.89,33.92,0.171350
29.40,33.92,0.173058
29.90,33.92,0.174729
30.40,33.92,0.176364
30.90,33.92,0.177962
31.41,33.92,0.179526
31.91,33.92,0.181056
32.41,33.92,0.182552
32.91,33.92,0.184015
33.42,33.92,0.185446
33.92,33.92,0.186845
34.42,33.92,0.188214
34.92,33.92,0.189553
35.43,33.92,0.190862
35.93,33.92,0.192143
36.43,33.92,0.193395
36.93,33.92,0.194620
37.44,33.92,0.195818
37.94,33.92,0.196990
38.44,33.92,0.198136
38.94,33.92,0.199258
39.45,33.92,0.200355
39.95,33.92,0.201428
40.45,33.92,0.202478
40.95,33.92,0.203505
41.46,33.92,0.204510
41.96,33.92,0.205493
42.46,33.92,0.206455
42.96,33.92,0.207397
43.47,33.92,0.208318
43.97,33.92,0.209220
44.47,33.92,0.210102
44.97,33.92,0.210966
45.48,33.92,0.211812
45.98,33.92,0.212640
46.48,33.92,0.213450
46.98,33.92,0.214243
47.49,33.92,0.215020
47.99,33.92,0.215781
48.49,33.92,0.216526
48.99,33.92,0.217255
49.50,33.92,0.217970
50.00,33.92,0.218670
-50.00,34.42,0.000000
-49.50,34.42,0.000000
-48.99,34.42,0.000000
-48.49,34.42,0.000000
-47.99,34.42,0.000000
-47.49,34.42,0.000000
-46.98,34.42,0.000000
-46.48,34.42,0.000000
-45.98,34.42,0.000000
-45.48,34.42,0.000000
-44.97,34.42,0.000000
-44.47,34.42,0.000000
-43.97,34.42,0.000000
-43.47,34.42,0.000000
-42.96,34.42,0.000000
-42.46,34.42,0.000000
-41.96,34.42,0.000000
-41.46,34.42,0.000000
-40.95,34.42,0.000000
-40.45,34.42,0.000000
-39.95,34.42,0.000000
-39.45,34.42,0.000000
-38.94,34.42,0.000000
-38.44,34.42,0.000000
-37.94,34.42,0.000000
-37.44,34.42,0.000000
-36.93,34.42,0.000000
-36.43,34.42,0.000000
-35.93,34.42,0.000000
-35.43,34.42,0.000000
-34.92,34.42,0.000000
-34.42,34.42,0.000000
-33.92,34.42,0.000000
-33.42,34.42,0.000000
-32.91,34.42,0.000000
-32.41,34.42,0.000000
-31.91,34.42,0.000000
-31.41,34.42,0.000000
-30.90,34.42,0.000000
-30.40,34.42,0.000000
-29.90,34.42,0.000000
-29.40,34.42,0.000000
-28.89,34.42,0.000000
-28.39,34.42,0.000000
-27.89,34.42,0.000000
-27.39,34.42,0.000000
-26.88,34.42,0.000000
-26.38,34.42,0.000000
-25.88,34.42,0.000000
-25.38,34.42,0.000000
-24.87,34.42,0.000000
-24.37,34.42,0.000000
-23.87,34.42,0.000000
-23.37,34.42,0.000000
-22.86,34.42,0.000000
-22.36,34.42,0.000000
-21.86,34.42,0.000000
-21.36,34.42,0.000000
-20.85,34.42,0.000000
-20.35,34.42,0.000000
-19.85,34.42,0.000000
-19.35,34.42,0.000000
-18.84,34.42,0.000000
-18.34,34.42,0.000000
-17.84,34.42,0.000000
-17.34,34.42,0.000000
-16.83,34.42,0.000000
-16.33,34.42,0.000000
-15.83,34.42,0.000000
-15.33,34.42,0.000000
-14.82,34.42,0.000000
-14.32,34.42,0.000000
-13.82,34.42,0.000000
-13.32,34.42,0.000000
-12.81,34.42,0.000000
-12.31,34.42,0.000000
-11.81,34.42,0.000000
-11.31,34.42,0.000000
-10.80,34.42,0.000000
-10.30,34.42,0.000000
-9.80,34.42,0.000000
-9.30,34.42,0.000000
-8.79,34.42,0.000000
-8.29,34.42,0.000000
-7.79,34.42,0.000000
-7.29,34.42,0.000000
-6.78,34.42,0.000000
-6.28,34.42,0.000000
-5.78,34.42,0.000000
-5.28,34.42,0.000000
-4.77,34.42,0.000000
-4.27,34.42,0.000000
-3.77,34.42,0.000000
-3.27,34.42,0.000000
-2.76,34.42,0.000000
-2.26,34.42,0.000000
-1.76,34.42,0.000000
-1.26,34.42,0.000000
-0.75,34.42,0.000000
-0.25,34.42,0.000000
0.25,34.42,0.001929
0.75,34.42,0.005785
1.26,34.42,0.009637
1.76,34.42,0.013484
2.26,34.42,0.017321
2.76,34.42,0.021148
3.27,34.42,0.024962
3.77,34.42,0.028759
4.27,34.42,0.032539
4.77,34.42,0.036299
5.28,34.42,0.040036
5.78,34.42,0.043749
6.28,34.42,0.047435
6.78,34.42,0.051094
7.29,34.42,0.054721
7.79,34.42,0.058317
8.29,34.42,0.061879
8.79,34.42,0.065406
9.30,34.42,0.068895
9.80,34.42,0.072347
10.30,34.42,0.075759
10.80,34.42,0.079130
11.31,34.42,0.082459
11.81,34.42,0.085746
12.31,34.42,0.088988
12.81,34.42,0.092186
13.32,34.42,0.095338
13.82,34.42,0.098444
14.32,34.42,0.101504
14.82,34.42,0.104516
15.33,34.42,0.107481
15.83,34.42,0.110398
16.33,34.42,0.113267
16.83,34.42,0.116088
17.34,34.42,0.118860
17.84,34.42,0.121584
18.34,34.42,0.124259
18.84,34.42,0.126887
19.35,34.42,0.129466
19.85,34.42,0.131998
20.35,34.42,0.134482
20.85,34.42,0.136919
21.36,34.42,0.139309
21.86,34.42,0.141653
22.36,34.42,0.143950
22.86,34.42,0.146203
23.37,34.42,0.148410
23.87,34.42,0.150572
24.37,34.42,0.152691
24.87,34.42,0.154767
25.38,34.42,0.156799
25.88,34.42,0.158790
26.38,34.42,0.160739
26.88,34.42,0.162648
27.39,34.42,0.164516
27.89,34.42,0.166345
28.39,34.42,0.168135
28.89,34.42,0.169887
29.40,34.42,0.171602
29.90,34.42,0.173280
30.40,34.42,0.174922
30.90,34.42,0.176529
31.41,34.42,0.178101
31.91,34.42,0.179639
32.41,34.42,0.181144
32.91,34.42,0.182616
33.42,34.42,0.184057
33.92,34.42,0.185466
34.42,34.42,0.186845
34.92,34.42,0.188194
35.43,34.42,0.189514
35.93,34.42,0.190805
36.43,34.42,0.192069
36.93,34.42,0.193305
37.44,34.42,0.194514
37.94,34.42,0.195697
38.44,34.42,0.196855
38.94,34.42,0.197987
39.45,34.42,0.199096
39.95,34.42,0.200180
40.45,34.42,0.201242
40.95,34.42,0.202280
41.46,34.42,0.203297
41.96,34.42,0.204292
42.46,34.42,0.205265
42.96,34.42,0.206218
43.47,34.42,0.207151
43.97,34.42,0.208065
44.47,34.42,0.208959
44.97,34.42,0.209834
45.48,34.42,0.210691
45.98,34.42,0.211530
46.48,34.42,0.212352
46.98,34.42,0.213156
47.49,34.42,0.213944
47.99,34.42,0.214716
48.49,34.42,0.215472
48.99,34.42,0.216212
49.50,34.42,0.216938
50.00,34.42,0.217648
-50.00,34.92,0.000000
-49.50,34.92,0.000000
-48.99,34.92,0.000000
-48.49,34.92,0.000000
-47.99,34.92,0.000000
-47.49,34.92,0.000000
-46.98,34.92,0.000000
-46.48,34.92,0.000000
-45.98,34.92,0.000000
-45.48,34.92,0.000000
-44.97,34.92,0.000000
-44.47,34.92,0.000000
-43.97,34.92,0.000000
-43.47,34.92,0.000000
-42.96,34.92,0.000000
-42.46,34.92,0.000000
-41.96,34.92,0.000000
-41.46,34.92,0.000000
-40.95,34.92,0.000000
-40.45,34.92,0.000000
-39.95,34.92,0.000000
-39.45,34.92,0.000000
-38.94,34.92,0.000000
-38.44,34.92,0.000000
-37.94,34.92,0.000000
-37.44,34.92,0.000000
-36.93,34.92,0.000000
-36.43,34.92,0.000000
-35.93,34.92,0.000000
-35.43,34.92,0.000000
-34.92,34.92,0.000000
-34.42,34.92,0.000000
-33.92,34.92,0.000000
-33.42,34.92,0.000000
-32.91,34.92,0.000000
-32.41,34.92,0.000000
-31.91,34.92,0.000000
-31.41,34.92,0.000000
-30.90,34.92,0.000000
-30.40,34.92,0.000000
-29.90,34.92,0.000000
-29.40,34.92,0.000000
-28.89,34.92,0.000000
-28.39,34.92,0.000000
-27.89,34.92,0.000000
-27.39,34.92,0.000000
-26.88,34.92,0.000000
-26.38,34.92,0.000000
-25.88,34.92,0.000000
-25.38,34.92,0.000000
-24.87,34.92,0.000000
-24.37,34.92,0.000000
-23.87,34.92,0.000000
-23.37,34.92,0.000000
-22.86,34.92,0.000000
-22.36,34.92,0.000000
-21.86,34.92,0.000000
-21.36,34.92,0.000000
-20.85,34.92,0.000000
-20.35,34.92,0.000000
-19.85,34.92,0.000000
-19.35,34.92,0.000000
-18.84,34.92,0.000000
-18.34,34.92,0.000000
-17.84,34.92,0.000000
-17.34,34.92,0.000000
-16.83,34.92,0.000000
-16.33,34.92,0.000000
-15.83,34.92,0.000000
-15.33,34.92,0.000000
-14.82,34.92,0.000000
-14.32,34.92,0.000000
-13.82,34.92,0.000000
-13.32,34.92,0.000000
-12.81,34.92,0.000000
-12.31,34.92,0.000000
-11.81,34.92,0.000000
-11.31,34.92,0.000000
-10.80,34.92,0.000000
-10.30,34.92,0.000000
-9.80,34.92,0.000000
-9.30,34.92,0.000000
-8.79,34.92,0.000000
-8.29,34.92,0.000000
-7.79,34.92,0.000000
-7.29,34.92,0.000000
-6.78,34.92,0.000000
-6.28,34.92,0.000000
-5.78,34.92,0.000000
-5.28,34.92,0.000000
-4.77,34.92,0.000000
-4.27,34.92,0.000000
-3.77,34.92,0.000000
-3.27,34.92,0.000000
-2.76,34.92,0.000000
-2.26,34.92,0.000000
-1.76,34.92,0.000000
-1.26,34.92,0.000000
-0.75,34.92,0.000000
-0.25,34.92,0.000000
0.25,34.92,0.001901
0.75,34.92,0.005702
1.26,34.92,0.009499
1.76,34.92,0.013290
2.26,34.92,0.017073
2.76,34.92,0.020846
3.27,34.92,0.024606
3.77,34.92,0.028350
4.27,34.92,0.032078
4.77,34.92,0.035786
5.28,34.92,0.039473
5.78,34.92,0.043136
6.28,34.92,0.046775
6.78,34.92,0.050385
7.29,34.92,0.053967
7.79,34.92,0.057518
8.29,34.92,0.061036
8.79,34.92,0.064521
9.30,34.92,0.067970
9.80,34.92,0.071383
10.30,34.92,0.074757
10.80,34.92,0.078092
11.31,34.92,0.081386
11.81,34.92,0.084639
12.31,34.92,0.087850
12.81,34.92,0.091018
13.32,34.92,0.094142
13.82,34.92,0.097221
14.32,34.92,0.100255
14.82,34.92,0.103243
15.33,34.92,0.106186
15.83,34.92,0.109082
16.33,34.92,0.111931
16.83,34.92,0.114734
17.34,34.92,0.117490
17.84,34.92,0.120198
18.34,34.92,0.122860
18.84,34.92,0.125475
19.35,34.92,0.128043
19.85,34.92,0.130565
20.35,34.92,0.133040
20.85,34.92,0.135470
21.36,34.92,0.137853
21.86,34.92,0.140191
22.36,34.92,0.142485
22.86,34.92,0.144733
23.37,34.92,0.146938
23.87,34.92,0.149099
24.37,34.92,0.151217
24.87,34.92,0.153293
25.38,34.92,0.155327
25.88,34.92,0.157319
26.38,34.92,0.159271
26.88,34.92,0.161182
27.39,34.92,0.163054
27.89,34.92,0.164888
28.39,34.92,0.166683
28.89,34.92,0.168440
29.40,34.92,0.170161
29.90,34.92,0.171846
30.40,34.92,0.173495
30.90,34.92,0.175109
31.41,34.92,0.176689
31.91,34.92,0.178235
32.41,34.92,0.179748
32.91,34.92,0.181230
33.42,34.92,0.182679
33.92,34.92,0.184098
34.42,34.92,0.185486
34.92,34.92,0.186845
35.43,34.92,0.188175
35.93,34.92,0.189477
36.43,34.92,0.190750
36.93,34.92,0.191997
37.44,34.92,0.193217
37.94,34.92,0.194410
38.44,34.92,0.195579
38.94,34.92,0.196723
39.45,34.92,0.197842
39.95,34.92,0.198938
40.45,34.92,0.200010
40.95,34.92,0.201060
41.46,34.92,0.202088
41.96,34.92,0.203094
42.46,34.92,0.204079
42.96,34.92,0.205043
43.47,34.92,0.205987
43.97,34.92,0.206912
44.47,34.92,0.207817
44.97,34.92,0.208703
45.48,34.92,0.209571
45.98,34.92,0.210422
46.48,34.92,0.211254
46.98,34.92,0.212070
47.49,34.92,0.212869
47.99,34.92,0.213651
48.49,34.92,0.214418
48.99,34.92,0.215169
49.50,34.92,0.215905
50.00,34.92,0.216626
-50.00,35.43,0.000000
-49.50,35.43,0.000000
-48.99,35.43,0.000000
-48.49,35.43,0.000000
-47.99,35.43,0.000000
-47.49,35.43,0.000000
-46.98,35.43,0.000000
-46.48,35.43,0.000000
-45.98,35.43,0.000000
-45.48,35.43,0.000000
-44.97,35.43,0.000000
-44.47,35.43,0.000000
-43.97,35.43,0.000000
-43.47,35.43,0.000000
-42.96,35.43,0.000000
-42.46,35.43,0.000000
-41.96,35.43,0.000000
-41.46,35.43,0.000000
-40.95,35.43,0.000000
-40.45,35.43,0.000000
-39.95,35.43,0.000000
-39.45,35.43,0.000000
-38.94,35.43,0.000000
-38.44,35.43,0.000000
-37.94,35.43,0.000000
-37.44,35.43,0.000000
-36.93,35.43,0.000000
-36.43,35.43,0.000000
-35.93,35.43,0.000000
-35.43,35.43,0.000000
-34.92,35.43,0.000000
-34.42,35.43,0.000000
-33.92,35.43,0.000000
-33.42,35.43,0.000000
-32.91,35.43,0.000000
-32.41,35.43,0.000000
-31.91,35.43,0.000000
-31.41,35.43,0.000000
-30.90,35.43,0.000000
-30.40,35.43,0.000000
-29.90,35.43,0.000000
-29.40,35.43,0.000000
-28.89,35.43,0.000000
-28.39,35.43,0.000000
-27.89,35.43,0.000000
-27.39,35.43,0.000000
-26.88,35.43,0.000000
-26.38,35.43,0.000000
-25.88,35.43,0.000000
-25.38,35.43,0.000000
-24.87,35.43,0.000000
-24.37,35.43,0.000000
-23.87,35.43,0.000000
-23.37,35.43,0.000000
-22.86,35.43,0.000000
-22.36,35.43,0.000000
-21.86,35.43,0.000000
-21.36,35.43,0.000000
-20.85,35.43,0.000000
-20.35,35.43,0.000000
-19.85,35.43,0.000000
-19.35,35.43,0.000000
-18.84,35.43,0.000000
-18.34,35.43,0.000000
-17.84,35.43,0.000000
-17.34,35.43,0.000000
-16.83,35.43,0.000000
-16.33,35.43,0.000000
-15.83,35.43,0.000000
-15.33,35.43,0.000000
-14.82,35.43,0.000000
-14.32,35.43,0.000000
-13.82,35.43,0.000000
-13.32,35.43,0.000000
-12.81,35.43,0.000000
-12.31,35.43,0.000000
-11.81,35.43,0.000000
-11.31,35.43,0.000000
-10.80,35.43,0.000000
-10.30,35.43,0.000000
-9.80,35.43,0.000000
-9.30,35.43,0.000000
-8.79,35.43,0.000000
-8.29,35.43,0.000000
-7.79,35.43,0.000000
-7.29,35.43,0.000000
-6.78,35.43,0.000000
-6.28,35.43,0.000000
-5.78,35.43,0.000000
-5.28,35.43,0.000000
-4.77,35.43,0.000000
-4.27,35.43,0.000000
-3.77,35.43,0.000000
-3.27,35.43,0.000000
-2.76,35.43,0.000000
-2.26,35.43,0.000000
-1.76,35.43,0.000000
-1.26,35.43,0.000000
-0.75,35.43,0.000000
-0.25,35.43,0.000000
0.25,35.43,0.001874
0.75,35.43,0.005621
1.26,35.43,0.009364
1.76,35.43,0.013102
2.26,35.43,0.016832
2.76,35.43,0.020552
3.27,35.43,0.024260
3.77,35.43,0.027953
4.27,35.43,0.031630
4.77,35.43,0.035288
5.28,35.43,0.038925
5.78,35.43,0.042541
6.28,35.43,0.046131
6.78,35.43,0.049696
7.29,35.43,0.053233
7.79,35.43,0.056740
8.29,35.43,0.060216
8.79,35.43,0.063659
9.30,35.43,0.067069
9.80,35.43,0.070442
10.30,35.43,0.073780
10.80,35.43,0.077079
11.31,35.43,0.080339
11.81,35.43,0.083560
12.31,35.43,0.086739
12.81,35.43,0.089877
13.32,35.43,0.092973
13.82,35.43,0.096025
14.32,35.43,0.099034
14.82,35.43,0.101999
15.33,35.43,0.104919
15.83,35.43,0.107794
16.33,35.43,0.110624
16.83,35.43,0.113408
17.34,35.43,0.116147
17.84,35.43,0.118840
18.34,35.43,0.121488
18.84,35.43,0.124090
19.35,35.43,0.126647
19.85,35.43,0.129158
20.35,35.43,0.131624
20.85,35.43,0.134045
21.36,35.43,0.136422
21.86,35.43,0.138754
22.36,35.43,0.141042
22.86,35.43,0.143287
23.37,35.43,0.145489
23.87,35.43,0.147648
24.37,35.43,0.149765
24.87,35.43,0.151840
25.38,35.43,0.153874
25.88,35.43,0.155868
26.38,35.43,0.157821
26.88,35.43,0.159735
27.39,35.43,0.161611
27.89,35.43,0.163448
28.39,35.43,0.165247
28.89,35.43,0.167010
29.40,35.43,0.168736
29.90,35.43,0.170426
30.40,35.43,0.172082
30.90,35.43,0.173703
31.41,35.43,0.175290
31.91,35.43,0.176844
32.41,35.43,0.178365
32.91,35.43,0.179854
33.42,35.43,0.181313
33.92,35.43,0.182740
34.42,35.43,0.184138
34.92,35.43,0.185506
35.43,35.43,0.186845
35.93,35.43,0.188156
36.43,35.43,0.189440
36.93,35.43,0.190697
37.44,35.43,0.191927
37.94,35.43,0.193131
38.44,35.43,0.194310
38.94,35.43,0.195464
39.45,35.43,0.196594
39.95,35.43,0.197700
40.45,35.43,0.198784
40.95,35.43,0.199844
41.46,35.43,0.200883
41.96,35.43,0.201900
42.46,35.43,0.202896
42.96,35.43,0.203871
43.47,35.43,0.204826
43.97,35.43,0.205761
44.47,35.43,0.206677
44.97,35.43,0.207575
45.48,35.43,0.208454
45.98,35.43,0.209315
46.48,35.43,0.210158
46.98,35.43,0.210984
47.49,35.43,0.211794
47.99,35.43,0.212587
48.49,35.43,0.213365
48.99,35.43,0.214126
49.50,35.43,0.214873
50.00,35.43,0.215604
-50.00,35.93,0.000000
-49.50,35.93,0.000000
-48.99,35.93,0.000000
-48.49,35.93,0.000000
-47.99,35.93,0.000000
-47.49,35.93,0.000000
-46.98,35.93,0.000000
-46.48,35.93,0.000000
-45.98,35.93,0.000000
-45.48,35.93,0.000000
-44.97,35.93,0.000000
-44.47,35.93,0.000000
-43.97,35.93,0.000000
-43.47,35.93,0.000000
-42.96,35.93,0.000000
-42.46,35.93,0.000000
-41.96,35.93,0.000000
-41.46,35.93,0.000000
-40.95,35.93,0.000000
-40.45,35.93,0.000000
-39.95,35.93,0.000000
-39.45,35.93,0.000000
-38.94,35.93,0.000000
-38.44,35.93,0.000000
-37.94,35.93,0.000000
-37.44,35.93,0.000000
-36.93,35.93,0.000000
-36.43,35.93,0.000000
-35.93,35.93,0.000000
-35.43,35.93,0.000000
-34.92,35.93,0.000000
-34.42,35.93,0.000000
-33.92,35.93,0.000000
-33.42,35.93,0.000000
-32.91,35.93,0.000000
-32.41,35.93,0.000000
-31.91,35.93,0.000000
-31.41,35.93,0.000000
-30.90,35.93,0.000000
-30.40,35.93,0.000000
-29.90,35.93,0.000000
-29.40,35.93,0.000000
-28.89,35.93,0.000000
-28.39,35.93,0.000000
-27.89,35.93,0.000000
-27.39,35.93,0.000000
-26.88,35.93,0.000000
-26.38,35.93,0.000000
-25.88,35.93,0.000000
-25.38,35.93,0.000000
-24.87,35.93,0.000000
-24.37,35.93,0.000000
-23.87,35.93,0.000000
-23.37,35.93,0.000000
-22.86,35.93,0.000000
-22.36,35.93,0.000000
-21.86,35.93,0.000000
-21.36,35.93,0.000000
-20.85,35.93,0.000000
-20.35,35.93,0.000000
-19.85,35.93,0.000000
-19.35,35.93,0.000000
-18.84,35.93,0.000000
-18.34,35.93,0.000000
-17.84,35.93,0.000000
-17.34,35.93,0.000000
-16.83,35.93,0.000000
-16.33,35.93,0.000000
-15.83,35.93,0.000000
-15.33,35.93,0.000000
-14.82,35.93,0.000000
-14.32,35.93,0.000000
-13.82,35.93,0.000000
-13.32,35.93,0.000000
-12.81,35.93,0.000000
-12.31,35.93,0.000000
-11.81,35.93,0.000000
-11.31,35.93,0.000000
-10.80,35.93,0.000000
-10.30,35.93,0.000000
-9.80,35.93,0.000000
-9.30,35.93,0.000000
-8.79,35.93,0.000000
-8.29,35.93,0.000000
-7.79,35.93,0.000000
-7.29,35.93,0.000000
-6.78,35.93,0.000000
-6.28,35.93,0.000000
-5.78,35.93,0.000000
-5.28,35.93,0.000000
-4.77,35.93,0.000000
-4.27,35.93,0.000000
-3.77,35.93,0.000000
-3.27,35.93,0.000000
-2.76,35.93,0.000000
-2.26,35.93,0.000000
-1.76,35.93,0.000000
-1.26,35.93,0.000000
-0.75,35.93,0.000000
-0.25,35.93,0.000000
0.25,35.93,0.001848
0.75,35.93,0.005542
1.26,35.93,0.009233
1.76,35.93,0.012919
2.26,35.93,0.016598
2.76,35.93,0.020266
3.27,35.93,0.023923
3.77,35.93,0.027566
4.27,35.93,0.031193
4.77,35.93,0.034803
5.28,35.93,0.038393
5.78,35.93,0.041961
6.28,35.93,0.045505
6.78,35.93,0.049025
7.29,35.93,0.052518
7.79,35.93,0.055982
8.29,35.93,0.059417
8.79,35.93,0.062820
9.30,35.93,0.066190
9.80,35.93,0.069526
10.30,35.93,0.072827
10.80,35.93,0.076091
11.31,35.93,0.079318
11.81,35.93,0.082506
12.31,35.93,0.085654
12.81,35.93,0.088763
13.32,35.93,0.091830
13.82,35.93,0.094856
14.32,35.93,0.097840
14.82,35.93,0.100781
15.33,35.93,0.103678
15.83,35.93,0.106533
16.33,35.93,0.109343
16.83,35.93,0.112109
17.34,35.93,0.114831
17.84,35.93,0.117509
18.34,35.93,0.120142
18.84,35.93,0.122731
19.35,35.93,0.125276
19.85,35.93,0.127776
20.35,35.93,0.130233
20.85,35.93,0.132645
21.36,35.93,0.135014
21.86,35.93,0.137340
22.36,35.93,0.139623
22.86,35.93,0.141864
23.37,35.93,0.144062
23.87,35.93,0.146218
24.37,35.93,0.148333
24.87,35.93,0.150408
25.38,35.93,0.152442
25.88,35.93,0.154436
26.38,35.93,0.156391
26.88,35.93,0.158307
27.39,35.93,0.160185
27.89,35.93,0.162025
28.39,35.93,0.163828
28.89,35.93,0.165595
29.40,35.93,0.167326
29.90,35.93,0.169022
30.40,35.93,0.170683
30.90,35.93,0.172310
31.41,35.93,0.173904
31.91,35.93,0.175465
32.41,35.93,0.176994
32.91,35.93,0.178491
33.42,35.93,0.179957
33.92,35.93,0.181393
34.42,35.93,0.182799
34.92,35.93,0.184176
35.43,35.93,0.185525
35.93,35.93,0.186845
36.43,35.93,0.188138
36.93,35.93,0.189404
37.44,35.93,0.190644
37.94,35.93,0.191858
38.44,35.93,0.193047
38.94,35.93,0.194212
39.45,35.93,0.195352
39.95,35.93,0.196469
40.45,35.93,0.197562
40.95,35.93,0.198634
41.46,35.93,0.199683
41.96,35.93,0.200710
42.46,35.93,0.201717
42.96,35.93,0.202702
43.47,35.93,0.203668
43.97,35.93,0.204614
44.47,35.93,0.205541
44.97,35.93,0.206449
45.48,35.93,0.207338
45.98,35.93,0.208210
46.48,35.93,0.209064
46.98,35.93,0.209900
47.49,35.93,0.210720
47.99,35.93,0.211524
48.49,35.93,0.212312
48.99,35.93,0.213084
49.50,35.93,0.213840
50.00,35.93,0.214582
-50.00,36.43,0.000000
-49.50,36.43,0.000000
-48.99,36.43,0.000000
-48.49,36.43,0.000000
-47.99,36.43,0.000000
-47.49,36.43,0.000000
-46.98,36.43,0.000000
-46.48,36.43,0.000000
-45.98,36.43,0.000000
-45.48,36.43,0.000000
-44.97,36.43,0.000000
-44.47,36.43,0.000000
-43.97,36.43,0.000000
-43.47,36.43,0.000000
-42.96,36.43,0.000000
-42.46,36.43,0.000000
-41.96,36.43,0.000000
-41.46,36.43,0.000000
-40.95,36.43,0.000000
-40.45,36.43,0.000000
-39.95,36.43,0.000000
-39.45,36.43,0.000000
-38.94,36.43,0.000000
-38.44,36.43,0.000000
-37.94,36.43,0.000000
-37.44,36.43,0.000000
-36.93,36.43,0.000000
-36.43,36.43,0.000000
-35.93,36.43,0.000000
-35.43,36.43,0.000000
-34.92,36.43,0.000000
-34.42,36.43,0.000000
-33.92,36.43,0.000000
-33.42,36.43,0.000000
-32.91,36.43,0.000000
-32.41,36.43,0.000000
-31.91,36.43,0.000000
-31.41,36.43,0.000000
-30.90,36.43,0.000000
-30.40,36.43,0.000000
-29.90,36.43,0.000000
-29.40,36.43,0.000000
-28.89,36.43,0.000000
-28.39,36.43,0.000000
-27.89,36.43,0.000000
-27.39,36.43,0.000000
-26.88,36.43,0.000000
-26.38,36.43,0.000000
-25.88,36.43,0.000000
-25.38,36.43,0.000000
-24.87,36.43,0.000000
-24.37,36.43,0.000000
-23.87,36.43,0.000000
-23.37,36.43,0.000000
-22.86,36.43,0.000000
-22.36,36.43,0.000000
-21.86,36.43,0.000000
-21.36,36.43,0.000000
-20.85,36.43,0.000000
-20.35,36.43,0.000000
-19.85,36.43,0.000000
-19.35,36.43,0.000000
-18.84,36.43,0.000000
-18.34,36.43,0.000000
-17.84,36.43,0.000000
-17.34,36.43,0.000000
-16.83,36.43,0.000000
-16.33,36.43,0.000000
-15.83,36.43,0.000000
-15.33,36.43,0.000000
-14.82,36.43,0.000000
-14.32,36.43,0.000000
-13.82,36.43,0.000000
-13.32,36.43,0.000000
-12.81,36.43,0.000000
-12.31,36.43,0.000000
-11.81,36.43,0.000000
-11.31,36.43,0.000000
-10.80,36.43,0.000000
-10.30,36.43,0.000000
-9.80,36.43,0.000000
-9.30,36.43,0.000000
-8.79,36.43,0.000000
-8.29,36.43,0.000000
-7.79,36.43,0.000000
-7.29,36.43,0.000000
-6.78,36.43,0.000000
-6.28,36.43,0.000000
-5.78,36.43,0.000000
-5.28,36.43,0.000000
-4.77,36.43,0.000000
-4.27,36.43,0.000000
-3.77,36.43,0.000000
-3.27,36.43,0.000000
-2.76,36.43,0.000000
-2.26,36.43,0.000000
-1.76,36.43,0.000000
-1.26,36.43,0.000000
-0.75,36.43,0.000000
-0.25,36.43,0.000000
0.25,36.43,0.001822
0.75,36.43,0.005466
1.26,36.43,0.009106
1.76,36.43,0.012742
2.26,36.43,0.016370
2.76,36.43,0.019988
3.27,36.43,0.023596
3.77,36.43,0.027190
4.27,36.43,0.030769
4.77,36.43,0.034331
5.28,36.43,0.037874
5.78,36.43,0.041396
6.28,36.43,0.044896
6.78,36.43,0.048372
7.29,36.43,0.051822
7.79,36.43,0.055244
8.29,36.43,0.058638
8.79,36.43,0.062001
9.30,36.43,0.065333
9.80,36.43,0.068632
10.30,36.43,0.071897
10.80,36.43,0.075127
11.31,36.43,0.078320
11.81,36.43,0.081477
12.31,36.43,0.084595
12.81,36.43,0.087674
13.32,36.43,0.090714
13.82,36.43,0.093714
14.32,36.43,0.096672
14.82,36.43,0.099589
15.33,36.43,0.102465
15.83,36.43,0.105298
16.33,36.43,0.108089
16.83,36.43,0.110836
17.34,36.43,0.113541
17.84,36.43,0.116203
18.34,36.43,0.118822
18.84,36.43,0.121398
19.35,36.43,0.123930
19.85,36.43,0.126419
20.35,36.43,0.128866
20.85,36.43,0.131270
21.36,36.43,0.133631
21.86,36.43,0.135950
22.36,36.43,0.138227
22.86,36.43,0.140462
23.37,36.43,0.142657
23.87,36.43,0.144810
24.37,36.43,0.146923
24.87,36.43,0.148996
25.38,36.43,0.151029
25.88,36.43,0.153023
26.38,36.43,0.154979
26.88,36.43,0.156896
27.39,36.43,0.158776
27.89,36.43,0.160619
28.39,36.43,0.162426
28.89,36.43,0.164197
29.40,36.43,0.165932
29.90,36.43,0.167633
30.40,36.43,0.169299
30.90,36.43,0.170932
31.41,36.43,0.172532
31.91,36.43,0.174100
32.41,36.43,0.175635
32.91,36.43,0.177140
33.42,36.43,0.178614
33.92,36.43,0.180057
34.42,36.43,0.181472
34.92,36.43,0.182857
35.43,36.43,0.184214
35.93,36.43,0.185543
36.43,36.43,0.186845
36.93,36.43,0.188121
37.44,36.43,0.189370
37.94,36.43,0.190594
38.44,36.43,0.191792
38.94,36.43,0.192966
39.45,36.43,0.194116
39.95,36.43,0.195243
40.45,36.43,0.196347
40.95,36.43,0.197428
41.46,36.43,0.198487
41.96,36.43,0.199525
42.46,36.43,0.200542
42.96,36.43,0.201538
43.47,36.43,0.202514
43.97,36.43,0.203470
44.47,36.43,0.204407
44.97,36.43,0.205325
45.48,36.43,0.206225
45.98,36.43,0.207107
46.48,36.43,0.207971
46.98,36.43,0.208818
47.49,36.43,0.209648
47.99,36.43,0.210462
48.49,36.43,0.211260
48.99,36.43,0.212042
49.50,36.43,0.212809
50.00,36.43,0.213560
-50.00,36.93,0.000000
-49.50,36.93,0.000000
-48.99,36.93,0.000000
-48.49,36.93,0.000000
-47.99,36.93,0.000000
-47.49,36.93,0.000000
-46.98,36.93,0.000000
-46.48,36.93,0.000000
-45.98,36.93,0.000000
-45.48,36.93,0.000000
-44.97,36.93,0.000000
-44.47,36.93,0.000000
-43.97,36.93,0.000000
-43.47,36.93,0.000000
-42.96,36.93,0.000000
-42.46,36.93,0.000000
-41.96,36.93,0.000000
-41.46,36.93,0.000000
-40.95,36.93,0.000000
-40.45,36.93,0.000000
-39.95,36.93,0.000000
-39.45,36.93,0.000000
-38.94,36.93,0.000000
-38.44,36.93,0.000000
-37.94,36.93,0.000000
-37.44,36.93,0.000000
-36.93,36.93,0.000000
-36.43,36.93,0.000000
-35.93,36.93,0.000000
-35.43,36.93,0.000000
-34.92,36.93,0.000000
-34.42,36.93,0.000000
-33.92,36.93,0.000000
-33.42,36.93,0.000000
-32.91,36.93,0.000000
-32.41,36.93,0.000000
-31.91,36.93,0.000000
-31.41,36.93,0.000000
-30.90,36.93,0.000000
-30.40,36.93,0.000000
-29.90,36.93,0.000000
-29.40,36.93,0.000000
-28.89,36.93,0.000000
-28.39,36.93,0.000000
-27.89,36.93,0.000000
-27.39,36.93,0.000000
-26.88,36.93,0.000000
-26.38,36.93,0.000000
-25.88,36.93,0.000000
-25.38,36.93,0.000000
-24.87,36.93,0.000000
-24.37,36.93,0.000000
-23.87,36.93,0.000000
-23.37,36.93,0.000000
-22.86,36.93,0.000000
-22.36,36.93,0.000000
-21.86,36.93,0.000000
-21.36,36.93,0.000000
-20.85,36.93,0.000000
-20.35,36.93,0.000000
-19.85,36.93,0.000000
-19.35,36.93,0.000000
-18.84,36.93,0.000000
-18.34,36.93,0.000000
-17.84,36.93,0.000000
-17.34,36.93,0.000000
-16.83,36.93,0.000000
-16.33,36.93,0.000000
-15.83,36.93,0.000000
-15.33,36.93,0.000000
-14.82,36.93,0.000000
-14.32,36.93,0.000000
-13.82,36.93,0.000000
-13.32,36.93,0.000000
-12.81,36.93,0.000000
-12.31,36.93,0.000000
-11.81,36.93,0.000000
-11.31,36.93,0.000000
-10.80,36.93,0.000000
-10.30,36.93,0.000000
-9.80,36.93,0.000000
-9.30,36.93,0.000000
-8.79,36.93,0.000000
-8.29,36.93,0.000000
-7.79,36.93,0.000000
-7.29,36.93,0.000000
-6.78,36.93,0.000000
-6.28,36.93,0.000000
-5.78,36.93,0.000000
-5.28,36.93,0.000000
-4.77,36.93,0.000000
-4.27,36.93,0.000000
-3.77,36.93,0.000000
-3.27,36.93,0.000000
-2.76,36.93,0.000000
-2.26,36.93,0.000000
-1.76,36.93,0.000000
-1.26,36.93,0.000000
-0.75,36.93,0.000000
-0.25,36.93,0.000000
0.25,36.93,0.001798
0.75,36.93,0.005392
1.26,36.93,0.008983
1.76,36.93,0.012569
2.26,36.93,0.016148
2.76,36.93,0.019718
3.27,36.93,0.023277
3.77,36.93,0.026824
4.27,36.93,0.030356
4.77,36.93,0.033872
5.28,36.93,0.037369
5.78,36.93,0.040847
6.28,36.93,0.044303
6.78,36.93,0.047735
7.29,36.93,0.051143
7.79,36.93,0.054525
8.29,36.93,0.057878
8.79,36.93,0.061203
9.30,36.93,0.064497
9.80,36.93,0.067760
10.30,36.93,0.070990
10.80,36.93,0.074186
11.31,36.93,0.077347
11.81,36.93,0.080472
12.31,36.93,0.083560
12.81,36.93,0.086610
13.32,36.93,0.089623
13.82,36.93,0.092596
14.32,36.93,0.095530
14.82,36.93,0.098423
15.33,36.93,0.101277
15.83,36.93,0.104089
16.33,36.93,0.106860
16.83,36.93,0.109589
17.34,36.93,0.112277
17.84,36.93,0.114923
18.34,36.93,0.117527
18.84,36.93,0.120089
19.35,36.93,0.122609
19.85,36.93,0.125087
20.35,36.93,0.127523
20.85,36.93,0.129918
21.36,36.93,0.132271
21.86,36.93,0.134583
22.36,36.93,0.136853
22.86,36.93,0.139083
23.37,36.93,0.141273
23.87,36.93,0.143423
24.37,36.93,0.145533
24.87,36.93,0.147604
25.38,36.93,0.149636
25.88,36.93,0.151630
26.38,36.93,0.153586
26.88,36.93,0.155504
27.39,36.93,0.157386
27.89,36.93,0.159231
28.39,36.93,0.161041
28.89,36.93,0.162815
29.40,36.93,0.164554
29.90,36.93,0.166259
30.40,36.93,0.167930
30.90,36.93,0.169568
31.41,36.93,0.171174
31.91,36.93,0.172747
32.41,36.93,0.174289
32.91,36.93,0.175801
33.42,36.93,0.177282
33.92,36.93,0.178733
34.42,36.93,0.180155
34.92,36.93,0.181548
35.43,36.93,0.182913
35.93,36.93,0.184251
36.43,36.93,0.185561
36.93,36.93,0.186845
37.44,36.93,0.188103
37.94,36.93,0.189336
38.44,36.93,0.190544
38.94,36.93,0.191728
39.45,36.93,0.192887
39.95,36.93,0.194023
40.45,36.93,0.195137
40.95,36.93,0.196228
41.46,36.93,0.197297
41.96,36.93,0.198344
42.46,36.93,0.199371
42.96,36.93,0.200377
43.47,36.93,0.201363
43.97,36.93,0.202329
44.47,36.93,0.203276
44.97,36.93,0.204204
45.48,36.93,0.205114
45.98,36.93,0.206006
46.48,36.93,0.206880
46.98,36.93,0.207738
47.49,36.93,0.208578
47.99,36.93,0.209402
48.49,36.93,0.210209
48.99,36.93,0.211001
49.50,36.93,0.211778
50.00,36.93,0.212539
-50.00,37.44,0.000000
-49.50,37.44,0.000000
-48.99,37.44,0.000000
-48.49,37.44,0.000000
-47.99,37.44,0.000000
-47.49,37.44,0.000000
-46.98,37.44,0.000000
-46.48,37.44,0.000000
-45.98,37.44,0.000000
-45.48,37.44,0.000000
-44.97,37.44,0.000000
-44.47,37.44,0.000000
-43.97,37.44,0.000000
-43.47,37.44,0.000000
-42.96,37.44,0.000000
-42.46,37.44,0.000000
-41.96,37.44,0.000000
-41.46,37.44,0.000000
-40.95,37.44,0.000000
-40.45,37.44,0.000000
-39.95,37.44,0.000000
-39.45,37.44,0.000000
-38.94,37.44,0.000000
-38.44,37.44,0.000000
-37.94,37.44,0.000000
-37.44,37.44,0.000000
-36.93,37.44,0.000000
-36.43,37.44,0.000000
-35.93,37.44,0.000000
-35.43,37.44,0.000000
-34.92,37.44,0.000000
-34.42,37.44,0.000000
-33.92,37.44,0.000000
-33.42,37.44,0.000000
-32.91,37.44,0.000000
-32.41,37.44,0.000000
-31.91,37.44,0.000000
-31.41,37.44,0.000000
-30.90,37.44,0.000000
-30.40,37.44,0.000000
-29.90,37.44,0.000000
-29.40,37.44,0.000000
-28.89,37.44,0.000000
-28.39,37.44,0.000000
-27.89,37.44,0.000000
-27.39,37.44,0.000000
-26.88,37.44,0.000000
-26.38,37.44,0.000000
-25.88,37.44,0.000000
-25.38,37.44,0.000000
-24.87,37.44,0.000000
-24.37,37.44,0.000000
-23.87,37.44,0.000000
-23.37,37.44,0.000000
-22.86,37.44,0.000000
-22.36,37.44,0.000000
-21.86,37.44,0.000000
-21.36,37.44,0.000000
-20.85,37.44,0.000000
-20.35,37.44,0.000000
-19.85,37.44,0.000000
-19.35,37.44,0.000000
-18.84,37.44,0.000000
-18.34,37.44,0.000000
-17.84,37.44,0.000000
-17.34,37.44,0.000000
-16.83,37.44,0.000000
-16.33,37.44,0.000000
-15.83,37.44,0.000000
-15.33,37.44,0.000000
-14.82,37.44,0.000000
-14.32,37.44,0.000000
-13.82,37.44,0.000000
-13.32,37.44,0.000000
-12.81,37.44,0.000000
-12.31,37.44,0.000000
-11.81,37.44,0.000000
-11.31,37.44,0.000000
-10.80,37.44,0.000000
-10.30,37.44,0.000000
-9.80,37.44,0.000000
-9.30,37.44,0.000000
-8.79,37.44,0.000000
-8.29,37.44,0.000000
-7.79,37.44,0.000000
-7.29,37.44,0.000000
-6.78,37.44,0.000000
-6.28,37.44,0.000000
-5.78,37.44,0.000000
-5.28,37.44,0.000000
-4.77,37.44,0.000000
-4.27,37.44,0.000000
-3.77,37.44,0.000000
-3.27,37.44,0.000000
-2.76,37.44,0.000000
-2.26,37.44,0.000000
-1.76,37.44,0.000000
-1.26,37.44,0.000000
-0.75,37.44,0.000000
-0.25,37.44,0.000000
0.25,37.44,0.001773
0.75,37.44,0.005319
1.26,37.44,0.008862
1.76,37.44,0.012400
2.26,37.44,0.015932
2.76,37.44,0.019455
3.27,37.44,0.022967
3.77,37.44,0.026467
4.27,37.44,0.029954
4.77,37.44,0.033424
5.28,37.44,0.036877
5.78,37.44,0.040311
6.28,37.44,0.043724
6.78,37.44,0.047115
7.29,37.44,0.050482
7.79,37.44,0.053823
8.29,37.44,0.057138
8.79,37.44,0.060425
9.30,37.44,0.063682
9.80,37.44,0.066909
10.30,37.44,0.070104
10.80,37.44,0.073267
11.31,37.44,0.076396
11.81,37.44,0.079490
12.31,37.44,0.082548
12.81,37.44,0.085570
13.32,37.44,0.088556
13.82,37.44,0.091503
14.32,37.44,0.094412
14.82,37.44,0.097282
15.33,37.44,0.100114
15.83,37.44,0.102905
16.33,37.44,0.105656
16.83,37.44,0.108367
17.34,37.44,0.111038
17.84,37.44,0.113667
18.34,37.44,0.116256
18.84,37.44,0.118805
19.35,37.44,0.121312
19.85,37.44,0.123778
20.35,37.44,0.126204
20.85,37.44,0.128589
21.36,37.44,0.130933
21.86,37.44,0.133238
22.36,37.44,0.135502
22.86,37.44,0.137726
23.37,37.44,0.139911
23.87,37.44,0.142057
24.37,37.44,0.144164
24.87,37.44,0.146232
25.38,37.44,0.148263
25.88,37.44,0.150256
26.38,37.44,0.152211
26.88,37.44,0.154130
27.39,37.44,0.156013
27.89,37.44,0.157860
28.39,37.44,0.159672
28.89,37.44,0.161448
29.40,37.44,0.163191
29.90,37.44,0.164900
30.40,37.44,0.166575
30.90,37.44,0.168218
31.41,37.44,0.169829
31.91,37.44,0.171408
32.41,37.44,0.172956
32.91,37.44,0.174474
33.42,37.44,0.175961
33.92,37.44,0.177419
34.42,37.44,0.178848
34.92,37.44,0.180249
35.43,37.44,0.181622
35.93,37.44,0.182967
36.43,37.44,0.184286
36.93,37.44,0.185579
37.44,37.44,0.186845
37.94,37.44,0.188087
38.44,37.44,0.189303
38.94,37.44,0.190496
39.45,37.44,0.191665
39.95,37.44,0.192810
40.45,37.44,0.193933
40.95,37.44,0.195033
41.46,37.44,0.196112
41.96,37.44,0.197169
42.46,37.44,0.198205
42.96,37.44,0.199221
43.47,37.44,0.200216
43.97,37.44,0.201192
44.47,37.44,0.202149
44.97,37.44,0.203087
45.48,37.44,0.204007
45.98,37.44,0.204908
46.48,37.44,0.205792
46.98,37.44,0.206659
47.49,37.44,0.207509
47.99,37.44,0.208343
48.49,37.44,0.209160
48.99,37.44,0.209962
49.50,37.44,0.210748
50.00,37.44,0.211519
-50.00,37.94,0.000000
-49.50,37.94,0.000000
-48.99,37.94,0.000000
-48.49,37.94,0.000000
-47.99,37.94,0.000000
-47.49,37.94,0.000000
-46.98,37.94,0.000000
-46.48,37.94,0.000000
-45.98,37.94,0.000000
-45.48,37.94,0.000000
-44.97,37.94,0.000000
-44.47,37.94,0.000000
-43.97,37.94,0.000000
-43.47,37.94,0.000000
-42.96,37.94,0.000000
-42.46,37.94,0.000000
-41.96,37.94,0.000000
-41.46,37.94,0.000000
-40.95,37.94,0.000000
-40.45,37.94,0.000000
-39.95,37.94,0.000000
-39.45,37.94,0.000000
-38.94,37.94,0.000000
-38.44,37.94,0.000000
-37.94,37.94,0.000000
-37.44,37.94,0.000000
-36.93,37.94,0.000000
-36.43,37.94,0.000000
-35.93,37.94,0.000000
-35.43,37.94,0.000000
-34.92,37.94,0.000000
-34.42,37.94,0.000000
-33.92,37.94,0.000000
-33.42,37.94,0.000000
-32.91,37.94,0.000000
-32.41,37.94,0.000000
-31.91,37.94,0.000000
-31.41,37.94,0.000000
-30.90,37.94,0.000000
-30.40,37.94,0.000000
-29.90,37.94,0.000000
-29.40,37.94,0.000000
-28.89,37.94,0.000000
-28.39,37.94,0.000000
-27.89,37.94,0.000000
-27.39,37.94,0.000000
-26.88,37.94,0.000000
-26.38,37.94,0.000000
-25.88,37.94,0.000000
-25.38,37.94,0.000000
-24.87,37.94,0.000000
-24.37,37.94,0.000000
-23.87,37.94,0.000000
-23.37,37.94,0.000000
-22.86,37.94,0.000000
-22.36,37.94,0.000000
-21.86,37.94,0.000000
-21.36,37.94,0.000000
-20.85,37.94,0.000000
-20.35,37.94,0.000000
-19.85,37.94,0.000000
-19.35,37.94,0.000000
-18.84,37.94,0.000000
-18.34,37.94,0.000000
-17.84,37.94,0.000000
-17.34,37.94,0.000000
-16.83,37.94,0.000000
-16.33,37.94,0.000000
-15.83,37.94,0.000000
-15.33,37.94,0.000000
-14.82,37.94,0.000000
-14.32,37.94,0.000000
-13.82,37.94,0.000000
-13.32,37.94,0.000000
-12.81,37.94,0.000000
-12.31,37.94,0.000000
-11.81,37.94,0.000000
-11.31,37.94,0.000000
-10.80,37.94,0.000000
-10.30,37.94,0.000000
-9.80,37.94,0.000000
-9.30,37.94,0.000000
-8.79,37.94,0.000000
-8.29,37.94,0.000000
-7.79,37.94,0.000000
-7.29,37.94,0.000000
-6.78,37.94,0.000000
-6.28,37.94,0.000000
-5.78,37.94,0.000000
-5.28,37.94,0.000000
-4.77,37.94,0.000000
-4.27,37.94,0.000000
-3.77,37.94,0.000000
-3.27,37.94,0.000000
-2.76,37.94,0.000000
-2.26,37.94,0.000000
-1.76,37.94,0.000000
-1.26,37.94,0.000000
-0.75,37.94,0.000000
-0.25,37.94,0.000000
0.25,37.94,0.001750
0.75,37.94,0.005249
1.26,37.94,0.008745
1.76,37.94,0.012236
2.26,37.94,0.015721
2.76,37.94,0.019198
3.27,37.94,0.022665
3.77,37.94,0.026120
4.27,37.94,0.029562
4.77,37.94,0.032989
5.28,37.94,0.036398
5.78,37.94,0.039789
6.28,37.94,0.043161
6.78,37.94,0.046510
7.29,37.94,0.049837
7.79,37.94,0.053139
8.29,37.94,0.056416
8.79,37.94,0.059666
9.30,37.94,0.062887
9.80,37.94,0.066079
10.30,37.94,0.069240
10.80,37.94,0.072370
11.31,37.94,0.075467
11.81,37.94,0.078530
12.31,37.94,0.081560
12.81,37.94,0.084554
13.32,37.94,0.087512
13.82,37.94,0.090434
14.32,37.94,0.093319
14.82,37.94,0.096166
15.33,37.94,0.098975
15.83,37.94,0.101745
16.33,37.94,0.104477
16.83,37.94,0.107169
17.34,37.94,0.109822
17.84,37.94,0.112436
18.34,37.94,0.115010
18.84,37.94,0.117544
19.35,37.94,0.120038
19.85,37.94,0.122493
20.35,37.94,0.124908
20.85,37.94,0.127283
21.36,37.94,0.129619
21.86,37.94,0.131915
22.36,37.94,0.134172
22.86,37.94,0.136390
23.37,37.94,0.138570
23.87,37.94,0.140712
24.37,37.94,0.142815
24.87,37.94,0.144881
25.38,37.94,0.146909
25.88,37.94,0.148900
26.38,37.94,0.150855
26.88,37.94,0.152774
27.39,37.94,0.154658
27.89,37.94,0.156506
28.39,37.94,0.158319
28.89,37.94,0.160098
29.40,37.94,0.161844
29.90,37.94,0.163556
30.40,37.94,0.165235
30.90,37.94,0.166883
31.41,37.94,0.168498
31.91,37.94,0.170082
32.41,37.94,0.171636
32.91,37.94,0.173159
33.42,37.94,0.174653
33.92,37.94,0.176117
34.42,37.94,0.177553
34.92,37.94,0.178961
35.43,37.94,0.180341
35.93,37.94,0.181694
36.43,37.94,0.183020
36.93,37.94,0.184321
37.44,37.94,0.185596
37.94,37.94,0.186845
38.44,37.94,0.188070
38.94,37.94,0.189272
39.45,37.94,0.190449
39.95,37.94,0.191603
40.45,37.94,0.192735
40.95,37.94,0.193844
41.46,37.94,0.194932
41.96,37.94,0.195998
42.46,37.94,0.197044
42.96,37.94,0.198069
43.47,37.94,0.199074
43.97,37.94,0.200059
44.47,37.94,0.201026
44.97,37.94,0.201973
45.48,37.94,0.202902
45.98,37.94,0.203813
46.48,37.94,0.204707
46.98,37.94,0.205583
47.49,37.94,0.206443
47.99,37.94,0.207286
48.49,37.94,0.208112
48.99,37.94,0.208923
49.50,37.94,0.209719
50.00,37.94,0.210499
-50.00,38.44,0.000000
-49.50,38.44,0.000000
-48.99,38.44,0.000000
-48.49,38.44,0.000000
-47.99,38.44,0.000000
-47.49,38.44,0.000000
-46.98,38.44,0.000000
-46.48,38.44,0.000000
-45.98,38.44,0.000000
-45.48,38.44,0.000000
-44.97,38.44,0.000000
-44.47,38.44,0.000000
-43.97,38.44,0.000000
-43.47,38.44,0.000000
-42.96,38.44,0.000000
-42.46,38.44,0.000000
-41.96,38.44,0.000000
-41.46,38.44,0.000000
-40.95,38.44,0.000000
-40.45,38.44,0.000000
-39.95,38.44,0.000000
-39.45,38.44,0.000000
-38.94,38.44,0.000000
-38.44,38.44,0.000000
-37.94,38.44,0.000000
-37.44,38.44,0.000000
-36.93,38.44,0.000000
-36.43,38.44,0.000000
-35.93,38.44,0.000000
-35.43,38.44,0.000000
-34.92,38.44,0.000000
-34.42,38.44,0.000000
-33.92,38.44,0.000000
-33.42,38.44,0.000000
-32.91,38.44,0.000000
-32.41,38.44,0.000000
-31.91,38.44,0.000000
-31.41,38.44,0.000000
-30.90,38.44,0.000000
-30.40,38.44,0.000000
-29.90,38.44,0.000000
-29.40,38.44,0.000000
-28.89,38.44,0.000000
-28.39,38.44,0.000000
-27.89,38.44,0.000000
-27.39,38.44,0.000000
-26.88,38.44,0.000000
-26.38,38.44,0.000000
-25.88,38.44,0.000000
-25.38,38.44,0.000000
-24.87,38.44,0.000000
-24.37,38.44,0.000000
-23.87,38.44,0.000000
-23.37,38.44,0.000000
-22.86,38.44,0.000000
-22.36,38.44,0.000000
-21.86,38.44,0.000000
-21.36,38.44,0.000000
-20.85,38.44,0.000000
-20.35,38.44,0.000000
-19.85,38.44,0.000000
-19.35,38.44,0.000000
-18.84,38.44,0.000000
-18.34,38.44,0.000000
-17.84,38.44,0.000000
-17.34,38.44,0.000000
-16.83,38.44,0.000000
-16.33,38.44,0.000000
-15.83,38.44,0.000000
-15.33,38.44,0.000000
-14.82,38.44,0.000000
-14.32,38.44,0.000000
-13.82,38.44,0.000000
-13.32,38.44,0.000000
-12.81,38.44,0.000000
-12.31,38.44,0.000000
-11.81,38.44,0.000000
-11.31,38.44,0.000000
-10.80,38.44,0.000000
-10.30,38.44,0.000000
-9.80,38.44,0.000000
-9.30,38.44,0.000000
-8.79,38.44,0.000000
-8.29,38.44,0.000000
-7.79,38.44,0.000000
-7.29,38.44,0.000000
-6.78,38.44,0.000000
-6.28,38.44,0.000000
-5.78,38.44,0.000000
-5.28,38.44,0.000000
-4.77,38.44,0.000000
-4.27,38.44,0.000000
-3.77,38.44,0.000000
-3.27,38.44,0.000000
-2.76,38.44,0.000000
-2.26,38.44,0.000000
-1.76,38.44,0.000000
-1.26,38.44,0.000000
-0.75,38.44,0.000000
-0.25,38.44,0.000000
0.25,38.44,0.001727
0.75,38.44,0.005180
1.26,38.44,0.008631
1.76,38.44,0.012077
2.26,38.44,0.015517
2.76,38.44,0.018949
3.27,38.44,0.022371
3.77,38.44,0.025782
4.27,38.44,0.029180
4.77,38.44,0.032564
5.28,38.44,0.035931
5.78,38.44,0.039281
6.28,38.44,0.042611
6.78,38.44,0.045921
7.29,38.44,0.049208
7.79,38.44,0.052472
8.29,38.44,0.055712
8.79,38.44,0.058925
9.30,38.44,0.062111
9.80,38.44,0.065268
10.30,38.44,0.068396
10.80,38.44,0.071493
11.31,38.44,0.074559
11.81,38.44,0.077593
12.31,38.44,0.080593
12.81,38.44,0.083560
13.32,38.44,0.086491
13.82,38.44,0.089388
14.32,38.44,0.092248
14.82,38.44,0.095072
15.33,38.44,0.097859
15.83,38.44,0.100609
16.33,38.44,0.103321
16.83,38.44,0.105995
17.34,38.44,0.108631
17.84,38.44,0.111228
18.34,38.44,0.113787
18.84,38.44,0.116307
19.35,38.44,0.118788
19.85,38.44,0.121230
20.35,38.44,0.123634
20.85,38.44,0.125999
21.36,38.44,0.128326
21.86,38.44,0.130614
22.36,38.44,0.132864
22.86,38.44,0.135076
23.37,38.44,0.137250
23.87,38.44,0.139386
24.37,38.44,0.141486
24.87,38.44,0.143548
25.38,38.44,0.145574
25.88,38.44,0.147564
26.38,38.44,0.149518
26.88,38.44,0.151436
27.39,38.44,0.153320
27.89,38.44,0.155169
28.39,38.44,0.156983
28.89,38.44,0.158764
29.40,38.44,0.160512
29.90,38.44,0.162227
30.40,38.44,0.163910
30.90,38.44,0.165561
31.41,38.44,0.167180
31.91,38.44,0.168769
32.41,38.44,0.170328
32.91,38.44,0.171856
33.42,38.44,0.173356
33.92,38.44,0.174826
34.42,38.44,0.176268
34.92,38.44,0.177683
35.43,38.44,0.179070
35.93,38.44,0.180430
36.43,38.44,0.181764
36.93,38.44,0.183072
37.44,38.44,0.184354
37.94,38.44,0.185612
38.44,38.44,0.186845
38.94,38.44,0.188055
39.45,38.44,0.189240
39.95,38.44,0.190403
40.45,38.44,0.191544
40.95,38.44,0.192662
41.46,38.44,0.193758
41.96,38.44,0.194833
42.46,38.44,0.195888
42.96,38.44,0.196922
43.47,38.44,0.197936
43.97,38.44,0.198931
44.47,38.44,0.199906
44.97,38.44,0.200863
45.48,38.44,0.201801
45.98,38.44,0.202721
46.48,38.44,0.203624
46.98,38.44,0.204510
47.49,38.44,0.205379
47.99,38.44,0.206231
48.49,38.44,0.207067
48.99,38.44,0.207887
49.50,38.44,0.208692
50.00,38.44,0.209481
-50.00,38.94,0.000000
-49.50,38.94,0.000000
-48.99,38.94,0.000000
-48.49,38.94,0.000000
-47.99,38.94,0.000000
-47.49,38.94,0.000000
-46.98,38.94,0.000000
-46.48,38.94,0.000000
-45.98,38.94,0.000000
-45.48,38.94,0.000000
-44.97,38.94,0.000000
-44.47,38.94,0.000000
-43.97,38.94,0.000000
-43.47,38.94,0.000000
-42.96,38.94,0.000000
-42.46,38.94,0.000000
-41.96,38.94,0.000000
-41.46,38.94,0.000000
-40.95,38.94,0.000000
-40.45,38.94,0.000000
-39.95,38.94,0.000000
-39.45,38.94,0.000000
-38.94,38.94,0.000000
-38.44,38.94,0.000000
-37.94,38.94,0.000000
-37.44,38.94,0.000000
-36.93,38.94,0.000000
-36.43,38.94,0.000000
-35.93,38.94,0.000000
-35.43,38.94,0.000000
-34.92,38.94,0.000000
-34.42,38.94,0.000000
-33.92,38.94,0.000000
-33.42,38.94,0.000000
-32.91,38.94,0.000000
-32.41,38.94,0.000000
-31.91,38.94,0.000000
-31.41,38.94,0.000000
-30.90,38.94,0.000000
-30.40,38.94,0.000000
-29.90,38.94,0.000000
-29.40,38.94,0.000000
-28.89,38.94,0.000000
-28.39,38.94,0.000000
-27.89,38.94,0.000000
-27.39,38.94,0.000000
-26.88,38.94,0.000000
-26.38,38.94,0.000000
-25.88,38.94,0.000000
-25.38,38.94,0.000000
-24.87,38.94,0.000000
-24.37,38.94,0.000000
-23.87,38.94,0.000000
-23.37,38.94,0.000000
-22.86,38.94,0.000000
-22.36,38.94,0.000000
-21.86,38.94,0.000000
-21.36,38.94,0.000000
-20.85,38.94,0.000000
-20.35,38.94,0.000000
-19.85,38.94,0.000000
-19.35,38.94,0.000000
-18.84,38.94,0.000000
-18.34,38.94,0.000000
-17.84,38.94,0.000000
-17.34,38.94,0.000000
-16.83,38.94,0.000000
-16.33,38.94,0.000000
-15.83,38.94,0.000000
-15.33,38.94,0.000000
-14.82,38.94,0.000000
-14.32,38.94,0.000000
-13.82,38.94,0.000000
-13.32,38.94,0.000000
-12.81,38.94,0.000000
-12.31,38.94,0.000000
-11.81,38.94,0.000000
-11.31,38.94,0.000000
-10.80,38.94,0.000000
-10.30,38.94,0.000000
-9.80,38.94,0.000000
-9.30,38.94,0.000000
-8.79,38.94,0.000000
-8.29,38.94,0.000000
-7.79,38.94,0.000000
-7.29,38.94,0.000000
-6.78,38.94,0.000000
-6.28,38.94,0.000000
-5.78,38.94,0.000000
-5.28,38.94,0.000000
-4.77,38.94,0.000000
-4.27,38.94,0.000000
-3.77,38.94,0.000000
-3.27,38.94,0.000000
-2.76,38.94,0.000000
-2.26,38.94,0.000000
-1.76,38.94,0.000000
-1.26,38.94,0.000000
-0.75,38.94,0.000000
-0.25,38.94,0.000000
0.25,38.94,0.001705
0.75,38.94,0.005113
1.26,38.94,0.008519
1.76,38.94,0.011921
2.26,38.94,0.015317
2.76,38.94,0.018705
3.27,38.94,0.022084
3.77,38.94,0.025453
4.27,38.94,0.028808
4.77,38.94,0.032150
5.28,38.94,0.035476
5.78,38.94,0.038785
6.28,38.94,0.042075
6.78,38.94,0.045346
7.29,38.94,0.048595
7.79,38.94,0.051822
8.29,38.94,0.055024
8.79,38.94,0.058202
9.30,38.94,0.061353
9.80,38.94,0.064476
10.30,38.94,0.067572
10.80,38.94,0.070637
11.31,38.94,0.073673
11.81,38.94,0.076677
12.31,38.94,0.079648
12.81,38.94,0.082588
13.32,38.94,0.085493
13.82,38.94,0.088364
14.32,38.94,0.091201
14.82,38.94,0.094002
15.33,38.94,0.096767
15.83,38.94,0.099496
16.33,38.94,0.102188
16.83,38.94,0.104844
17.34,38.94,0.107462
17.84,38.94,0.110043
18.34,38.94,0.112587
18.84,38.94,0.115092
19.35,38.94,0.117560
19.85,38.94,0.119990
20.35,38.94,0.122383
20.85,38.94,0.124738
21.36,38.94,0.127055
21.86,38.94,0.129334
22.36,38.94,0.131577
22.86,38.94,0.133782
23.37,38.94,0.135950
23.87,38.94,0.138081
24.37,38.94,0.140176
24.87,38.94,0.142235
25.38,38.94,0.144258
25.88,38.94,0.146246
26.38,38.94,0.148198
26.88,38.94,0.150116
27.39,38.94,0.151999
27.89,38.94,0.153848
28.39,38.94,0.155664
28.89,38.94,0.157446
29.40,38.94,0.159196
29.90,38.94,0.160913
30.40,38.94,0.162599
30.90,38.94,0.164253
31.41,38.94,0.165877
31.91,38.94,0.167470
32.41,38.94,0.169033
32.91,38.94,0.170566
33.42,38.94,0.172071
33.92,38.94,0.173547
34.42,38.94,0.174995
34.92,38.94,0.176416
35.43,38.94,0.177809
35.93,38.94,0.179176
36.43,38.94,0.180517
36.93,38.94,0.181832
37.44,38.94,0.183122
37.94,38.94,0.184387
38.44,38.94,0.185628
38.94,38.94,0.186845
39.45,38.94,0.188039
39.95,38.94,0.189210
40.45,38.94,0.190359
40.95,38.94,0.191485
41.46,38.94,0.192590
41.96,38.94,0.193674
42.46,38.94,0.194737
42.96,38.94,0.195780
43.47,38.94,0.196803
43.97,38.94,0.197806
44.47,38.94,0.198791
44.97,38.94,0.199756
45.48,38.94,0.200704
45.98,38.94,0.201633
46.48,38.94,0.202545
46.98,38.94,0.203439
47.49,38.94,0.204317
47.99,38.94,0.205178
48.49,38.94,0.206023
48.99,38.94,0.206853
49.50,38.94,0.207666
50.00,38.94,0.208465
-50.00,39.45,0.000000
-49.50,39.45,0.000000
-48.99,39.45,0.000000
-48.49,39.45,0.000000
-47.99,39.45,0.000000
-47.49,39.45,0.000000
-46.98,39.45,0.000000
-46.48,39.45,0.000000
-45.98,39.45,0.000000
-45.48,39.45,0.000000
-44.97,39.45,0.000000
-44.47,39.45,0.000000
-43.97,39.45,0.000000
-43.47,39.45,0.000000
-42.96,39.45,0.000000
-42.46,39.45,0.000000
-41.96,39.45,0.000000
-41.46,39.45,0.000000
-40.95,39.45,0.000000
-40.45,39.45,0.000000
-39.95,39.45,0.000000
-39.45,39.45,0.000000
-38.94,39.45,0.000000
-38.44,39.45,0.000000
-37.94,39.45,0.000000
-37.44,39.45,0.000000
-36.93,39.45,0.000000
-36.43,39.45,0.000000
-35.93,39.45,0.000000
-35.43,39.45,0.000000
-34.92,39.45,0.000000
-34.42,39.45,0.000000
-33.92,39.45,0.000000
-33.42,39.45,0.000000
-32.91,39.45,0.000000
-32.41,39.45,0.000000
-31.91,39.45,0.000000
-31.41,39.45,0.000000
-30.90,39.45,0.000000
-30.40,39.45,0.000000
-29.90,39.45,0.000000
-29.40,39.45,0.000000
-28.89,39.45,0.000000
-28.39,39.45,0.000000
-27.89,39.45,0.000000
-27.39,39.45,0.000000
-26.88,39.45,0.000000
-26.38,39.45,0.000000
-25.88,39.45,0.000000
-25.38,39.45,0.000000
-24.87,39.45,0.000000
-24.37,39.45,0.000000
-23.87,39.45,0.000000
-23.37,39.45,0.000000
-22.86,39.45,0.000000
-22.36,39.45,0.000000
-21.86,39.45,0.000000
-21.36,39.45,0.000000
-20.85,39.45,0.000000
-20.35,39.45,0.000000
-19.85,39.45,0.000000
-19.35,39.45,0.000000
-18.84,39.45,0.000000
-18.34,39.45,0.000000
-17.84,39.45,0.000000
-17.34,39.45,0.000000
-16.83,39.45,0.000000
-16.33,39.45,0.000000
-15.83,39.45,0.000000
-15.33,39.45,0.000000
-14.82,39.45,0.000000
-14.32,39.45,0.000000
-13.82,39.45,0.000000
-13.32,39.45,0.000000
-12.81,39.45,0.000000
-12.31,39.45,0.000000
-11.81,39.45,0.000000
-11.31,39.45,0.000000
-10.80,39.45,0.000000
-10.30,39.45,0.000000
-9.80,39.45,0.000000
-9.30,39.45,0.000000
-8.79,39.45,0.000000
-8.29,39.45,0.000000
-7.79,39.45,0.000000
-7.29,39.45,0.000000
-6.78,39.45,0.000000
-6.28,39.45,0.000000
-5.78,39.45,0.000000
-5.28,39.45,0.000000
-4.77,39.45,0.000000
-4.27,39.45,0.000000
-3.77,39.45,0.000000
-3.27,39.45,0.000000
-2.76,39.45,0.000000
-2.26,39.45,0.000000
-1.76,39.45,0.000000
-1.26,39.45,0.000000
-0.75,39.45,0.000000
-0.25,39.45,0.000000
0.25,39.45,0.001683
0.75,39.45,0.005048
1.26,39.45,0.008411
1.76,39.45,0.011770
2.26,39.45,0.015123
2.76,39.45,0.018468
3.27,39.45,0.021805
3.77,39.45,0.025131
4.27,39.45,0.028446
4.77,39.45,0.031746
5.28,39.45,0.035032
5.78,39.45,0.038301
6.28,39.45,0.041553
6.78,39.45,0.044785
7.29,39.45,0.047997
7.79,39.45,0.051186
8.29,39.45,0.054353
8.79,39.45,0.057495
9.30,39.45,0.060612
9.80,39.45,0.063703
10.30,39.45,0.066766
10.80,39.45,0.069801
11.31,39.45,0.072806
11.81,39.45,0.075781
12.31,39.45,0.078724
12.81,39.45,0.081636
13.32,39.45,0.084516
13.82,39.45,0.087362
14.32,39.45,0.090175
14.82,39.45,0.092953
15.33,39.45,0.095697
15.83,39.45,0.098405
16.33,39.45,0.101078
16.83,39.45,0.103715
17.34,39.45,0.106316
17.84,39.45,0.108881
18.34,39.45,0.111409
18.84,39.45,0.113900
19.35,39.45,0.116355
19.85,39.45,0.118772
20.35,39.45,0.121153
20.85,39.45,0.123497
21.36,39.45,0.125805
21.86,39.45,0.128076
22.36,39.45,0.130310
22.86,39.45,0.132508
23.37,39.45,0.134670
23.87,39.45,0.136796
24.37,39.45,0.138886
24.87,39.45,0.140941
25.38,39.45,0.142961
25.88,39.45,0.144946
26.38,39.45,0.146896
26.88,39.45,0.148812
27.39,39.45,0.150695
27.89,39.45,0.152544
28.39,39.45,0.154360
28.89,39.45,0.156144
29.40,39.45,0.157895
29.90,39.45,0.159614
30.40,39.45,0.161303
30.90,39.45,0.162960
31.41,39.45,0.164587
31.91,39.45,0.166183
32.41,39.45,0.167751
32.91,39.45,0.169289
33.42,39.45,0.170798
33.92,39.45,0.172280
34.42,39.45,0.173733
34.92,39.45,0.175159
35.43,39.45,0.176559
35.93,39.45,0.177932
36.43,39.45,0.179279
36.93,39.45,0.180601
37.44,39.45,0.181898
37.94,39.45,0.183171
38.44,39.45,0.184419
38.94,39.45,0.185644
39.45,39.45,0.186845
39.95,39.45,0.188024
40.45,39.45,0.189181
40.95,39.45,0.190315
41.46,39.45,0.191428
41.96,39.45,0.192520
42.46,39.45,0.193592
42.96,39.45,0.194643
43.47,39.45,0.195675
43.97,39.45,0.196687
44.47,39.45,0.197680
44.97,39.45,0.198654
45.48,39.45,0.199610
45.98,39.45,0.200548
46.48,39.45,0.201468
46.98,39.45,0.202372
47.49,39.45,0.203258
47.99,39.45,0.204128
48.49,39.45,0.204982
48.99,39.45,0.205820
49.50,39.45,0.206643
50.00,39.45,0.207450
-50.00,39.95,0.000000
-49.50,39.95,0.000000
-48.99,39.95,0.000000
-48.49,39.95,0.000000
-47.99,39.95,0.000000
-47.49,39.95,0.000000
-46.98,39.95,0.000000
-46.48,39.95,0.000000
-45.98,39.95,0.000000
-45.48,39.95,0.000000
-44.97,39.95,0.000000
-44.47,39.95,0.000000
-43.97,39.95,0.000000
-43.47,39.95,0.000000
-42.96,39.95,0.000000
-42.46,39.95,0.000000
-41.96,39.95,0.000000
-41.46,39.95,0.000000
-40.95,39.95,0.000000
-40.45,39.95,0.000000
-39.95,39.95,0.000000
-39.45,39.95,0.000000
-38.94,39.95,0.000000
-38.44,39.95,0.000000
-37.94,39.95,0.000000
-37.44,39.95,0.000000
-36.93,39.95,0.000000
-36.43,39.95,0.000000
-35.93,39.95,0.000000
-35.43,39.95,0.000000
-34.92,39.95,0.000000
-34.42,39.95,0.000000
-33.92,39.95,0.000000
-33.42,39.95,0.000000
-32.91,39.95,0.000000
-32.41,39.95,0.000000
-31.91,39.95,0.000000
-31.41,39.95,0.000000
-30.90,39.95,0.000000
-30.40,39.95,0.000000
-29.90,39.95,0.000000
-29.40,39.95,0.000000
-28.89,39.95,0.000000
-28.39,39.95,0.000000
-27.89,39.95,0.000000
-27.39,39.95,0.000000
-26.88,39.95,0.000000
-26.38,39.95,0.000000
-25.88,39.95,0.000000
-25.38,39.95,0.000000
-24.87,39.95,0.000000
-24.37,39.95,0.000000
-23.87,39.95,0.000000
-23.37,39.95,0.000000
-22.86,39.95,0.000000
-22.36,39.95,0.000000
-21.86,39.95,0.000000
-21.36,39.95,0.000000
-20.85,39.95,0.000000
-20.35,39.95,0.000000
-19.85,39.95,0.000000
-19.35,39.95,0.000000
-18.84,39.95,0.000000
-18.34,39.95,0.000000
-17.84,39.95,0.000000
-17.34,39.95,0.000000
-16.83,39.95,0.000000
-16.33,39.95,0.000000
-15.83,39.95,0.000000
-15.33,39.95,0.000000
-14.82,39.95,0.000000
-14.32,39.95,0.000000
-13.82,39.95,0.000000
-13.32,39.95,0.000000
-12.81,39.95,0.000000
-12.31,39.95,0.000000
-11.81,39.95,0.000000
-11.31,39.95,0.000000
-10.80,39.95,0.000000
-10.30,39.95,0.000000
-9.80,39.95,0.000000
-9.30,39.95,0.000000
-8.79,39.95,0.000000
-8.29,39.95,0.000000
-7.79,39.95,0.000000
-7.29,39.95,0.000000
-6.78,39.95,0.000000
-6.28,39.95,0.000000
-5.78,39.95,0.000000
-5.28,39.95,0.000000
-4.77,39.95,0.000000
-4.27,39.95,0.000000
-3.77,39.95,0.000000
-3.27,39.95,0.000000
-2.76,39.95,0.000000
-2.26,39.95,0.000000
-1.76,39.95,0.000000
-1.26,39.95,0.000000
-0.75,39.95,0.000000
-0.25,39.95,0.000000
0.25,39.95,0.001662
0.75,39.95,0.004985
1.26,39.95,0.008305
1.76,39.95,0.011622
2.26,39.95,0.014933
2.76,39.95,0.018237
3.27,39.95,0.021533
3.77,39.95,0.024818
4.27,39.95,0.028092
4.77,39.95,0.031353
5.28,39.95,0.034599
5.78,39.95,0.037830
6.28,39.95,0.041043
6.78,39.95,0.044238
7.29,39.95,0.047412
7.79,39.95,0.050566
8.29,39.95,0.053698
8.79,39.95,0.056806
9.30,39.95,0.059889
9.80,39.95,0.062947
10.30,39.95,0.065979
10.80,39.95,0.068983
11.31,39.95,0.071958
11.81,39.95,0.074904
12.31,39.95,0.077821
12.81,39.95,0.080706
13.32,39.95,0.083560
13.82,39.95,0.086381
14.32,39.95,0.089170
14.82,39.95,0.091926
15.33,39.95,0.094648
15.83,39.95,0.097336
16.33,39.95,0.099990
16.83,39.95,0.102608
17.34,39.95,0.105192
17.84,39.95,0.107740
18.34,39.95,0.110252
18.84,39.95,0.112729
19.35,39.95,0.115170
19.85,39.95,0.117576
20.35,39.95,0.119945
20.85,39.95,0.122278
21.36,39.95,0.124576
21.86,39.95,0.126838
22.36,39.95,0.129064
22.86,39.95,0.131255
23.37,39.95,0.133410
23.87,39.95,0.135530
24.37,39.95,0.137615
24.87,39.95,0.139666
25.38,39.95,0.141682
25.88,39.95,0.143664
26.38,39.95,0.145612
26.88,39.95,0.147527
27.39,39.95,0.149408
27.89,39.95,0.151257
28.39,39.95,0.153073
28.89,39.95,0.154857
29.40,39.95,0.156609
29.90,39.95,0.158331
30.40,39.95,0.160021
30.90,39.95,0.161681
31.41,39.95,0.163310
31.91,39.95,0.164910
32.41,39.95,0.166481
32.91,39.95,0.168024
33.42,39.95,0.169538
33.92,39.95,0.171024
34.42,39.95,0.172482
34.92,39.95,0.173914
35.43,39.95,0.175319
35.93,39.95,0.176698
36.43,39.95,0.178052
36.93,39.95,0.179380
37.44,39.95,0.180684
37.94,39.95,0.181963
38.44,39.95,0.183218
38.94,39.95,0.184450
39.45,39.95,0.185659
39.95,39.95,0.186845
40.45,39.95,0.188009
40.95,39.95,0.189152
41.46,39.95,0.190273
41.96,39.95,0.191373
42.46,39.95,0.192452
42.96,39.95,0.193512
43.47,39.95,0.194551
43.97,39.95,0.195572
44.47,39.95,0.196573
44.97,39.95,0.197556
45.48,39.95,0.198520
45.98,39.95,0.199467
46.48,39.95,0.200396
46.98,39.95,0.201308
47.49,39.95,0.202203
47.99,39.95,0.203081
48.49,39.95,0.203944
48.99,39.95,0.204790
49.50,39.95,0.205621
50.00,39.95,0.206437
-50.00,40.45,0.000000
-49.50,40.45,0.000000
-48.99,40.45,0.000000
-48.49,40.45,0.000000
-47.99,40.45,0.000000
-47.49,40.45,0.000000
-46.98,40.45,0.000000
-46.48,40.45,0.000000
-45.98,40.45,0.000000
-45.48,40.45,0.000000
-44.97,40.45,0.000000
-44.47,40.45,0.000000
-43.97,40.45,0.000000
-43.47,40.45,0.000000
-42.96,40.45,0.000000
-42.46,40.45,0.000000
-41.96,40.45,0.000000
-41.46,40.45,0.000000
-40.95,40.45,0.000000
-40.45,40.45,0.000000
-39.95,40.45,0.000000
-39.45,40.45,0.000000
-38.94,40.45,0.000000
-38.44,40.45,0.000000
-37.94,40.45,0.000000
-37.44,40.45,0.000000
-36.93,40.45,0.000000
-36.43,40.45,0.000000
-35.93,40.45,0.000000
-35.43,40.45,0.000000
-34.92,40.45,0.000000
-34.42,40.45,0.000000
-33.92,40.45,0.000000
-33.42,40.45,0.000000
-32.91,40.45,0.000000
-32.41,40.45,0.000000
-31.91,40.45,0.000000
-31.41,40.45,0.000000
-30.90,40.45,0.000000
-30.40,40.45,0.000000
-29.90,40.45,0.000000
-29.40,40.45,0.000000
-28.89,40.45,0.000000
-28.39,40.45,0.000000
-27.89,40.45,0.000000
-27.39,40.45,0.000000
-26.88,40.45,0.000000
-26.38,40.45,0.000000
-25.88,40.45,0.000000
-25.38,40.45,0.000000
-24.87,40.45,0.000000
-24.37,40.45,0.000000
-23.87,40.45,0.000000
-23.37,40.45,0.000000
-22.86,40.45,0.000000
-22.36,40.45,0.000000
-21.86,40.45,0.000000
-21.36,40.45,0.000000
-20.85,40.45,0.000000
-20.35,40.45,0.000000
-19.85,40.45,0.000000
-19.35,40.45,0.000000
-18.84,40.45,0.000000
-18.34,40.45,0.000000
-17.84,40.45,0.000000
-17.34,40.45,0.000000
-16.83,40.45,0.000000
-16.33,40.45,0.000000
-15.83,40.45,0.000000
-15.33,40.45,0.000000
-14.82,40.45,0.000000
-14.32,40.45,0.000000
-13.82,40.45,0.000000
-13.32,40.45,0.000000
-12.81,40.45,0.000000
-12.31,40.45,0.000000
-11.81,40.45,0.000000
-11.31,40.45,0.000000
-10.80,40.45,0.000000
-10.30,40.45,0.000000
-9.80,40.45,0.000000
-9.30,40.45,0.000000
-8.79,40.45,0.000000
-8.29,40.45,0.000000
-7.79,40.45,0.000000
-7.29,40.45,0.000000
-6.78,40.45,0.000000
-6.28,40.45,0.000000
-5.78,40.45,0.000000
-5.28,40.45,0.000000
-4.77,40.45,0.000000
-4.27,40.45,0.000000
-3.77,40.45,0.000000
-3.27,40.45,0.000000
-2.76,40.45,0.000000
-2.26,40.45,0.000000
-1.76,40.45,0.000000
-1.26,40.45,0.000000
-0.75,40.45,0.000000
-0.25,40.45,0.000000
0.25,40.45,0.001641
0.75,40.45,0.004923
1.26,40.45,0.008202
1.76,40.45,0.011478
2.26,40.45,0.014748
2.76,40.45,0.018012
3.27,40.45,0.021267
3.77,40.45,0.024512
4.27,40.45,0.027747
4.77,40.45,0.030969
5.28,40.45,0.034176
5.78,40.45,0.037369
6.28,40.45,0.040545
6.78,40.45,0.043703
7.29,40.45,0.046842
7.79,40.45,0.049961
8.29,40.45,0.053058
8.79,40.45,0.056132
9.30,40.45,0.059183
9.80,40.45,0.062209
10.30,40.45,0.065209
10.80,40.45,0.068183
11.31,40.45,0.071130
11.81,40.45,0.074047
12.31,40.45,0.076936
12.81,40.45,0.079795
13.32,40.45,0.082624
13.82,40.45,0.085421
14.32,40.45,0.088187
14.82,40.45,0.090920
15.33,40.45,0.093621
15.83,40.45,0.096289
16.33,40.45,0.098923
16.83,40.45,0.101523
17.34,40.45,0.104089
17.84,40.45,0.106621
18.34,40.45,0.109118
18.84,40.45,0.111580
19.35,40.45,0.114007
19.85,40.45,0.116400
20.35,40.45,0.118757
20.85,40.45,0.121080
21.36,40.45,0.123367
21.86,40.45,0.125620
22.36,40.45,0.127838
22.86,40.45,0.130021
23.37,40.45,0.132169
23.87,40.45,0.134283
24.37,40.45,0.136363
24.87,40.45,0.138409
25.38,40.45,0.140421
25.88,40.45,0.142400
26.38,40.45,0.144345
26.88,40.45,0.146258
27.39,40.45,0.148138
27.89,40.45,0.149986
28.39,40.45,0.151802
28.89,40.45,0.153586
29.40,40.45,0.155339
29.90,40.45,0.157061
30.40,40.45,0.158753
30.90,40.45,0.160415
31.41,40.45,0.162048
31.91,40.45,0.163651
32.41,40.45,0.165225
32.91,40.45,0.166771
33.42,40.45,0.168289
33.92,40.45,0.169779
34.42,40.45,0.171243
34.92,40.45,0.172680
35.43,40.45,0.174090
35.93,40.45,0.175475
36.43,40.45,0.176834
36.93,40.45,0.178168
37.44,40.45,0.179478
37.94,40.45,0.180764
38.44,40.45,0.182026
38.94,40.45,0.183265
39.45,40.45,0.184480
39.95,40.45,0.185674
40.45,40.45,0.186845
40.95,40.45,0.187995
41.46,40.45,0.189124
41.96,40.45,0.190231
42.46,40.45,0.191319
42.96,40.45,0.192386
43.47,40.45,0.193433
43.97,40.45,0.194462
44.47,40.45,0.195471
44.97,40.45,0.196462
45.48,40.45,0.197435
45.98,40.45,0.198389
46.48,40.45,0.199327
46.98,40.45,0.200247
47.49,40.45,0.201150
47.99,40.45,0.202037
48.49,40.45,0.202908
48.99,40.45,0.203763
49.50,40.45,0.204602
50.00,40.45,0.205427
-50.00,40.95,0.000000
-49.50,40.95,0.000000
-48.99,40.95,0.000000
-48.49,40.95,0.000000
-47.99,40.95,0.000000
-47.49,40.95,0.000000
-46.98,40.95,0.000000
-46.48,40.95,0.000000
-45.98,40.95,0.000000
-45.48,40.95,0.000000
-44.97,40.95,0.000000
-44.47,40.95,0.000000
-43.97,40.95,0.000000
-43.47,40.95,0.000000
-42.96,40.95,0.000000
-42.46,40.95,0.000000
-41.96,40.95,0.000000
-41.46,40.95,0.000000
-40.95,40.95,0.000000
-40.45,40.95,0.000000
-39.95,40.95,0.000000
-39.45,40.95,0.000000
-38.94,40.95,0.000000
-38.44,40.95,0.000000
-37.94,40.95,0.000000
-37.44,40.95,0.000000
-36.93,40.95,0.000000
-36.43,40.95,0.000000
-35.93,40.95,0.000000
-35.43,40.95,0.000000
-34.92,40.95,0.000000
-34.42,40.95,0.000000
-33.92,40.95,0.000000
-33.42,40.95,0.000000
-32.91,40.95,0.000000
-32.41,40.95,0.000000
-31.91,40.95,0.000000
-31.41,40.95,0.000000
-30.90,40.95,0.000000
-30.40,40.95,0.000000
-29.90,40.95,0.000000
-29.40,40.95,0.000000
-28.89,40.95,0.000000
-28.39,40.95,0.000000
-27.89,40.95,0.000000
-27.39,40.95,0.000000
-26.88,40.95,0.000000
-26.38,40.95,0.000000
-25.88,40.95,0.000000
-25.38,40.95,0.000000
-24.87,40.95,0.000000
-24.37,40.95,0.000000
-23.87,40.95,0.000000
-23.37,40.95,0.000000
-22.86,40.95,0.000000
-22.36,40.95,0.000000
-21.86,40.95,0.000000
-21.36,40.95,0.000000
-20.85,40.95,0.000000
-20.35,40.95,0.000000
-19.85,40.95,0.000000
-19.35,40.95,0.000000
-18.84,40.95,0.000000
-18.34,40.95,0.000000
-17.84,40.95,0.000000
-17.34,40.95,0.000000
-16.83,40.95,0.000000
-16.33,40.95,0.000000
-15.83,40.95,0.000000
-15.33,40.95,0.000000
-14.82,40.95,0.000000
-14.32,40.95,0.000000
-13.82,40.95,0.000000
-13.32,40.95,0.000000
-12.81,40.95,0.000000
-12.31,40.95,0.000000
-11.81,40.95,0.000000
-11.31,40.95,0.000000
-10.80,40.95,0.000000
-10.30,40.95,0.000000
-9.80,40.95,0.000000
-9.30,40.95,0.000000
-8.79,40.95,0.000000
-8.29,40.95,0.000000
-7.79,40.95,0.000000
-7.29,40.95,0.000000
-6.78,40.95,0.000000
-6.28,40.95,0.000000
-5.78,40.95,0.000000
-5.28,40.95,0.000000
-4.77,40.95,0.000000
-4.27,40.95,0.000000
-3.77,40.95,0.000000
-3.27,40.95,0.000000
-2.76,40.95,0.000000
-2.26,40.95,0.000000
-1.76,40.95,0.000000
-1.26,40.95,0.000000
-0.75,40.95,0.000000
-0.25,40.95,0.000000
0.25,40.95,0.001621
0.75,40.95,0.004862
1.26,40.95,0.008102
1.76,40.95,0.011337
2.26,40.95,0.014568
2.76,40.95,0.017792
3.27,40.95,0.021008
3.77,40.95,0.024214
4.27,40.95,0.027410
4.77,40.95,0.030594
5.28,40.95,0.033764
5.78,40.95,0.036920
6.28,40.95,0.040059
6.78,40.95,0.043181
7.29,40.95,0.046285
7.79,40.95,0.049369
8.29,40.95,0.052433
8.79,40.95,0.055474
9.30,40.95,0.058493
9.80,40.95,0.061487
10.30,40.95,0.064457
10.80,40.95,0.067401
11.31,40.95,0.070319
11.81,40.95,0.073209
12.31,40.95,0.076071
12.81,40.95,0.078904
13.32,40.95,0.081707
13.82,40.95,0.084481
14.32,40.95,0.087223
14.82,40.95,0.089935
15.33,40.95,0.092614
15.83,40.95,0.095261
16.33,40.95,0.097876
16.83,40.95,0.100458
17.34,40.95,0.103007
17.84,40.95,0.105522
18.34,40.95,0.108004
18.84,40.95,0.110451
19.35,40.95,0.112865
19.85,40.95,0.115245
20.35,40.95,0.117590
20.85,40.95,0.119902
21.36,40.95,0.122179
21.86,40.95,0.124422
22.36,40.95,0.126631
22.86,40.95,0.128806
23.37,40.95,0.130948
23.87,40.95,0.133055
24.37,40.95,0.135130
24.87,40.95,0.137170
25.38,40.95,0.139178
25.88,40.95,0.141153
26.38,40.95,0.143096
26.88,40.95,0.145006
27.39,40.95,0.146884
27.89,40.95,0.148731
28.39,40.95,0.150546
28.89,40.95,0.152330
29.40,40.95,0.154084
29.90,40.95,0.155807
30.40,40.95,0.157500
30.90,40.95,0.159164
31.41,40.95,0.160798
31.91,40.95,0.162404
32.41,40.95,0.163981
32.91,40.95,0.165531
33.42,40.95,0.167052
33.92,40.95,0.168547
34.42,40.95,0.170015
34.92,40.95,0.171456
35.43,40.95,0.172871
35.93,40.95,0.174261
36.43,40.95,0.175626
36.93,40.95,0.176966
37.44,40.95,0.178282
37.94,40.95,0.179574
38.44,40.95,0.180842
38.94,40.95,0.182087
39.45,40.95,0.183310
39.95,40.95,0.184510
40.45,40.95,0.185688
40.95,40.95,0.186845
41.46,40.95,0.187981
41.96,40.95,0.189096
42.46,40.95,0.190191
42.96,40.95,0.191266
43.47,40.95,0.192321
43.97,40.95,0.193357
44.47,40.95,0.194374
44.97,40.95,0.195373
45.48,40.95,0.196353
45.98,40.95,0.197316
46.48,40.95,0.198262
46.98,40.95,0.199190
47.49,40.95,0.200101
47.99,40.95,0.200996
48.49,40.95,0.201875
48.99,40.95,0.202738
49.50,40.95,0.203586
50.00,40.95,0.204418
-50.00,41.46,0.000000
-49.50,41.46,0.000000
-48.99,41.46,0.000000
-48.49,41.46,0.000000
-47.99,41.46,0.000000
-47.49,41.46,0.000000
-46.98,41.46,0.000000
-46.48,41.46,0.000000
-45.98,41.46,0.000000
-45.48,41.46,0.000000
-44.97,41.46,0.000000
-44.47,41.46,0.000000
-43.97,41.46,0.000000
-43.47,41.46,0.000000
-42.96,41.46,0.000000
-42.46,41.46,0.000000
-41.96,41.46,0.000000
-41.46,41.46,0.000000
-40.95,41.46,0.000000
-40.45,41.46,0.000000
-39.95,41.46,0.000000
-39.45,41.46,0.000000
-38.94,41.46,0.000000
-38.44,41.46,0.000000
-37.94,41.46,0.000000
-37.44,41.46,0.000000
-36.93,41.46,0.000000
-36.43,41.46,0.000000
-35.93,41.46,0.000000
-35.43,41.46,0.000000
-34.92,41.46,0.000000
-34.42,41.46,0.000000
-33.92,41.46,0.000000
-33.42,41.46,0.000000
-32.91,41.46,0.000000
-32.41,41.46,0.000000
-31.91,41.46,0.000000
-31.41,41.46,0.000000
-30.90,41.46,0.000000
-30.40,41.46,0.000000
-29.90,41.46,0.000000
-29.40,41.46,0.000000
-28.89,41.46,0.000000
-28.39,41.46,0.000000
-27.89,41.46,0.000000
-27.39,41.46,0.000000
-26.88,41.46,0.000000
-26.38,41.46,0.000000
-25.88,41.46,0.000000
-25.38,41.46,0.000000
-24.87,41.46,0.000000
-24.37,41.46,0.000000
-23.87,41.46,0.000000
-23.37,41.46,0.000000
-22.86,41.46,0.000000
-22.36,41.46,0.000000
-21.86,41.46,0.000000
-21.36,41.46,0.000000
-20.85,41.46,0.000000
-20.35,41.46,0.000000
-19.85,41.46,0.000000
-19.35,41.46,0.000000
-18.84,41.46,0.000000
-18.34,41.46,0.000000
-17.84,41.46,0.000000
-17.34,41.46,0.000000
-16.83,41.46,0.000000
-16.33,41.46,0.000000
-15.83,41.46,0.000000
-15.33,41.46,0.000000
-14.82,41.46,0.000000
-14.32,41.46,0.000000
-13.82,41.46,0.000000
-13.32,41.46,0.000000
-12.81,41.46,0.000000
-12.31,41.46,0.000000
-11.81,41.46,0.000000
-11.31,41.46,0.000000
-10.80,41.46,0.000000
-10.30,41.46,0.000000
-9.80,41.46,0.000000
-9.30,41.46,0.000000
-8.79,41.46,0.000000
-8.29,41.46,0.000000
-7.79,41.46,0.000000
-7.29,41.46,0.000000
-6.78,41.46,0.000000
-6.28,41.46,0.000000
-5.78,41.46,0.000000
-5.28,41.46,0.000000
-4.77,41.46,0.000000
-4.27,41.46,0.000000
-3.77,41.46,0.000000
-3.27,41.46,0.000000
-2.76,41.46,0.000000
-2.26,41.46,0.000000
-1.76,41.46,0.000000
-1.26,41.46,0.000000
-0.75,41.46,0.000000
-0.25,41.46,0.000000
0.25,41.46,0.001601
0.75,41.46,0.004804
1.26,41.46,0.008004
1.76,41.46,0.011200
2.26,41.46,0.014392
2.76,41.46,0.017577
3.27,41.46,0.020755
3.77,41.46,0.023923
4.27,41.46,0.027081
4.77,41.46,0.030228
5.28,41.46,0.033361
5.78,41.46,0.036481
6.28,41.46,0.039584
6.78,41.46,0.042672
7.29,41.46,0.045741
7.79,41.46,0.048791
8.29,41.46,0.051822
8.79,41.46,0.054831
9.30,41.46,0.057818
9.80,41.46,0.060782
10.30,41.46,0.063722
10.80,41.46,0.066637
11.31,41.46,0.069526
11.81,41.46,0.072389
12.31,41.46,0.075224
12.81,41.46,0.078031
13.32,41.46,0.080810
13.82,41.46,0.083560
14.32,41.46,0.086279
14.82,41.46,0.088969
15.33,41.46,0.091627
15.83,41.46,0.094255
16.33,41.46,0.096850
16.83,41.46,0.099414
17.34,41.46,0.101945
17.84,41.46,0.104444
18.34,41.46,0.106910
18.84,41.46,0.109343
19.35,41.46,0.111743
19.85,41.46,0.114110
20.35,41.46,0.116443
20.85,41.46,0.118743
21.36,41.46,0.121010
21.86,41.46,0.123244
22.36,41.46,0.125444
22.86,41.46,0.127611
23.37,41.46,0.129745
23.87,41.46,0.131846
24.37,41.46,0.133914
24.87,41.46,0.135950
25.38,41.46,0.137953
25.88,41.46,0.139924
26.38,41.46,0.141864
26.88,41.46,0.143771
27.39,41.46,0.145647
27.89,41.46,0.147492
28.39,41.46,0.149306
28.89,41.46,0.151090
29.40,41.46,0.152844
29.90,41.46,0.154567
30.40,41.46,0.156261
30.90,41.46,0.157927
31.41,41.46,0.159563
31.91,41.46,0.161171
32.41,41.46,0.162751
32.91,41.46,0.164303
33.42,41.46,0.165828
33.92,41.46,0.167326
34.42,41.46,0.168798
34.92,41.46,0.170244
35.43,41.46,0.171664
35.93,41.46,0.173058
36.43,41.46,0.174428
36.93,41.46,0.175773
37.44,41.46,0.177095
37.94,41.46,0.178392
38.44,41.46,0.179667
38.94,41.46,0.180918
39.45,41.46,0.182147
39.95,41.46,0.183354
40.45,41.46,0.184539
40.95,41.46,0.185703
41.46,41.46,0.186845
41.96,41.46,0.187967
42.46,41.46,0.189069
42.96,41.46,0.190151
43.47,41.46,0.191214
43.97,41.46,0.192258
44.47,41.46,0.193282
44.97,41.46,0.194289
45.48,41.46,0.195277
45.98,41.46,0.196247
46.48,41.46,0.197200
46.98,41.46,0.198136
47.49,41.46,0.199056
47.99,41.46,0.199959
48.49,41.46,0.200846
48.99,41.46,0.201717
49.50,41.46,0.202572
50.00,41.46,0.203412
-50.00,41.96,0.000000
-49.50,41.96,0.000000
-48.99,41.96,0.000000
-48.49,41.96,0.000000
-47.99,41.96,0.000000
-47.49,41.96,0.000000
-46.98,41.96,0.000000
-46.48,41.96,0.000000
-45.98,41.96,0.000000
-45.48,41.96,0.000000
-44.97,41.96,0.000000
-44.47,41.96,0.000000
-43.97,41.96,0.000000
-43.47,41.96,0.000000
-42.96,41.96,0.000000
-42.46,41.96,0.000000
-41.96,41.96,0.000000
-41.46,41.96,0.000000
-40.95,41.96,0.000000
-40.45,41.96,0.000000
-39.95,41.96,0.000000
-39.45,41.96,0.000000
-38.94,41.96,0.000000
-38.44,41.96,0.000000
-37.94,41.96,0.000000
-37.44,41.96,0.000000
-36.93,41.96,0.000000
-36.43,41.96,0.000000
-35.93,41.96,0.000000
-35.43,41.96,0.000000
-34.92,41.96,0.000000
-34.42,41.96,0.000000
-33.92,41.96,0.000000
-33.42,41.96,0.000000
-32.91,41.96,0.000000
-32.41,41.96,0.000000
-31.91,41.96,0.000000
-31.41,41.96,0.000000
-30.90,41.96,0.000000
-30.40,41.96,0.000000
-29.90,41.96,0.000000
-29.40,41.96,0.000000
-28.89,41.96,0.000000
-28.39,41.96,0.000000
-27.89,41.96,0.000000
-27.39,41.96,0.000000
-26.88,41.96,0.000000
-26.38,41.96,0.000000
-25.88,41.96,0.000000
-25.38,41.96,0.000000
-24.87,41.96,0.000000
-24.37,41.96,0.000000
-23.87,41.96,0.000000
-23.37,41.96,0.000000
-22.86,41.96,0.000000
-22.36,41.96,0.000000
-21.86,41.96,0.000000
-21.36,41.96,0.000000
-20.85,41.96,0.000000
-20.35,41.96,0.000000
-19.85,41.96,0.000000
-19.35,41.96,0.000000
-18.84,41.96,0.000000
-18.34,41.96,0.000000
-17.84,41.96,0.000000
-17.34,41.96,0.000000
-16.83,41.96,0.000000
-16.33,41.96,0.000000
-15.83,41.96,0.000000
-15.33,41.96,0.000000
-14.82,41.96,0.000000
-14.32,41.96,0.000000
-13.82,41.96,0.000000
-13.32,41.96,0.000000
-12.81,41.96,0.000000
-12.31,41.96,0.000000
-11.81,41.96,0.000000
-11.31,41.96,0.000000
-10.80,41.96,0.000000
-10.30,41.96,0.000000
-9.80,41.96,0.000000
-9.30,41.96,0.000000
-8.79,41.96,0.000000
-8.29,41.96,0.000000
-7.79,41.96,0.000000
-7.29,41.96,0.000000
-6.78,41.96,0.000000
-6.28,41.96,0.000000
-5.78,41.96,0.000000
-5.28,41.96,0.000000
-4.77,41.96,0.000000
-4.27,41.96,0.000000
-3.77,41.96,0.000000
-3.27,41.96,0.000000
-2.76,41.96,0.000000
-2.26,41.96,0.000000
-1.76,41.96,0.000000
-1.26,41.96,0.000000
-0.75,41.96,0.000000
-0.25,41.96,0.000000
0.25,41.96,0.001582
0.75,41.96,0.004746
1.26,41.96,0.007908
1.76,41.96,0.011066
2.26,41.96,0.014220
2.76,41.96,0.017367
3.27,41.96,0.020507
3.77,41.96,0.023639
4.27,41.96,0.026760
4.77,41.96,0.029870
5.28,41.96,0.032968
5.78,41.96,0.036052
6.28,41.96,0.039121
6.78,41.96,0.042174
7.29,41.96,0.045209
7.79,41.96,0.048227
8.29,41.96,0.051224
8.79,41.96,0.054202
9.30,41.96,0.057158
9.80,41.96,0.060092
10.30,41.96,0.063002
10.80,41.96,0.065889
11.31,41.96,0.068750
11.81,41.96,0.071586
12.31,41.96,0.074395
12.81,41.96,0.077177
13.32,41.96,0.079931
13.82,41.96,0.082657
14.32,41.96,0.085355
14.82,41.96,0.088022
15.33,41.96,0.090660
15.83,41.96,0.093267
16.33,41.96,0.095844
16.83,41.96,0.098389
17.34,41.96,0.100903
17.84,41.96,0.103385
18.34,41.96,0.105836
18.84,41.96,0.108254
19.35,41.96,0.110640
19.85,41.96,0.112994
20.35,41.96,0.115315
20.85,41.96,0.117604
21.36,41.96,0.119860
21.86,41.96,0.122084
22.36,41.96,0.124275
22.86,41.96,0.126434
23.37,41.96,0.128561
23.87,41.96,0.130655
24.37,41.96,0.132717
24.87,41.96,0.134747
25.38,41.96,0.136745
25.88,41.96,0.138712
26.38,41.96,0.140648
26.88,41.96,0.142552
27.39,41.96,0.144426
27.89,41.96,0.146269
28.39,41.96,0.148082
28.89,41.96,0.149865
29.40,41.96,0.151618
29.90,41.96,0.153342
30.40,41.96,0.155037
30.90,41.96,0.156703
31.41,41.96,0.158341
31.91,41.96,0.159951
32.41,41.96,0.161533
32.91,41.96,0.163088
33.42,41.96,0.164616
33.92,41.96,0.166117
34.42,41.96,0.167593
34.92,41.96,0.169042
35.43,41.96,0.170466
35.93,41.96,0.171866
36.43,41.96,0.173240
36.93,41.96,0.174591
37.44,41.96,0.175917
37.94,41.96,0.177220
38.44,41.96,0.178500
38.94,41.96,0.179757
39.45,41.96,0.180992
39.95,41.96,0.182205
40.45,41.96,0.183397
40.95,41.96,0.184567
41.46,41.96,0.185716
41.96,41.96,0.186845
42.46,41.96,0.187954
42.96,41.96,0.189043
43.47,41.96,0.190113
43.97,41.96,0.191164
44.47,41.96,0.192196
44.97,41.96,0.193209
45.48,41.96,0.194205
45.98,41.96,0.195183
46.48,41.96,0.196144
46.98,41.96,0.197087
47.49,41.96,0.198014
47.99,41.96,0.198925
48.49,41.96,0.199819
48.99,41.96,0.200698
49.50,41.96,0.201561
50.00,41.96,0.202409
-50.00,42.46,0.000000
-49.50,42.46,0.000000
-48.99,42.46,0.000000
-48.49,42.46,0.000000
-47.99,42.46,0.000000
-47.49,42.46,0.000000
-46.98,42.46,0.000000
-46.48,42.46,0.000000
-45.98,42.46,0.000000
-45.48,42.46,0.000000
-44.97,42.46,0.000000
-44.47,42.46,0.000000
-43.97,42.46,0.000000
-43.47,42.46,0.000000
-42.96,42.46,0.000000
-42.46,42.46,0.000000
-41.96,42.46,0.000000
-41.46,42.46,0.000000
-40.95,42.46,0.000000
-40.45,42.46,0.000000
-39.95,42.46,0.000000
-39.45,42.46,0.000000
-38.94,42.46,0.000000
-38.44,42.46,0.000000
-37.94,42.46,0.000000
-37.44,42.46,0.000000
-36.93,42.46,0.000000
-36.43,42.46,0.000000
-35.93,42.46,0.000000
-35.43,42.46,0.000000
-34.92,42.46,0.000000
-34.42,42.46,0.000000
-33.92,42.46,0.000000
-33.42,42.46,0.000000
-32.91,42.46,0.000000
-32.41,42.46,0.000000
-31.91,42.46,0.000000
-31.41,42.46,0.000000
-30.90,42.46,0.000000
-30.40,42.46,0.000000
-29.90,42.46,0.000000
-29.40,42.46,0.000000
-28.89,42.46,0.000000
-28.39,42.46,0.000000
-27.89,42.46,0.000000
-27.39,42.46,0.000000
-26.88,42.46,0.000000
-26.38,42.46,0.000000
-25.88,42.46,0.000000
-25.38,42.46,0.000000
-24.87,42.46,0.000000
-24.37,42.46,0.000000
-23.87,42.46,0.000000
-23.37,42.46,0.000000
-22.86,42.46,0.000000
-22.36,42.46,0.000000
-21.86,42.46,0.000000
-21.36,42.46,0.000000
-20.85,42.46,0.000000
-20.35,42.46,0.000000
-19.85,42.46,0.000000
-19.35,42.46,0.000000
-18.84,42.46,0.000000
-18.34,42.46,0.000000
-17.84,42.46,0.000000
-17.34,42.46,0.000000
-16.83,42.46,0.000000
-16.33,42.46,0.000000
-15.83,42.46,0.000000
-15.33,42.46,0.000000
-14.82,42.46,0.000000
-14.32,42.46,0.000000
-13.82,42.46,0.000000
-13.32,42.46,0.000000
-12.81,42.46,0.000000
-12.31,42.46,0.000000
-11.81,42.46,0.000000
-11.31,42.46,0.000000
-10.80,42.46,0.000000
-10.30,42.46,0.000000
-9.80,42.46,0.000000
-9.30,42.46,0.000000
-8.79,42.46,0.000000
-8.29,42.46,0.000000
-7.79,42.46,0.000000
-7.29,42.46,0.000000
-6.78,42.46,0.000000
-6.28,42.46,0.000000
-5.78,42.46,0.000000
-5.28,42.46,0.000000
-4.77,42.46,0.000000
-4.27,42.46,0.000000
-3.77,42.46,0.000000
-3.27,42.46,0.000000
-2.76,42.46,0.000000
-2.26,42.46,0.000000
-1.76,42.46,0.000000
-1.26,42.46,0.000000
-0.75,42.46,0.000000
-0.25,42.46,0.000000
0.25,42.46,0.001564
0.75,42.46,0.004690
1.26,42.46,0.007814
1.76,42.46,0.010935
2.26,42.46,0.014052
2.76,42.46,0.017163
3.27,42.46,0.020266
3.77,42.46,0.023361
4.27,42.46,0.026447
4.77,42.46,0.029521
5.28,42.46,0.032584
5.78,42.46,0.035633
6.28,42.46,0.038668
6.78,42.46,0.041687
7.29,42.46,0.044690
7.79,42.46,0.047674
8.29,42.46,0.050641
8.79,42.46,0.053587
9.30,42.46,0.056513
9.80,42.46,0.059417
10.30,42.46,0.062298
10.80,42.46,0.065156
11.31,42.46,0.067991
11.81,42.46,0.070800
12.31,42.46,0.073583
12.81,42.46,0.076340
13.32,42.46,0.079071
13.82,42.46,0.081773
14.32,42.46,0.084448
14.82,42.46,0.087094
15.33,42.46,0.089711
15.83,42.46,0.092299
16.33,42.46,0.094856
16.83,42.46,0.097384
17.34,42.46,0.099880
17.84,42.46,0.102346
18.34,42.46,0.104781
18.84,42.46,0.107185
19.35,42.46,0.109557
19.85,42.46,0.111898
20.35,42.46,0.114207
20.85,42.46,0.116484
21.36,42.46,0.118730
21.86,42.46,0.120943
22.36,42.46,0.123125
22.86,42.46,0.125276
23.37,42.46,0.127394
23.87,42.46,0.129481
24.37,42.46,0.131537
24.87,42.46,0.133562
25.38,42.46,0.135555
25.88,42.46,0.137517
26.38,42.46,0.139449
26.88,42.46,0.141350
27.39,42.46,0.143221
27.89,42.46,0.145062
28.39,42.46,0.146873
28.89,42.46,0.148655
29.40,42.46,0.150408
29.90,42.46,0.152131
30.40,42.46,0.153826
30.90,42.46,0.155493
31.41,42.46,0.157132
31.91,42.46,0.158743
32.41,42.46,0.160327
32.91,42.46,0.161885
33.42,42.46,0.163415
33.92,42.46,0.164920
34.42,42.46,0.166399
34.92,42.46,0.167852
35.43,42.46,0.169280
35.93,42.46,0.170683
36.43,42.46,0.172062
36.93,42.46,0.173417
37.44,42.46,0.174749
37.94,42.46,0.176057
38.44,42.46,0.177342
38.94,42.46,0.178605
39.45,42.46,0.179846
39.95,42.46,0.181065
40.45,42.46,0.182262
40.95,42.46,0.183439
41.46,42.46,0.184594
41.96,42.46,0.185730
42.46,42.46,0.186845
42.96,42.46,0.187941
43.47,42.46,0.189018
43.97,42.46,0.190075
44.47,42.46,0.191114
44.97,42.46,0.192135
45.48,42.46,0.193138
45.98,42.46,0.194123
46.48,42.46,0.195091
46.98,42.46,0.196042
47.49,42.46,0.196976
47.99,42.46,0.197894
48.49,42.46,0.198796
48.99,42.46,0.199683
49.50,42.46,0.200553
50.00,42.46,0.201409
-50.00,42.96,0.000000
-49.50,42.96,0.000000
-48.99,42.96,0.000000
-48.49,42.96,0.000000
-47.99,42.96,0.000000
-47.49,42.96,0.000000
-46.98,42.96,0.000000
-46.48,42.96,0.000000
-45.98,42.96,0.000000
-45.48,42.96,0.000000
-44.97,42.96,0.000000
-44.47,42.96,0.000000
-43.97,42.96,0.000000
-43.47,42.96,0.000000
-42.96,42.96,0.000000
-42.46,42.96,0.000000
-41.96,42.96,0.000000
-41.46,42.96,0.000000
-40.95,42.96,0.000000
-40.45,42.96,0.000000
-39.95,42.96,0.000000
-39.45,42.96,0.000000
-38.94,42.96,0.000000
-38.44,42.96,0.000000
-37.94,42.96,0.000000
-37.44,42.96,0.000000
-36.93,42.96,0.000000
-36.43,42.96,0.000000
-35.93,42.96,0.000000
-35.43,42.96,0.000000
-34.92,42.96,0.000000
-34.42,42.96,0.000000
-33.92,42.96,0.000000
-33.42,42.96,0.000000
-32.91,42.96,0.000000
-32.41,42.96,0.000000
-31.91,42.96,0.000000
-31.41,42.96,0.000000
-30.90,42.96,0.000000
-30.40,42.96,0.000000
-29.90,42.96,0.000000
-29.40,42.96,0.000000
-28.89,42.96,0.000000
-28.39,42.96,0.000000
-27.89,42.96,0.000000
-27.39,42.96,0.000000
-26.88,42.96,0.000000
-26.38,42.96,0.000000
-25.88,42.96,0.000000
-25.38,42.96,0.000000
-24.87,42.96,0.000000
-24.37,42.96,0.000000
-23.87,42.96,0.000000
-23.37,42.96,0.000000
-22.86,42.96,0.000000
-22.36,42.96,0.000000
-21.86,42.96,0.000000
-21.36,42.96,0.000000
-20.85,42.96,0.000000
-20.35,42.96,0.000000
-19.85,42.96,0.000000
-19.35,42.96,0.000000
-18.84,42.96,0.000000
-18.34,42.96,0.000000
-17.84,42.96,0.000000
-17.34,42.96,0.000000
-16.83,42.96,0.000000
-16.33,42.96,0.000000
-15.83,42.96,0.000000
-15.33,42.96,0.000000
-14.82,42.96,0.000000
-14.32,42.96,0.000000
-13.82,42.96,0.000000
-13.32,42.96,0.000000
-12.81,42.96,0.000000
-12.31,42.96,0.000000
-11.81,42.96,0.000000
-11.31,42.96,0.000000
-10.80,42.96,0.000000
-10.30,42.96,0.000000
-9.80,42.96,0.000000
-9.30,42.96,0.000000
-8.79,42.96,0.000000
-8.29,42.96,0.000000
-7.79,42.96,0.000000
-7.29,42.96,0.000000
-6.78,42.96,0.000000
-6.28,42.96,0.000000
-5.78,42.96,0.000000
-5.28,42.96,0.000000
-4.77,42.96,0.000000
-4.27,42.96,0.000000
-3.77,42.96,0.000000
-3.27,42.96,0.000000
-2.76,42.96,0.000000
-2.26,42.96,0.000000
-1.76,42.96,0.000000
-1.26,42.96,0.000000
-0.75,42.96,0.000000
-0.25,42.96,0.000000
0.25,42.96,0.001545
0.75,42.96,0.004635
1.26,42.96,0.007723
1.76,42.96,0.010808
2.26,42.96,0.013888
2.76,42.96,0.016963
3.27,42.96,0.020031
3.77,42.96,0.023090
4.27,42.96,0.026141
4.77,42.96,0.029180
5.28,42.96,0.032208
5.78,42.96,0.035224
6.28,42.96,0.038225
6.78,42.96,0.041211
7.29,42.96,0.044182
7.79,42.96,0.047135
8.29,42.96,0.050070
8.79,42.96,0.052986
9.30,42.96,0.055881
9.80,42.96,0.058756
10.30,42.96,0.061609
10.80,42.96,0.064440
11.31,42.96,0.067247
11.81,42.96,0.070030
12.31,42.96,0.072788
12.81,42.96,0.075521
13.32,42.96,0.078227
13.82,42.96,0.080907
14.32,42.96,0.083560
14.82,42.96,0.086185
15.33,42.96,0.088781
15.83,42.96,0.091349
16.33,42.96,0.093888
16.83,42.96,0.096397
17.34,42.96,0.098877
17.84,42.96,0.101326
18.34,42.96,0.103746
18.84,42.96,0.106135
19.35,42.96,0.108493
19.85,42.96,0.110821
20.35,42.96,0.113117
20.85,42.96,0.115383
21.36,42.96,0.117618
21.86,42.96,0.119821
22.36,42.96,0.121994
22.86,42.96,0.124135
23.37,42.96,0.126246
23.87,42.96,0.128326
24.37,42.96,0.130375
24.87,42.96,0.132393
25.38,42.96,0.134381
25.88,42.96,0.136339
26.38,42.96,0.138267
26.88,42.96,0.140164
27.39,42.96,0.142032
27.89,42.96,0.143871
28.39,42.96,0.145680
28.89,42.96,0.147460
29.40,42.96,0.149212
29.90,42.96,0.150935
30.40,42.96,0.152630
30.90,42.96,0.154297
31.41,42.96,0.155937
31.91,42.96,0.157549
32.41,42.96,0.159135
32.91,42.96,0.160694
33.42,42.96,0.162227
33.92,42.96,0.163734
34.42,42.96,0.165216
34.92,42.96,0.166672
35.43,42.96,0.168104
35.93,42.96,0.169511
36.43,42.96,0.170894
36.93,42.96,0.172254
37.44,42.96,0.173590
37.94,42.96,0.174903
38.44,42.96,0.176193
38.94,42.96,0.177461
39.45,42.96,0.178707
39.95,42.96,0.179932
40.45,42.96,0.181135
40.95,42.96,0.182318
41.46,42.96,0.183480
41.96,42.96,0.184621
42.46,42.96,0.185743
42.96,42.96,0.186845
43.47,42.96,0.187928
43.97,42.96,0.188993
44.47,42.96,0.190039
44.97,42.96,0.191066
45.48,42.96,0.192076
45.98,42.96,0.193068
46.48,42.96,0.194043
46.98,42.96,0.195001
47.49,42.96,0.195943
47.99,42.96,0.196868
48.49,42.96,0.197777
48.99,42.96,0.198671
49.50,42.96,0.199549
50.00,42.96,0.200412
-50.00,43.47,0.000000
-49.50,43.47,0.000000
-48.99,43.47,0.000000
-48.49,43.47,0.000000
-47.99,43.47,0.000000
-47.49,43.47,0.000000
-46.98,43.47,0.000000
-46.48,43.47,0.000000
-45.98,43.47,0.000000
-45.48,43.47,0.000000
-44.97,43.47,0.000000
-44.47,43.47,0.000000
-43.97,43.47,0.000000
-43.47,43.47,0.000000
-42.96,43.47,0.000000
-42.46,43.47,0.000000
-41.96,43.47,0.000000
-41.46,43.47,0.000000
-40.95,43.47,0.000000
-40.45,43.47,0.000000
-39.95,43.47,0.000000
-39.45,43.47,0.000000
-38.94,43.47,0.000000
-38.44,43.47,0.000000
-37.94,43.47,0.000000
-37.44,43.47,0.000000
-36.93,43.47,0.000000
-36.43,43.47,0.000000
-35.93,43.47,0.000000
-35.43,43.47,0.000000
-34.92,43.47,0.000000
-34.42,43.47,0.000000
-33.92,43.47,0.000000
-33.42,43.47,0.000000
-32.91,43.47,0.000000
-32.41,43.47,0.000000
-31.91,43.47,0.000000
-31.41,43.47,0.000000
-30.90,43.47,0.000000
-30.40,43.47,0.000000
-29.90,43.47,0.000000
-29.40,43.47,0.000000
-28.89,43.47,0.000000
-28.39,43.47,0.000000
-27.89,43.47,0.000000
-27.39,43.47,0.000000
-26.88,43.47,0.000000
-26.38,43.47,0.000000
-25.88,43.47,0.000000
-25.38,43.47,0.000000
-24.87,43.47,0.000000
-24.37,43.47,0.000000
-23.87,43.47,0.000000
-23.37,43.47,0.000000
-22.86,43.47,0.000000
-22.36,43.47,0.000000
-21.86,43.47,0.000000
-21.36,43.47,0.000000
-20.85,43.47,0.000000
-20.35,43.47,0.000000
-19.85,43.47,0.000000
-19.35,43.47,0.000000
-18.84,43.47,0.000000
-18.34,43.47,0.000000
-17.84,43.47,0.000000
-17.34,43.47,0.000000
-16.83,43.47,0.000000
-16.33,43.47,0.000000
-15.83,43.47,0.000000
-15.33,43.47,0.000000
-14.82,43.47,0.000000
-14.32,43.47,0.000000
-13.82,43.47,0.000000
-13.32,43.47,0.000000
-12.81,43.47,0.000000
-12.31,43.47,0.000000
-11.81,43.47,0.000000
-11.31,43.47,0.000000
-10.80,43.47,0.000000
-10.30,43.47,0.000000
-9.80,43.47,0.000000
-9.30,43.47,0.000000
-8.79,43.47,0.000000
-8.29,43.47,0.000000
-7.79,43.47,0.000000
-7.29,43.47,0.000000
-6.78,43.47,0.000000
-6.28,43.47,0.000000
-5.78,43.47,0.000000
-5.28,43.47,0.000000
-4.77,43.47,0.000000
-4.27,43.47,0.000000
-3.77,43.47,0.000000
-3.27,43.47,0.000000
-2.76,43.47,0.000000
-2.26,43.47,0.000000
-1.76,43.47,0.000000
-1.26,43.47,0.000000
-0.75,43.47,0.000000
-0.25,43.47,0.000000
0.25,43.47,0.001527
0.75,43.47,0.004581
1.26,43.47,0.007634
1.76,43.47,0.010683
2.26,43.47,0.013728
2.76,43.47,0.016767
3.27,43.47,0.019800
3.77,43.47,0.022825
4.27,43.47,0.025841
4.77,43.47,0.028847
5.28,43.47,0.031842
5.78,43.47,0.034824
6.28,43.47,0.037792
6.78,43.47,0.040746
7.29,43.47,0.043685
7.79,43.47,0.046607
8.29,43.47,0.049511
8.79,43.47,0.052397
9.30,43.47,0.055264
9.80,43.47,0.058110
10.30,43.47,0.060935
10.80,43.47,0.063739
11.31,43.47,0.066519
11.81,43.47,0.069276
12.31,43.47,0.072010
12.81,43.47,0.074718
13.32,43.47,0.077401
13.82,43.47,0.080058
14.32,43.47,0.082689
14.82,43.47,0.085293
15.33,43.47,0.087869
15.83,43.47,0.090417
16.33,43.47,0.092937
16.83,43.47,0.095429
17.34,43.47,0.097891
17.84,43.47,0.100325
18.34,43.47,0.102729
18.84,43.47,0.105103
19.35,43.47,0.107447
19.85,43.47,0.109761
20.35,43.47,0.112046
20.85,43.47,0.114300
21.36,43.47,0.116523
21.86,43.47,0.118717
22.36,43.47,0.120880
22.86,43.47,0.123013
23.37,43.47,0.125115
23.87,43.47,0.127188
24.37,43.47,0.129230
24.87,43.47,0.131242
25.38,43.47,0.133224
25.88,43.47,0.135177
26.38,43.47,0.137100
26.88,43.47,0.138994
27.39,43.47,0.140859
27.89,43.47,0.142694
28.39,43.47,0.144501
28.89,43.47,0.146280
29.40,43.47,0.148030
29.90,43.47,0.149752
30.40,43.47,0.151447
30.90,43.47,0.153114
31.41,43.47,0.154755
31.91,43.47,0.156368
32.41,43.47,0.157955
32.91,43.47,0.159516
33.42,43.47,0.161051
33.92,43.47,0.162560
34.42,43.47,0.164045
34.92,43.47,0.165504
35.43,43.47,0.166939
35.93,43.47,0.168350
36.43,43.47,0.169737
36.93,43.47,0.171100
37.44,43.47,0.172441
37.94,43.47,0.173758
38.44,43.47,0.175053
38.94,43.47,0.176326
39.45,43.47,0.177578
39.95,43.47,0.178807
40.45,43.47,0.180016
40.95,43.47,0.181204
41.46,43.47,0.182372
41.96,43.47,0.183519
42.46,43.47,0.184647
42.96,43.47,0.185756
43.47,43.47,0.186845
43.97,43.47,0.187916
44.47,43.47,0.188968
44.97,43.47,0.190003
45.48,43.47,0.191019
45.98,43.47,0.192018
46.48,43.47,0.193000
46.98,43.47,0.193965
47.49,43.47,0.194913
47.99,43.47,0.195846
48.49,43.47,0.196762
48.99,43.47,0.197662
49.50,43.47,0.198548
50.00,43.47,0.199418
-50.00,43.97,0.000000
-49.50,43.97,0.000000
-48.99,43.97,0.000000
-48.49,43.97,0.000000
-47.99,43.97,0.000000
-47.49,43.97,0.000000
-46.98,43.97,0.000000
-46.48,43.97,0.000000
-45.98,43.97,0.000000
-45.48,43.97,0.000000
-44.97,43.97,0.000000
-44.47,43.97,0.000000
-43.97,43.97,0.000000
-43.47,43.97,0.000000
-42.96,43.97,0.000000
-42.46,43.97,0.000000
-41.96,43.97,0.000000
-41.46,43.97,0.000000
-40.95,43.97,0.000000
-40.45,43.97,0.000000
-39.95,43.97,0.000000
-39.45,43.97,0.000000
-38.94,43.97,0.000000
-38.44,43.97,0.000000
-37.94,43.97,0.000000
-37.44,43.97,0.000000
-36.93,43.97,0.000000
-36.43,43.97,0.000000
-35.93,43.97,0.000000
-35.43,43.97,0.000000
-34.92,43.97,0.000000
-34.42,43.97,0.000000
-33.92,43.97,0.000000
-33.42,43.97,0.000000
-32.91,43.97,0.000000
-32.41,43.97,0.000000
-31.91,43.97,0.000000
-31.41,43.97,0.000000
-30.90,43.97,0.000000
-30.40,43.97,0.000000
-29.90,43.97,0.000000
-29.40,43.97,0.000000
-28.89,43.97,0.000000
-28.39,43.97,0.000000
-27.89,43.97,0.000000
-27.39,43.97,0.000000
-26.88,43.97,0.000000
-26.38,43.97,0.000000
-25.88,43.97,0.000000
-25.38,43.97,0.000000
-24.87,43.97,0.000000
-24.37,43.97,0.000000
-23.87,43.97,0.000000
-23.37,43.97,0.000000
-22.86,43.97,0.000000
-22.36,43.97,0.000000
-21.86,43.97,0.000000
-21.36,43.97,0.000000
-20.85,43.97,0.000000
-20.35,43.97,0.000000
-19.85,43.97,0.000000
-19.35,43.97,0.000000
-18.84,43.97,0.000000
-18.34,43.97,0.000000
-17.84,43.97,0.000000
-17.34,43.97,0.000000
-16.83,43.97,0.000000
-16.33,43.97,0.000000
-15.83,43.97,0.000000
-15.33,43.97,0.000000
-14.82,43.97,0.000000
-14.32,43.97,0.000000
-13.82,43.97,0.000000
-13.32,43.97,0.000000
-12.81,43.97,0.000000
-12.31,43.97,0.000000
-11.81,43.97,0.000000
-11.31,43.97,0.000000
-10.80,43.97,0.000000
-10.30,43.97,0.000000
-9.80,43.97,0.000000
-9.30,43.97,0.000000
-8.79,43.97,0.000000
-8.29,43.97,0.000000
-7.79,43.97,0.000000
-7.29,43.97,0.000000
-6.78,43.97,0.000000
-6.28,43.97,0.000000
-5.78,43.97,0.000000
-5.28,43.97,0.000000
-4.77,43.97,0.000000
-4.27,43.97,0.000000
-3.77,43.97,0.000000
-3.27,43.97,0.000000
-2.76,43.97,0.000000
-2.26,43.97,0.000000
-1.76,43.97,0.000000
-1.26,43.97,0.000000
-0.75,43.97,0.000000
-0.25,43.97,0.000000
0.25,43.97,0.001510
0.75,43.97,0.004529
1.26,43.97,0.007547
1.76,43.97,0.010561
2.26,43.97,0.013572
2.76,43.97,0.016577
3.27,43.97,0.019575
3.77,43.97,0.022566
4.27,43.97,0.025549
4.77,43.97,0.028521
5.28,43.97,0.031483
5.78,43.97,0.034432
6.28,43.97,0.037369
6.78,43.97,0.040292
7.29,43.97,0.043199
7.79,43.97,0.046091
8.29,43.97,0.048965
8.79,43.97,0.051822
9.30,43.97,0.054659
9.80,43.97,0.057478
10.30,43.97,0.060275
10.80,43.97,0.063052
11.31,43.97,0.065806
11.81,43.97,0.068538
12.31,43.97,0.071247
12.81,43.97,0.073931
13.32,43.97,0.076591
13.82,43.97,0.079226
14.32,43.97,0.081835
14.82,43.97,0.084418
15.33,43.97,0.086974
15.83,43.97,0.089503
16.33,43.97,0.092005
16.83,43.97,0.094478
17.34,43.97,0.096924
17.84,43.97,0.099341
18.34,43.97,0.101729
18.84,43.97,0.104089
19.35,43.97,0.106419
19.85,43.97,0.108720
20.35,43.97,0.110992
20.85,43.97,0.113234
21.36,43.97,0.115447
21.86,43.97,0.117630
22.36,43.97,0.119784
22.86,43.97,0.121907
23.37,43.97,0.124002
23.87,43.97,0.126066
24.37,43.97,0.128102
24.87,43.97,0.130107
25.38,43.97,0.132084
25.88,43.97,0.134031
26.38,43.97,0.135950
26.88,43.97,0.137840
27.39,43.97,0.139701
27.89,43.97,0.141533
28.39,43.97,0.143338
28.89,43.97,0.145114
29.40,43.97,0.146863
29.90,43.97,0.148584
30.40,43.97,0.150278
30.90,43.97,0.151945
31.41,43.97,0.153586
31.91,43.97,0.155200
32.41,43.97,0.156788
32.91,43.97,0.158350
33.42,43.97,0.159887
33.92,43.97,0.161398
34.42,43.97,0.162885
34.92,43.97,0.164347
35.43,43.97,0.165785
35.93,43.97,0.167199
36.43,43.97,0.168589
36.93,43.97,0.169957
37.44,43.97,0.171301
37.94,43.97,0.172623
38.44,43.97,0.173922
38.94,43.97,0.175200
39.45,43.97,0.176456
39.95,43.97,0.177691
40.45,43.97,0.178905
40.95,43.97,0.180098
41.46,43.97,0.181271
41.96,43.97,0.182425
42.46,43.97,0.183558
42.96,43.97,0.184673
43.47,43.97,0.185768
43.97,43.97,0.186845
44.47,43.97,0.187904
44.97,43.97,0.188944
45.48,43.97,0.189967
45.98,43.97,0.190973
46.48,43.97,0.191961
46.98,43.97,0.192933
47.49,43.97,0.193888
47.99,43.97,0.194827
48.49,43.97,0.195750
48.99,43.97,0.196658
49.50,43.97,0.197550
50.00,43.97,0.198427
-50.00,44.47,0.000000
-49.50,44.47,0.000000
-48.99,44.47,0.000000
-48.49,44.47,0.000000
-47.99,44.47,0.000000
-47.49,44.47,0.000000
-46.98,44.47,0.000000
-46.48,44.47,0.000000
-45.98,44.47,0.000000
-45.48,44.47,0.000000
-44.97,44.47,0.000000
-44.47,44.47,0.000000
-43.97,44.47,0.000000
-43.47,44.47,0.000000
-42.96,44.47,0.000000
-42.46,44.47,0.000000
-41.96,44.47,0.000000
-41.46,44.47,0.000000
-40.95,44.47,0.000000
-40.45,44.47,0.000000
-39.95,44.47,0.000000
-39.45,44.47,0.000000
-38.94,44.47,0.000000
-38.44,44.47,0.000000
-37.94,44.47,0.000000
-37.44,44.47,0.000000
-36.93,44.47,0.000000
-36.43,44.47,0.000000
-35.93,44.47,0.000000
-35.43,44.47,0.000000
-34.92,44.47,0.000000
-34.42,44.47,0.000000
-33.92,44.47,0.000000
-33.42,44.47,0.000000
-32.91,44.47,0.000000
-32.41,44.47,0.000000
-31.91,44.47,0.000000
-31.41,44.47,0.000000
-30.90,44.47,0.000000
-30.40,44.47,0.000000
-29.90,44.47,0.000000
-29.40,44.47,0.000000
-28.89,44.47,0.000000
-28.39,44.47,0.000000
-27.89,44.47,0.000000
-27.39,44.47,0.000000
-26.88,44.47,0.000000
-26.38,44.47,0.000000
-25.88,44.47,0.000000
-25.38,44.47,0.000000
-24.87,44.47,0.000000
-24.37,44.47,0.000000
-23.87,44.47,0.000000
-23.37,44.47,0.000000
-22.86,44.47,0.000000
-22.36,44.47,0.000000
-21.86,44.47,0.000000
-21.36,44.47,0.000000
-20.85,44.47,0.000000
-20.35,44.47,0.000000
-19.85,44.47,0.000000
-19.35,44.47,0.000000
-18.84,44.47,0.000000
-18.34,44.47,0.000000
-17.84,44.47,0.000000
-17.34,44.47,0.000000
-16.83,44.47,0.000000
-16.33,44.47,0.000000
-15.83,44.47,0.000000
-15.33,44.47,0.000000
-14.82,44.47,0.000000
-14.32,44.47,0.000000
-13.82,44.47,0.000000
-13.32,44.47,0.000000
-12.81,44.47,0.000000
-12.31,44.47,0.000000
-11.81,44.47,0.000000
-11.31,44.47,0.000000
-10.80,44.47,0.000000
-10.30,44.47,0.000000
-9.80,44.47,0.000000
-9.30,44.47,0.000000
-8.79,44.47,0.000000
-8.29,44.47,0.000000
-7.79,44.47,0.000000
-7.29,44.47,0.000000
-6.78,44.47,0.000000
-6.28,44.47,0.000000
-5.78,44.47,0.000000
-5.28,44.47,0.000000
-4.77,44.47,0.000000
-4.27,44.47,0.000000
-3.77,44.47,0.000000
-3.27,44.47,0.000000
-2.76,44.47,0.000000
-2.26,44.47,0.000000
-1.76,44.47,0.000000
-1.26,44.47,0.000000
-0.75,44.47,0.000000
-0.25,44.47,0.000000
0.25,44.47,0.001493
0.75,44.47,0.004478
1.26,44.47,0.007461
1.76,44.47,0.010442
2.26,44.47,0.013419
2.76,44.47,0.016390
3.27,44.47,0.019355
3.77,44.47,0.022313
4.27,44.47,0.025263
4.77,44.47,0.028203
5.28,44.47,0.031132
5.78,44.47,0.034050
6.28,44.47,0.036955
6.78,44.47,0.039847
7.29,44.47,0.042724
7.79,44.47,0.045585
8.29,44.47,0.048430
8.79,44.47,0.051258
9.30,44.47,0.054068
9.80,44.47,0.056858
10.30,44.47,0.059629
10.80,44.47,0.062379
11.31,44.47,0.065108
11.81,44.47,0.067815
12.31,44.47,0.070499
12.81,44.47,0.073160
13.32,44.47,0.075797
13.82,44.47,0.078410
14.32,44.47,0.080998
14.82,44.47,0.083560
15.33,44.47,0.086096
15.83,44.47,0.088606
16.33,44.47,0.091089
16.83,44.47,0.093545
17.34,44.47,0.095974
17.84,44.47,0.098375
18.34,44.47,0.100748
18.84,44.47,0.103093
19.35,44.47,0.105409
19.85,44.47,0.107697
20.35,44.47,0.109956
20.85,44.47,0.112187
21.36,44.47,0.114388
21.86,44.47,0.116561
22.36,44.47,0.118705
22.86,44.47,0.120819
23.37,44.47,0.122905
23.87,44.47,0.124962
24.37,44.47,0.126990
24.87,44.47,0.128989
25.38,44.47,0.130960
25.88,44.47,0.132902
26.38,44.47,0.134815
26.88,44.47,0.136701
27.39,44.47,0.138558
27.89,44.47,0.140387
28.39,44.47,0.142189
28.89,44.47,0.143963
29.40,44.47,0.145710
29.90,44.47,0.147430
30.40,44.47,0.149123
30.90,44.47,0.150790
31.41,44.47,0.152430
31.91,44.47,0.154044
32.41,44.47,0.155633
32.91,44.47,0.157196
33.42,44.47,0.158734
33.92,44.47,0.160248
34.42,44.47,0.161736
34.92,44.47,0.163201
35.43,44.47,0.164641
35.93,44.47,0.166058
36.43,44.47,0.167452
36.93,44.47,0.168823
37.44,44.47,0.170171
37.94,44.47,0.171496
38.44,44.47,0.172800
38.94,44.47,0.174082
39.45,44.47,0.175343
39.95,44.47,0.176583
40.45,44.47,0.177801
40.95,44.47,0.179000
41.46,44.47,0.180178
41.96,44.47,0.181337
42.46,44.47,0.182476
42.96,44.47,0.183597
43.47,44.47,0.184698
43.97,44.47,0.185781
44.47,44.47,0.186845
44.97,44.47,0.187892
45.48,44.47,0.188921
45.98,44.47,0.189933
46.48,44.47,0.190928
46.98,44.47,0.191906
47.49,44.47,0.192868
47.99,44.47,0.193813
48.49,44.47,0.194743
48.99,44.47,0.195657
49.50,44.47,0.196556
50.00,44.47,0.197440
-50.00,44.97,0.000000
-49.50,44.97,0.000000
-48.99,44.97,0.000000
-48.49,44.97,0.000000
-47.99,44.97,0.000000
-47.49,44.97,0.000000
-46.98,44.97,0.000000
-46.48,44.97,0.000000
-45.98,44.97,0.000000
-45.48,44.97,0.000000
-44.97,44.97,0.000000
-44.47,44.97,0.000000
-43.97,44.97,0.000000
-43.47,44.97,0.000000
-42.96,44.97,0.000000
-42.46,44.97,0.000000
-41.96,44.97,0.000000
-41.46,44.97,0.000000
-40.95,44.97,0.000000
-40.45,44.97,0.000000
-39.95,44.97,0.000000
-39.45,44.97,0.000000
-38.94,44.97,0.000000
-38.44,44.97,0.000000
-37.94,44.97,0.000000
-37.44,44.97,0.000000
-36.93,44.97,0.000000
-36.43,44.97,0.000000
-35.93,44.97,0.000000
-35.43,44.97,0.000000
-34.92,44.97,0.000000
-34.42,44.97,0.000000
-33.92,44.97,0.000000
-33.42,44.97,0.000000
-32.91,44.97,0.000000
-32.41,44.97,0.000000
-31.91,44.97,0.000000
-31.41,44.97,0.000000
-30.90,44.97,0.000000
-30.40,44.97,0.000000
-29.90,44.97,0.000000
-29.40,44.97,0.000000
-28.89,44.97,0.000000
-28.39,44.97,0.000000
-27.89,44.97,0.000000
-27.39,44.97,0.000000
-26.88,44.97,0.000000
-26.38,44.97,0.000000
-25.88,44.97,0.000000
-25.38,44.97,0.000000
-24.87,44.97,0.000000
-24.37,44.97,0.000000
-23.87,44.97,0.000000
-23.37,44.97,0.000000
-22.86,44.97,0.000000
-22.36,44.97,0.000000
-21.86,44.97,0.000000
-21.36,44.97,0.000000
-20.85,44.97,0.000000
-20.35,44.97,0.000000
-19.85,44.97,0.000000
-19.35,44.97,0.000000
-18.84,44.97,0.000000
-18.34,44.97,0.000000
-17.84,44.97,0.000000
-17.34,44.97,0.000000
-16.83,44.97,0.000000
-16.33,44.97,0.000000
-15.83,44.97,0.000000
-15.33,44.97,0.000000
-14.82,44.97,0.000000
-14.32,44.97,0.000000
-13.82,44.97,0.000000
-13.32,44.97,0.000000
-12.81,44.97,0.000000
-12.31,44.97,0.000000
-11.81,44.97,0.000000
-11.31,44.97,0.000000
-10.80,44.97,0.000000
-10.30,44.97,0.000000
-9.80,44.97,0.000000
-9.30,44.97,0.000000
-8.79,44.97,0.000000
-8.29,44.97,0.000000
-7.79,44.97,0.000000
-7.29,44.97,0.000000
-6.78,44.97,0.000000
-6.28,44.97,0.000000
-5.78,44.97,0.000000
-5.28,44.97,0.000000
-4.77,44.97,0.000000
-4.27,44.97,0.000000
-3.77,44.97,0.000000
-3.27,44.97,0.000000
-2.76,44.97,0.000000
-2.26,44.97,0.000000
-1.76,44.97,0.000000
-1.26,44.97,0.000000
-0.75,44.97,0.000000
-0.25,44.97,0.000000
0.25,44.97,0.001476
0.75,44.97,0.004428
1.26,44.97,0.007378
1.76,44.97,0.010325
2.26,44.97,0.013269
2.76,44.97,0.016208
3.27,44.97,0.019140
3.77,44.97,0.022066
4.27,44.97,0.024983
4.77,44.97,0.027891
5.28,44.97,0.030789
5.78,44.97,0.033676
6.28,44.97,0.036550
6.78,44.97,0.039411
7.29,44.97,0.042259
7.79,44.97,0.045091
8.29,44.97,0.047907
8.79,44.97,0.050707
9.30,44.97,0.053489
9.80,44.97,0.056252
10.30,44.97,0.058996
10.80,44.97,0.061721
11.31,44.97,0.064424
11.81,44.97,0.067107
12.31,44.97,0.069767
12.81,44.97,0.072405
13.32,44.97,0.075019
13.82,44.97,0.077610
14.32,44.97,0.080176
14.82,44.97,0.082718
15.33,44.97,0.085235
15.83,44.97,0.087726
16.33,44.97,0.090190
16.83,44.97,0.092629
17.34,44.97,0.095041
17.84,44.97,0.097426
18.34,44.97,0.099783
18.84,44.97,0.102114
19.35,44.97,0.104416
19.85,44.97,0.106691
20.35,44.97,0.108937
20.85,44.97,0.111156
21.36,44.97,0.113346
21.86,44.97,0.115509
22.36,44.97,0.117642
22.86,44.97,0.119748
23.37,44.97,0.121825
23.87,44.97,0.123874
24.37,44.97,0.125894
24.87,44.97,0.127887
25.38,44.97,0.129851
25.88,44.97,0.131788
26.38,44.97,0.133696
26.88,44.97,0.135577
27.39,44.97,0.137430
27.89,44.97,0.139256
28.39,44.97,0.141055
28.89,44.97,0.142827
29.40,44.97,0.144571
29.90,44.97,0.146290
30.40,44.97,0.147982
30.90,44.97,0.149647
31.41,44.97,0.151287
31.91,44.97,0.152902
32.41,44.97,0.154491
32.91,44.97,0.156055
33.42,44.97,0.157594
33.92,44.97,0.159109
34.42,44.97,0.160599
34.92,44.97,0.162066
35.43,44.97,0.163509
35.93,44.97,0.164928
36.43,44.97,0.166325
36.93,44.97,0.167699
37.44,44.97,0.169050
37.94,44.97,0.170380
38.44,44.97,0.171687
38.94,44.97,0.172973
39.45,44.97,0.174238
39.95,44.97,0.175482
40.45,44.97,0.176706
40.95,44.97,0.177909
41.46,44.97,0.179093
41.96,44.97,0.180257
42.46,44.97,0.181401
42.96,44.97,0.182527
43.47,44.97,0.183634
43.97,44.97,0.184722
44.47,44.97,0.185793
44.97,44.97,0.186845
45.48,44.97,0.187880
45.98,44.97,0.188898
46.48,44.97,0.189899
46.98,44.97,0.190884
47.49,44.97,0.191852
47.99,44.97,0.192804
48.49,44.97,0.193740
48.99,44.97,0.194661
49.50,44.97,0.195566
50.00,44.97,0.196456
-50.00,45.48,0.000000
-49.50,45.48,0.000000
-48.99,45.48,0.000000
-48.49,45.48,0.000000
-47.99,45.48,0.000000
-47.49,45.48,0.000000
-46.98,45.48,0.000000
-46.48,45.48,0.000000
-45.98,45.48,0.000000
-45.48,45.48,0.000000
-44.97,45.48,0.000000
-44.47,45.48,0.000000
-43.97,45.48,0.000000
-43.47,45.48,0.000000
-42.96,45.48,0.000000
-42.46,45.48,0.000000
-41.96,45.48,0.000000
-41.46,45.48,0.000000
-40.95,45.48,0.000000
-40.45,45.48,0.000000
-39.95,45.48,0.000000
-39.45,45.48,0.000000
-38.94,45.48,0.000000
-38.44,45.48,0.000000
-37.94,45.48,0.000000
-37.44,45.48,0.000000
-36.93,45.48,0.000000
-36.43,45.48,0.000000
-35.93,45.48,0.000000
-35.43,45.48,0.000000
-34.92,45.48,0.000000
-34.42,45.48,0.000000
-33.92,45.48,0.000000
-33.42,45.48,0.000000
-32.91,45.48,0.000000
-32.41,45.48,0.000000
-31.91,45.48,0.000000
-31.41,45.48,0.000000
-30.90,45.48,0.000000
-30.40,45.48,0.000000
-29.90,45.48,0.000000
-29.40,45.48,0.000000
-28.89,45.48,0.000000
-28.39,45.48,0.000000
-27.89,45.48,0.000000
-27.39,45.48,0.000000
-26.88,45.48,0.000000
-26.38,45.48,0.000000
-25.88,45.48,0.000000
-25.38,45.48,0.000000
-24.87,45.48,0.000000
-24.37,45.48,0.000000
-23.87,45.48,0.000000
-23.37,45.48,0.000000
-22.86,45.48,0.000000
-22.36,45.48,0.000000
-21.86,45.48,0.000000
-21.36,45.48,0.000000
-20.85,45.48,0.000000
-20.35,45.48,0.000000
-19.85,45.48,0.000000
-19.35,45.48,0.000000
-18.84,45.48,0.000000
-18.34,45.48,0.000000
-17.84,45.48,0.000000
-17.34,45.48,0.000000
-16.83,45.48,0.000000
-16.33,45.48,0.000000
-15.83,45.48,0.000000
-15.33,45.48,0.000000
-14.82,45.48,0.000000
-14.32,45.48,0.000000
-13.82,45.48,0.000000
-13.32,45.48,0.000000
-12.81,45.48,0.000000
-12.31,45.48,0.000000
-11.81,45.48,0.000000
-11.31,45.48,0.000000
-10.80,45.48,0.000000
-10.30,45.48,0.000000
-9.80,45.48,0.000000
-9.30,45.48,0.000000
-8.79,45.48,0.000000
-8.29,45.48,0.000000
-7.79,45.48,0.000000
-7.29,45.48,0.000000
-6.78,45.48,0.000000
-6.28,45.48,0.000000
-5.78,45.48,0.000000
-5.28,45.48,0.000000
-4.77,45.48,0.000000
-4.27,45.48,0.000000
-3.77,45.48,0.000000
-3.27,45.48,0.000000
-2.76,45.48,0.000000
-2.26,45.48,0.000000
-1.76,45.48,0.000000
-1.26,45.48,0.000000
-0.75,45.48,0.000000
-0.25,45.48,0.000000
0.25,45.48,0.001460
0.75,45.48,0.004379
1.26,45.48,0.007297
1.76,45.48,0.010212
2.26,45.48,0.013123
2.76,45.48,0.016029
3.27,45.48,0.018930
3.77,45.48,0.021823
4.27,45.48,0.024709
4.77,45.48,0.027586
5.28,45.48,0.030453
5.78,45.48,0.033309
6.28,45.48,0.036154
6.78,45.48,0.038986
7.29,45.48,0.041803
7.79,45.48,0.044607
8.29,45.48,0.047395
8.79,45.48,0.050167
9.30,45.48,0.052921
9.80,45.48,0.055658
10.30,45.48,0.058376
10.80,45.48,0.061075
11.31,45.48,0.063754
11.81,45.48,0.066412
12.31,45.48,0.069049
12.81,45.48,0.071664
13.32,45.48,0.074256
13.82,45.48,0.076825
14.32,45.48,0.079371
14.82,45.48,0.081892
15.33,45.48,0.084389
15.83,45.48,0.086861
16.33,45.48,0.089308
16.83,45.48,0.091729
17.34,45.48,0.094125
17.84,45.48,0.096494
18.34,45.48,0.098836
18.84,45.48,0.101151
19.35,45.48,0.103440
19.85,45.48,0.105701
20.35,45.48,0.107936
20.85,45.48,0.110142
21.36,45.48,0.112321
21.86,45.48,0.114473
22.36,45.48,0.116597
22.86,45.48,0.118693
23.37,45.48,0.120761
23.87,45.48,0.122802
24.37,45.48,0.124815
24.87,45.48,0.126801
25.38,45.48,0.128759
25.88,45.48,0.130689
26.38,45.48,0.132592
26.88,45.48,0.134469
27.39,45.48,0.136318
27.89,45.48,0.138140
28.39,45.48,0.139935
28.89,45.48,0.141704
29.40,45.48,0.143447
29.90,45.48,0.145163
30.40,45.48,0.146853
30.90,45.48,0.148518
31.41,45.48,0.150158
31.91,45.48,0.151772
32.41,45.48,0.153361
32.91,45.48,0.154925
33.42,45.48,0.156465
33.92,45.48,0.157981
34.42,45.48,0.159473
34.92,45.48,0.160942
35.43,45.48,0.162387
35.93,45.48,0.163809
36.43,45.48,0.165208
36.93,45.48,0.166585
37.44,45.48,0.167939
37.94,45.48,0.169272
38.44,45.48,0.170583
38.94,45.48,0.171873
39.45,45.48,0.173142
39.95,45.48,0.174391
40.45,45.48,0.175619
40.95,45.48,0.176827
41.46,45.48,0.178015
41.96,45.48,0.179184
42.46,45.48,0.180333
42.96,45.48,0.181464
43.47,45.48,0.182576
43.97,45.48,0.183670
44.47,45.48,0.184746
44.97,45.48,0.185804
45.48,45.48,0.186845
45.98,45.48,0.187869
46.48,45.48,0.188876
46.98,45.48,0.189866
47.49,45.48,0.190841
47.99,45.48,0.191799
48.49,45.48,0.192741
48.99,45.48,0.193668
49.50,45.48,0.194580
50.00,45.48,0.195477
-50.00,45.98,0.000000
-49.50,45.98,0.000000
-48.99,45.98,0.000000
-48.49,45.98,0.000000
-47.99,45.98,0.000000
-47.49,45.98,0.000000
-46.98,45.98,0.000000
-46.48,45.98,0.000000
-45.98,45.98,0.000000
-45.48,45.98,0.000000
-44.97,45.98,0.000000
-44.47,45.98,0.000000
-43.97,45.98,0.000000
-43.47,45.98,0.000000
-42.96,45.98,0.000000
-42.46,45.98,0.000000
-41.96,45.98,0.000000
-41.46,45.98,0.000000
-40.95,45.98,0.000000
-40.45,45.98,0.000000
-39.95,45.98,0.000000
-39.45,45.98,0.000000
-38.94,45.98,0.000000
-38.44,45.98,0.000000
-37.94,45.98,0.000000
-37.44,45.98,0.000000
-36.93,45.98,0.000000
-36.43,45.98,0.000000
-35.93,45.98,0.000000
-35.43,45.98,0.000000
-34.92,45.98,0.000000
-34.42,45.98,0.000000
-33.92,45.98,0.000000
-33.42,45.98,0.000000
-32.91,45.98,0.000000
-32.41,45.98,0.000000
-31.91,45.98,0.000000
-31.41,45.98,0.000000
-30.90,45.98,0.000000
-30.40,45.98,0.000000
-29.90,45.98,0.000000
-29.40,45.98,0.000000
-28.89,45.98,0.000000
-28.39,45.98,0.000000
-27.89,45.98,0.000000
-27.39,45.98,0.000000
-26.88,45.98,0.000000
-26.38,45.98,0.000000
-25.88,45.98,0.000000
-25.38,45.98,0.000000
-24.87,45.98,0.000000
-24.37,45.98,0.000000
-23.87,45.98,0.000000
-23.37,45.98,0.000000
-22.86,45.98,0.000000
-22.36,45.98,0.000000
-21.86,45.98,0.000000
-21.36,45.98,0.000000
-20.85,45.98,0.000000
-20.35,45.98,0.000000
-19.85,45.98,0.000000
-19.35,45.98,0.000000
-18.84,45.98,0.000000
-18.34,45.98,0.000000
-17.84,45.98,0.000000
-17.34,45.98,0.000000
-16.83,45.98,0.000000
-16.33,45.98,0.000000
-15.83,45.98,0.000000
-15.33,45.98,0.000000
-14.82,45.98,0.000000
-14.32,45.98,0.000000
-13.82,45.98,0.000000
-13.32,45.98,0.000000
-12.81,45.98,0.000000
-12.31,45.98,0.000000
-11.81,45.98,0.000000
-11.31,45.98,0.000000
-10.80,45.98,0.000000
-10.30,45.98,0.000000
-9.80,45.98,0.000000
-9.30,45.98,0.000000
-8.79,45.98,0.000000
-8.29,45.98,0.000000
-7.79,45.98,0.000000
-7.29,45.98,0.000000
-6.78,45.98,0.000000
-6.28,45.98,0.000000
-5.78,45.98,0.000000
-5.28,45.98,0.000000
-4.77,45.98,0.000000
-4.27,45.98,0.000000
-3.77,45.98,0.000000
-3.27,45.98,0.000000
-2.76,45.98,0.000000
-2.26,45.98,0.000000
-1.76,45.98,0.000000
-1.26,45.98,0.000000
-0.75,45.98,0.000000
-0.25,45.98,0.000000
0.25,45.98,0.001444
0.75,45.98,0.004331
1.26,45.98,0.007217
1.76,45.98,0.010100
2.26,45.98,0.012980
2.76,45.98,0.015855
3.27,45.98,0.018724
3.77,45.98,0.021587
4.27,45.98,0.024442
4.77,45.98,0.027288
5.28,45.98,0.030125
5.78,45.98,0.032951
6.28,45.98,0.035766
6.78,45.98,0.038569
7.29,45.98,0.041358
7.79,45.98,0.044133
8.29,45.98,0.046893
8.79,45.98,0.049638
9.30,45.98,0.052366
9.80,45.98,0.055076
10.30,45.98,0.057769
10.80,45.98,0.060443
11.31,45.98,0.063097
11.81,45.98,0.065731
12.31,45.98,0.068345
12.81,45.98,0.070937
13.32,45.98,0.073507
13.82,45.98,0.076055
14.32,45.98,0.078580
14.82,45.98,0.081082
15.33,45.98,0.083560
15.83,45.98,0.086013
16.33,45.98,0.088442
16.83,45.98,0.090846
17.34,45.98,0.093225
17.84,45.98,0.095578
18.34,45.98,0.097905
18.84,45.98,0.100206
19.35,45.98,0.102480
19.85,45.98,0.104729
20.35,45.98,0.106950
20.85,45.98,0.109145
21.36,45.98,0.111313
21.86,45.98,0.113453
22.36,45.98,0.115567
22.86,45.98,0.117654
23.37,45.98,0.119713
23.87,45.98,0.121746
24.37,45.98,0.123751
24.87,45.98,0.125730
25.38,45.98,0.127681
25.88,45.98,0.129606
26.38,45.98,0.131504
26.88,45.98,0.133375
27.39,45.98,0.135219
27.89,45.98,0.137038
28.39,45.98,0.138830
28.89,45.98,0.140596
29.40,45.98,0.142335
29.90,45.98,0.144050
30.40,45.98,0.145739
30.90,45.98,0.147402
31.41,45.98,0.149041
31.91,45.98,0.150654
32.41,45.98,0.152243
32.91,45.98,0.153808
33.42,45.98,0.155349
33.92,45.98,0.156865
34.42,45.98,0.158358
34.92,45.98,0.159828
35.43,45.98,0.161275
35.93,45.98,0.162699
36.43,45.98,0.164101
36.93,45.98,0.165480
37.44,45.98,0.166838
37.94,45.98,0.168174
38.44,45.98,0.169488
38.94,45.98,0.170782
39.45,45.98,0.172055
39.95,45.98,0.173307
40.45,45.98,0.174539
40.95,45.98,0.175752
41.46,45.98,0.176944
41.96,45.98,0.178118
42.46,45.98,0.179272
42.96,45.98,0.180408
43.47,45.98,0.181525
43.97,45.98,0.182624
44.47,45.98,0.183706
44.97,45.98,0.184769
45.48,45.98,0.185816
45.98,45.98,0.186845
46.48,45.98,0.187858
46.98,45.98,0.188854
47.49,45.98,0.189834
47.99,45.98,0.190798
48.49,45.98,0.191747
48.99,45.98,0.192680
49.50,45.98,0.193598
50.00,45.98,0.194501
-50.00,46.48,0.000000
-49.50,46.48,0.000000
-48.99,46.48,0.000000
-48.49,46.48,0.000000
-47.99,46.48,0.000000
-47.49,46.48,0.000000
-46.98,46.48,0.000000
-46.48,46.48,0.000000
-45.98,46.48,0.000000
-45.48,46.48,0.000000
-44.97,46.48,0.000000
-44.47,46.48,0.000000
-43.97,46.48,0.000000
-43.47,46.48,0.000000
-42.96,46.48,0.000000
-42.46,46.48,0.000000
-41.96,46.48,0.000000
-41.46,46.48,0.000000
-40.95,46.48,0.000000
-40.45,46.48,0.000000
-39.95,46.48,0.000000
-39.45,46.48,0.000000
-38.94,46.48,0.000000
-38.44,46.48,0.000000
-37.94,46.48,0.000000
-37.44,46.48,0.000000
-36.93,46.48,0.000000
-36.43,46.48,0.000000
-35.93,46.48,0.000000
-35.43,46.48,0.000000
-34.92,46.48,0.000000
-34.42,46.48,0.000000
-33.92,46.48,0.000000
-33.42,46.48,0.000000
-32.91,46.48,0.000000
-32.41,46.48,0.000000
-31.91,46.48,0.000000
-31.41,46.48,0.000000
-30.90,46.48,0.000000
-30.40,46.48,0.000000
-29.90,46.48,0.000000
-29.40,46.48,0.000000
-28.89,46.48,0.000000
-28.39,46.48,0.000000
-27.89,46.48,0.000000
-27.39,46.48,0.000000
-26.88,46.48,0.000000
-26.38,46.48,0.000000
-25.88,46.48,0.000000
-25.38,46.48,0.000000
-24.87,46.48,0.000000
-24.37,46.48,0.000000
-23.87,46.48,0.000000
-23.37,46.48,0.000000
-22.86,46.48,0.000000
-22.36,46.48,0.000000
-21.86,46.48,0.000000
-21.36,46.48,0.000000
-20.85,46.48,0.000000
-20.35,46.48,0.000000
-19.85,46.48,0.000000
-19.35,46.48,0.000000
-18.84,46.48,0.000000
-18.34,46.48,0.000000
-17.84,46.48,0.000000
-17.34,46.48,0.000000
-16.83,46.48,0.000000
-16.33,46.48,0.000000
-15.83,46.48,0.000000
-15.33,46.48,0.000000
-14.82,46.48,0.000000
-14.32,46.48,0.000000
-13.82,46.48,0.000000
-13.32,46.48,0.000000
-12.81,46.48,0.000000
-12.31,46.48,0.000000
-11.81,46.48,0.000000
-11.31,46.48,0.000000
-10.80,46.48,0.000000
-10.30,46.48,0.000000
-9.80,46.48,0.000000
-9.30,46.48,0.000000
-8.79,46.48,0.000000
-8.29,46.48,0.000000
-7.79,46.48,0.000000
-7.29,46.48,0.000000
-6.78,46.48,0.000000
-6.28,46.48,0.000000
-5.78,46.48,0.000000
-5.28,46.48,0.000000
-4.77,46.48,0.000000
-4.27,46.48,0.000000
-3.77,46.48,0.000000
-3.27,46.48,0.000000
-2.76,46.48,0.000000
-2.26,46.48,0.000000
-1.76,46.48,0.000000
-1.26,46.48,0.000000
-0.75,46.48,0.000000
-0.25,46.48,0.000000
0.25,46.48,0.001428
0.75,46.48,0.004284
1.26,46.48,0.007139
1.76,46.48,0.009991
2.26,46.48,0.012840
2.76,46.48,0.015684
3.27,46.48,0.018522
3.77,46.48,0.021355
4.27,46.48,0.024180
4.77,46.48,0.026996
5.28,46.48,0.029803
5.78,46.48,0.032600
6.28,46.48,0.035386
6.78,46.48,0.038160
7.29,46.48,0.040922
7.79,46.48,0.043669
8.29,46.48,0.046402
8.79,46.48,0.049120
9.30,46.48,0.051822
9.80,46.48,0.054506
10.30,46.48,0.057174
10.80,46.48,0.059823
11.31,46.48,0.062453
11.81,46.48,0.065064
12.31,46.48,0.067655
12.81,46.48,0.070225
13.32,46.48,0.072773
13.82,46.48,0.075300
14.32,46.48,0.077805
14.82,46.48,0.080287
15.33,46.48,0.082745
15.83,46.48,0.085180
16.33,46.48,0.087592
16.83,46.48,0.089978
17.34,46.48,0.092340
17.84,46.48,0.094678
18.34,46.48,0.096990
18.84,46.48,0.099276
19.35,46.48,0.101537
19.85,46.48,0.103772
20.35,46.48,0.105981
20.85,46.48,0.108163
21.36,46.48,0.110320
21.86,46.48,0.112450
22.36,46.48,0.114554
22.86,46.48,0.116631
23.37,46.48,0.118682
23.87,46.48,0.120706
24.37,46.48,0.122703
24.87,46.48,0.124675
25.38,46.48,0.126619
25.88,46.48,0.128538
26.38,46.48,0.130430
26.88,46.48,0.132296
27.39,46.48,0.134136
27.89,46.48,0.135950
28.39,46.48,0.137738
28.89,46.48,0.139501
29.40,46.48,0.141238
29.90,46.48,0.142950
30.40,46.48,0.144637
30.90,46.48,0.146299
31.41,46.48,0.147936
31.91,46.48,0.149549
32.41,46.48,0.151138
32.91,46.48,0.152702
33.42,46.48,0.154243
33.92,46.48,0.155761
34.42,46.48,0.157255
34.92,46.48,0.158726
35.43,46.48,0.160175
35.93,46.48,0.161601
36.43,46.48,0.163004
36.93,46.48,0.164386
37.44,46.48,0.165746
37.94,46.48,0.167085
38.44,46.48,0.168403
38.94,46.48,0.169700
39.45,46.48,0.170976
39.95,46.48,0.172232
40.45,46.48,0.173468
40.95,46.48,0.174684
41.46,46.48,0.175881
41.96,46.48,0.177059
42.46,46.48,0.178218
42.96,46.48,0.179359
43.47,46.48,0.180481
43.97,46.48,0.181585
44.47,46.48,0.182671
44.97,46.48,0.183740
45.48,46.48,0.184792
45.98,46.48,0.185827
46.48,46.48,0.186845
46.98,46.48,0.187847
47.49,46.48,0.188833
47.99,46.48,0.189803
48.49,46.48,0.190757
48.99,46.48,0.191696
49.50,46.48,0.192620
50.00,46.48,0.193529
-50.00,46.98,0.000000
-49.50,46.98,0.000000
-48.99,46.98,0.000000
-48.49,46.98,0.000000
-47.99,46.98,0.000000
-47.49,46.98,0.000000
-46.98,46.98,0.000000
-46.48,46.98,0.000000
-45.98,46.98,0.000000
-45.48,46.98,0.000000
-44.97,46.98,0.000000
-44.47,46.98,0.000000
-43.97,46.98,0.000000
-43.47,46.98,0.000000
-42.96,46.98,0.000000
-42.46,46.98,0.000000
-41.96,46.98,0.000000
-41.46,46.98,0.000000
-40.95,46.98,0.000000
-40.45,46.98,0.000000
-39.95,46.98,0.000000
-39.45,46.98,0.000000
-38.94,46.98,0.000000
-38.44,46.98,0.000000
-37.94,46.98,0.000000
-37.44,46.98,0.000000
-36.93,46.98,0.000000
-36.43,46.98,0.000000
-35.93,46.98,0.000000
-35.43,46.98,0.000000
-34.92,46.98,0.000000
-34.42,46.98,0.000000
-33.92,46.98,0.000000
-33.42,46.98,0.000000
-32.91,46.98,0.000000
-32.41,46.98,0.000000
-31.91,46.98,0.000000
-31.41,46.98,0.000000
-30.90,46.98,0.000000
-30.40,46.98,0.000000
-29.90,46.98,0.000000
-29.40,46.98,0.000000
-28.89,46.98,0.000000
-28.39,46.98,0.000000
-27.89,46.98,0.000000
-27.39,46.98,0.000000
-26.88,46.98,0.000000
-26.38,46.98,0.000000
-25.88,46.98,0.000000
-25.38,46.98,0.000000
-24.87,46.98,0.000000
-24.37,46.98,0.000000
-23.87,46.98,0.000000
-23.37,46.98,0.000000
-22.86,46.98,0.000000
-22.36,46.98,0.000000
-21.86,46.98,0.000000
-21.36,46.98,0.000000
-20.85,46.98,0.000000
-20.35,46.98,0.000000
-19.85,46.98,0.000000
-19.35,46.98,0.000000
-18.84,46.98,0.000000
-18.34,46.98,0.000000
-17.84,46.98,0.000000
-17.34,46.98,0.000000
-16.83,46.98,0.000000
-16.33,46.98,0.000000
-15.83,46.98,0.000000
-15.33,46.98,0.000000
-14.82,46.98,0.000000
-14.32,46.98,0.000000
-13.82,46.98,0.000000
-13.32,46.98,0.000000
-12.81,46.98,0.000000
-12.31,46.98,0.000000
-11.81,46.98,0.000000
-11.31,46.98,0.000000
-10.80,46.98,0.000000
-10.30,46.98,0.000000
-9.80,46.98,0.000000
-9.30,46.98,0.000000
-8.79,46.98,0.000000
-8.29,46.98,0.000000
-7.79,46.98,0.000000
-7.29,46.98,0.000000
-6.78,46.98,0.000000
-6.28,46.98,0.000000
-5.78,46.98,0.000000
-5.28,46.98,0.000000
-4.77,46.98,0.000000
-4.27,46.98,0.000000
-3.77,46.98,0.000000
-3.27,46.98,0.000000
-2.76,46.98,0.000000
-2.26,46.98,0.000000
-1.76,46.98,0.000000
-1.26,46.98,0.000000
-0.75,46.98,0.000000
-0.25,46.98,0.000000
0.25,46.98,0.001413
0.75,46.98,0.004239
1.26,46.98,0.007063
1.76,46.98,0.009884
2.26,46.98,0.012703
2.76,46.98,0.015517
3.27,46.98,0.018325
3.77,46.98,0.021128
4.27,46.98,0.023923
4.77,46.98,0.026710
5.28,46.98,0.029489
5.78,46.98,0.032257
6.28,46.98,0.035015
6.78,46.98,0.037761
7.29,46.98,0.040494
7.79,46.98,0.043215
8.29,46.98,0.045921
8.79,46.98,0.048612
9.30,46.98,0.051288
9.80,46.98,0.053948
10.30,46.98,0.056591
10.80,46.98,0.059216
11.31,46.98,0.061822
11.81,46.98,0.064410
12.31,46.98,0.066978
12.81,46.98,0.069526
13.32,46.98,0.072053
13.82,46.98,0.074559
14.32,46.98,0.077044
14.82,46.98,0.079506
15.33,46.98,0.081946
15.83,46.98,0.084363
16.33,46.98,0.086756
16.83,46.98,0.089126
17.34,46.98,0.091472
17.84,46.98,0.093793
18.34,46.98,0.096090
18.84,46.98,0.098362
19.35,46.98,0.100609
19.85,46.98,0.102831
20.35,46.98,0.105027
20.85,46.98,0.107198
21.36,46.98,0.109343
21.86,46.98,0.111462
22.36,46.98,0.113556
22.86,46.98,0.115623
23.37,46.98,0.117665
23.87,46.98,0.119681
24.37,46.98,0.121670
24.87,46.98,0.123634
25.38,46.98,0.125572
25.88,46.98,0.127484
26.38,46.98,0.129371
26.88,46.98,0.131231
27.39,46.98,0.133067
27.89,46.98,0.134876
28.39,46.98,0.136661
28.89,46.98,0.138420
29.40,46.98,0.140154
29.90,46.98,0.141864
30.40,46.98,0.143548
30.90,46.98,0.145208
31.41,46.98,0.146844
31.91,46.98,0.148456
32.41,46.98,0.150044
32.91,46.98,0.151609
33.42,46.98,0.153150
33.92,46.98,0.154668
34.42,46.98,0.156163
34.92,46.98,0.157635
35.43,46.98,0.159085
35.93,46.98,0.160512
36.43,46.98,0.161918
36.93,46.98,0.163302
37.44,46.98,0.164664
37.94,46.98,0.166006
38.44,46.98,0.167326
38.94,46.98,0.168626
39.45,46.98,0.169906
39.95,46.98,0.171165
40.45,46.98,0.172405
40.95,46.98,0.173625
41.46,46.98,0.174826
41.96,46.98,0.176008
42.46,46.98,0.177172
42.96,46.98,0.178317
43.47,46.98,0.179443
43.97,46.98,0.180552
44.47,46.98,0.181644
44.97,46.98,0.182718
45.48,46.98,0.183774
45.98,46.98,0.184815
46.48,46.98,0.185838
46.98,46.98,0.186845
47.49,46.98,0.187836
47.99,46.98,0.188812
48.49,46.98,0.189772
48.99,46.98,0.190716
49.50,46.98,0.191646
50.00,46.98,0.192561
-50.00,47.49,0.000000
-49.50,47.49,0.000000
-48.99,47.49,0.000000
-48.49,47.49,0.000000
-47.99,47.49,0.000000
-47.49,47.49,0.000000
-46.98,47.49,0.000000
-46.48,47.49,0.000000
-45.98,47.49,0.000000
-45.48,47.49,0.000000
-44.97,47.49,0.000000
-44.47,47.49,0.000000
-43.97,47.49,0.000000
-43.47,47.49,0.000000
-42.96,47.49,0.000000
-42.46,47.49,0.000000
-41.96,47.49,0.000000
-41.46,47.49,0.000000
-40.95,47.49,0.000000
-40.45,47.49,0.000000
-39.95,47.49,0.000000
-39.45,47.49,0.000000
-38.94,47.49,0.000000
-38.44,47.49,0.000000
-37.94,47.49,0.000000
-37.44,47.49,0.000000
-36.93,47.49,0.000000
-36.43,47.49,0.000000
-35.93,47.49,0.000000
-35.43,47.49,0.000000
-34.92,47.49,0.000000
-34.42,47.49,0.000000
-33.92,47.49,0.000000
-33.42,47.49,0.000000
-32.91,47.49,0.000000
-32.41,47.49,0.000000
-31.91,47.49,0.000000
-31.41,47.49,0.000000
-30.90,47.49,0.000000
-30.40,47.49,0.000000
-29.90,47.49,0.000000
-29.40,47.49,0.000000
-28.89,47.49,0.000000
-28.39,47.49,0.000000
-27.89,47.49,0.000000
-27.39,47.49,0.000000
-26.88,47.49,0.000000
-26.38,47.49,0.000000
-25.88,47.49,0.000000
-25.38,47.49,0.000000
-24.87,47.49,0.000000
-24.37,47.49,0.000000
-23.87,47.49,0.000000
-23.37,47.49,0.000000
-22.86,47.49,0.000000
-22.36,47.49,0.000000
-21.86,47.49,0.000000
-21.36,47.49,0.000000
-20.85,47.49,0.000000
-20.35,47.49,0.000000
-19.85,47.49,0.000000
-19.35,47.49,0.000000
-18.84,47.49,0.000000
-18.34,47.49,0.000000
-17.84,47.49,0.000000
-17.34,47.49,0.000000
-16.83,47.49,0.000000
-16.33,47.49,0.000000
-15.83,47.49,0.000000
-15.33,47.49,0.000000
-14.82,47.49,0.000000
-14.32,47.49,0.000000
-13.82,47.49,0.000000
-13.32,47.49,0.000000
-12.81,47.49,0.000000
-12.31,47.49,0.000000
-11.81,47.49,0.000000
-11.31,47.49,0.000000
-10.80,47.49,0.000000
-10.30,47.49,0.000000
-9.80,47.49,0.000000
-9.30,47.49,0.000000
-8.79,47.49,0.000000
-8.29,47.49,0.000000
-7.79,47.49,0.000000
-7.29,47.49,0.000000
-6.78,47.49,0.000000
-6.28,47.49,0.000000
-5.78,47.49,0.000000
-5.28,47.49,0.000000
-4.77,47.49,0.000000
-4.27,47.49,0.000000
-3.77,47.49,0.000000
-3.27,47.49,0.000000
-2.76,47.49,0.000000
-2.26,47.49,0.000000
-1.76,47.49,0.000000
-1.26,47.49,0.000000
-0.75,47.49,0.000000
-0.25,47.49,0.000000
0.25,47.49,0.001398
0.75,47.49,0.004194
1.26,47.49,0.006988
1.76,47.49,0.009780
2.26,47.49,0.012569
2.76,47.49,0.015353
3.27,47.49,0.018132
3.77,47.49,0.020906
4.27,47.49,0.023672
4.77,47.49,0.026431
5.28,47.49,0.029180
5.78,47.49,0.031921
6.28,47.49,0.034650
6.78,47.49,0.037369
7.29,47.49,0.040076
7.79,47.49,0.042769
8.29,47.49,0.045449
8.79,47.49,0.048115
9.30,47.49,0.050766
9.80,47.49,0.053400
10.30,47.49,0.056019
10.80,47.49,0.058620
11.31,47.49,0.061203
11.81,47.49,0.063768
12.31,47.49,0.066314
12.81,47.49,0.068840
13.32,47.49,0.071347
13.82,47.49,0.073832
14.32,47.49,0.076297
14.82,47.49,0.078740
15.33,47.49,0.081161
15.83,47.49,0.083560
16.33,47.49,0.085936
16.83,47.49,0.088289
17.34,47.49,0.090618
17.84,47.49,0.092924
18.34,47.49,0.095206
18.84,47.49,0.097463
19.35,47.49,0.099697
19.85,47.49,0.101905
20.35,47.49,0.104089
20.85,47.49,0.106248
21.36,47.49,0.108381
21.86,47.49,0.110490
22.36,47.49,0.112573
22.86,47.49,0.114631
23.37,47.49,0.116664
23.87,47.49,0.118671
24.37,47.49,0.120652
24.87,47.49,0.122609
25.38,47.49,0.124540
25.88,47.49,0.126445
26.38,47.49,0.128326
26.88,47.49,0.130181
27.39,47.49,0.132011
27.89,47.49,0.133816
28.39,47.49,0.135597
28.89,47.49,0.137352
29.40,47.49,0.139083
29.90,47.49,0.140790
30.40,47.49,0.142472
30.90,47.49,0.144131
31.41,47.49,0.145765
31.91,47.49,0.147376
32.41,47.49,0.148963
32.91,47.49,0.150527
33.42,47.49,0.152068
33.92,47.49,0.153586
34.42,47.49,0.155081
34.92,47.49,0.156554
35.43,47.49,0.158005
35.93,47.49,0.159434
36.43,47.49,0.160841
36.93,47.49,0.162227
37.44,47.49,0.163592
37.94,47.49,0.164936
38.44,47.49,0.166259
38.94,47.49,0.167562
39.45,47.49,0.168844
39.95,47.49,0.170107
40.45,47.49,0.171350
40.95,47.49,0.172574
41.46,47.49,0.173779
41.96,47.49,0.174965
42.46,47.49,0.176132
42.96,47.49,0.177282
43.47,47.49,0.178413
43.97,47.49,0.179526
44.47,47.49,0.180622
44.97,47.49,0.181701
45.48,47.49,0.182763
45.98,47.49,0.183808
46.48,47.49,0.184836
46.98,47.49,0.185849
47.49,47.49,0.186845
47.99,47.49,0.187826
48.49,47.49,0.188791
48.99,47.49,0.189742
49.50,47.49,0.190677
50.00,47.49,0.191597
-50.00,47.99,0.000000
-49.50,47.99,0.000000
-48.99,47.99,0.000000
-48.49,47.99,0.000000
-47.99,47.99,0.000000
-47.49,47.99,0.000000
-46.98,47.99,0.000000
-46.48,47.99,0.000000
-45.98,47.99,0.000000
-45.48,47.99,0.000000
-44.97,47.99,0.000000
-44.47,47.99,0.000000
-43.97,47.99,0.000000
-43.47,47.99,0.000000
-42.96,47.99,0.000000
-42.46,47.99,0.000000
-41.96,47.99,0.000000
-41.46,47.99,0.000000
-40.95,47.99,0.000000
-40.45,47.99,0.000000
-39.95,47.99,0.000000
-39.45,47.99,0.000000
-38.94,47.99,0.000000
-38.44,47.99,0.000000
-37.94,47.99,0.000000
-37.44,47.99,0.000000
-36.93,47.99,0.000000
-36.43,47.99,0.000000
-35.93,47.99,0.000000
-35.43,47.99,0.000000
-34.92,47.99,0.000000
-34.42,47.99,0.000000
-33.92,47.99,0.000000
-33.42,47.99,0.000000
-32.91,47.99,0.000000
-32.41,47.99,0.000000
-31.91,47.99,0.000000
-31.41,47.99,0.000000
-30.90,47.99,0.000000
-30.40,47.99,0.000000
-29.90,47.99,0.000000
-29.40,47.99,0.000000
-28.89,47.99,0.000000
-28.39,47.99,0.000000
-27.89,47.99,0.000000
-27.39,47.99,0.000000
-26.88,47.99,0.000000
-26.38,47.99,0.000000
-25.88,47.99,0.000000
-25.38,47.99,0.000000
-24.87,47.99,0.000000
-24.37,47.99,0.000000
-23.87,47.99,0.000000
-23.37,47.99,0.000000
-22.86,47.99,0.000000
-22.36,47.99,0.000000
-21.86,47.99,0.000000
-21.36,47.99,0.000000
-20.85,47.99,0.000000
-20.35,47.99,0.000000
-19.85,47.99,0.000000
-19.35,47.99,0.000000
-18.84,47.99,0.000000
-18.34,47.99,0.000000
-17.84,47.99,0.000000
-17.34,47.99,0.000000
-16.83,47.99,0.000000
-16.33,47.99,0.000000
-15.83,47.99,0.000000
-15.33,47.99,0.000000
-14.82,47.99,0.000000
-14.32,47.99,0.000000
-13.82,47.99,0.000000
-13.32,47.99,0.000000
-12.81,47.99,0.000000
-12.31,47.99,0.000000
-11.81,47.99,0.000000
-11.31,47.99,0.000000
-10.80,47.99,0.000000
-10.30,47.99,0.000000
-9.80,47.99,0.000000
-9.30,47.99,0.000000
-8.79,47.99,0.000000
-8.29,47.99,0.000000
-7.79,47.99,0.000000
-7.29,47.99,0.000000
-6.78,47.99,0.000000
-6.28,47.99,0.000000
-5.78,47.99,0.000000
-5.28,47.99,0.000000
-4.77,47.99,0.000000
-4.27,47.99,0.000000
-3.77,47.99,0.000000
-3.27,47.99,0.000000
-2.76,47.99,0.000000
-2.26,47.99,0.000000
-1.76,47.99,0.000000
-1.26,47.99,0.000000
-0.75,47.99,0.000000
-0.25,47.99,0.000000
0.25,47.99,0.001383
0.75,47.99,0.004150
1.26,47.99,0.006915
1.76,47.99,0.009678
2.26,47.99,0.012437
2.76,47.99,0.015193
3.27,47.99,0.017943
3.77,47.99,0.020688
4.27,47.99,0.023426
4.77,47.99,0.026156
5.28,47.99,0.028878
5.78,47.99,0.031591
6.28,47.99,0.034294
6.78,47.99,0.036985
7.29,47.99,0.039665
7.79,47.99,0.042333
8.29,47.99,0.044987
8.79,47.99,0.047628
9.30,47.99,0.050253
9.80,47.99,0.052864
10.30,47.99,0.055458
10.80,47.99,0.058036
11.31,47.99,0.060596
11.81,47.99,0.063139
12.31,47.99,0.065663
12.81,47.99,0.068168
13.32,47.99,0.070653
13.82,47.99,0.073119
14.32,47.99,0.075564
14.82,47.99,0.077988
15.33,47.99,0.080390
15.83,47.99,0.082771
16.33,47.99,0.085130
16.83,47.99,0.087466
17.34,47.99,0.089779
17.84,47.99,0.092070
18.34,47.99,0.094337
18.84,47.99,0.096580
19.35,47.99,0.098799
19.85,47.99,0.100995
20.35,47.99,0.103166
20.85,47.99,0.105313
21.36,47.99,0.107435
21.86,47.99,0.109533
22.36,47.99,0.111606
22.86,47.99,0.113654
23.37,47.99,0.115677
23.87,47.99,0.117676
24.37,47.99,0.119649
24.87,47.99,0.121598
25.38,47.99,0.123522
25.88,47.99,0.125421
26.38,47.99,0.127295
26.88,47.99,0.129145
27.39,47.99,0.130970
27.89,47.99,0.132770
28.39,47.99,0.134547
28.89,47.99,0.136298
29.40,47.99,0.138026
29.90,47.99,0.139730
30.40,47.99,0.141409
30.90,47.99,0.143066
31.41,47.99,0.144698
31.91,47.99,0.146308
32.41,47.99,0.147894
32.91,47.99,0.149457
33.42,47.99,0.150997
33.92,47.99,0.152515
34.42,47.99,0.154011
34.92,47.99,0.155484
35.43,47.99,0.156936
35.93,47.99,0.158366
36.43,47.99,0.159775
36.93,47.99,0.161162
37.44,47.99,0.162529
37.94,47.99,0.163875
38.44,47.99,0.165201
38.94,47.99,0.166506
39.45,47.99,0.167791
39.95,47.99,0.169057
40.45,47.99,0.170304
40.95,47.99,0.171531
41.46,47.99,0.172739
41.96,47.99,0.173929
42.46,47.99,0.175100
42.96,47.99,0.176254
43.47,47.99,0.177389
43.97,47.99,0.178507
44.47,47.99,0.179607
44.97,47.99,0.180690
45.48,47.99,0.181757
45.98,47.99,0.182807
46.48,47.99,0.183840
46.98,47.99,0.184858
47.49,47.99,0.185859
47.99,47.99,0.186845
48.49,47.99,0.187816
48.99,47.99,0.188771
49.50,47.99,0.189712
50.00,47.99,0.190638
-50.00,48.49,0.000000
-49.50,48.49,0.000000
-48.99,48.49,0.000000
-48.49,48.49,0.000000
-47.99,48.49,0.000000
-47.49,48.49,0.000000
-46.98,48.49,0.000000
-46.48,48.49,0.000000
-45.98,48.49,0.000000
-45.48,48.49,0.000000
-44.97,48.49,0.000000
-44.47,48.49,0.000000
-43.97,48.49,0.000000
-43.47,48.49,0.000000
-42.96,48.49,0.000000
-42.46,48.49,0.000000
-41.96,48.49,0.000000
-41.46,48.49,0.000000
-40.95,48.49,0.000000
-40.45,48.49,0.000000
-39.95,48.49,0.000000
-39.45,48.49,0.000000
-38.94,48.49,0.000000
-38.44,48.49,0.000000
-37.94,48.49,0.000000
-37.44,48.49,0.000000
-36.93,48.49,0.000000
-36.43,48.49,0.000000
-35.93,48.49,0.000000
-35.43,48.49,0.000000
-34.92,48.49,0.000000
-34.42,48.49,0.000000
-33.92,48.49,0.000000
-33.42,48.49,0.000000
-32.91,48.49,0.000000
-32.41,48.49,0.000000
-31.91,48.49,0.000000
-31.41,48.49,0.000000
-30.90,48.49,0.000000
-30.40,48.49,0.000000
-29.90,48.49,0.000000
-29.40,48.49,0.000000
-28.89,48.49,0.000000
-28.39,48.49,0.000000
-27.89,48.49,0.000000
-27.39,48.49,0.000000
-26.88,48.49,0.000000
-26.38,48.49,0.000000
-25.88,48.49,0.000000
-25.38,48.49,0.000000
-24.87,48.49,0.000000
-24.37,48.49,0.000000
-23.87,48.49,0.000000
-23.37,48.49,0.000000
-22.86,48.49,0.000000
-22.36,48.49,0.000000
-21.86,48.49,0.000000
-21.36,48.49,0.000000
-20.85,48.49,0.000000
-20.35,48.49,0.000000
-19.85,48.49,0.000000
-19.35,48.49,0.000000
-18.84,48.49,0.000000
-18.34,48.49,0.000000
-17.84,48.49,0.000000
-17.34,48.49,0.000000
-16.83,48.49,0.000000
-16.33,48.49,0.000000
-15.83,48.49,0.000000
-15.33,48.49,0.000000
-14.82,48.49,0.000000
-14.32,48.49,0.000000
-13.82,48.49,0.000000
-13.32,48.49,0.000000
-12.81,48.49,0.000000
-12.31,48.49,0.000000
-11.81,48.49,0.000000
-11.31,48.49,0.000000
-10.80,48.49,0.000000
-10.30,48.49,0.000000
-9.80,48.49,0.000000
-9.30,48.49,0.000000
-8.79,48.49,0.000000
-8.29,48.49,0.000000
-7.79,48.49,0.000000
-7.29,48.49,0.000000
-6.78,48.49,0.000000
-6.28,48.49,0.000000
-5.78,48.49,0.000000
-5.28,48.49,0.000000
-4.77,48.49,0.000000
-4.27,48.49,0.000000
-3.77,48.49,0.000000
-3.27,48.49,0.000000
-2.76,48.49,0.000000
-2.26,48.49,0.000000
-1.76,48.49,0.000000
-1.26,48.49,0.000000
-0.75,48.49,0.000000
-0.25,48.49,0.000000
0.25,48.49,0.001369
0.75,48.49,0.004107
1.26,48.49,0.006843
1.76,48.49,0.009578
2.26,48.49,0.012309
2.76,48.49,0.015036
3.27,48.49,0.017758
3.77,48.49,0.020475
4.27,48.49,0.023185
4.77,48.49,0.025888
5.28,48.49,0.028583
5.78,48.49,0.031268
6.28,48.49,0.033944
6.78,48.49,0.036610
7.29,48.49,0.039264
7.79,48.49,0.041905
8.29,48.49,0.044534
8.79,48.49,0.047150
9.30,48.49,0.049751
9.80,48.49,0.052338
10.30,48.49,0.054908
10.80,48.49,0.057463
11.31,48.49,0.060001
11.81,48.49,0.062521
12.31,48.49,0.065024
12.81,48.49,0.067508
13.32,48.49,0.069973
13.82,48.49,0.072418
14.32,48.49,0.074844
14.82,48.49,0.077249
15.33,48.49,0.079633
15.83,48.49,0.081996
16.33,48.49,0.084338
16.83,48.49,0.086657
17.34,48.49,0.088955
17.84,48.49,0.091230
18.34,48.49,0.093482
18.84,48.49,0.095711
19.35,48.49,0.097917
19.85,48.49,0.100099
20.35,48.49,0.102258
20.85,48.49,0.104392
21.36,48.49,0.106503
21.86,48.49,0.108590
22.36,48.49,0.110653
22.86,48.49,0.112691
23.37,48.49,0.114705
23.87,48.49,0.116695
24.37,48.49,0.118660
24.87,48.49,0.120601
25.38,48.49,0.122518
25.88,48.49,0.124411
26.38,48.49,0.126279
26.88,48.49,0.128122
27.39,48.49,0.129942
27.89,48.49,0.131738
28.39,48.49,0.133510
28.89,48.49,0.135257
29.40,48.49,0.136982
29.90,48.49,0.138682
30.40,48.49,0.140359
30.90,48.49,0.142013
31.41,48.49,0.143644
31.91,48.49,0.145251
32.41,48.49,0.146836
32.91,48.49,0.148398
33.42,48.49,0.149938
33.92,48.49,0.151456
34.42,48.49,0.152952
34.92,48.49,0.154425
35.43,48.49,0.155878
35.93,48.49,0.157309
36.43,48.49,0.158719
36.93,48.49,0.160108
37.44,48.49,0.161476
37.94,48.49,0.162824
38.44,48.49,0.164151
38.94,48.49,0.165459
39.45,48.49,0.166747
39.95,48.49,0.168016
40.45,48.49,0.169265
40.95,48.49,0.170496
41.46,48.49,0.171707
41.96,48.49,0.172901
42.46,48.49,0.174076
42.96,48.49,0.175233
43.47,48.49,0.176372
43.97,48.49,0.177494
44.47,48.49,0.178599
44.97,48.49,0.179686
45.48,48.49,0.180757
45.98,48.49,0.181812
46.48,48.49,0.182850
46.98,48.49,0.183872
47.49,48.49,0.184879
47.99,48.49,0.185870
48.49,48.49,0.186845
48.99,48.49,0.187806
49.50,48.49,0.188752
50.00,48.49,0.189683
-50.00,48.99,0.000000
-49.50,48.99,0.000000
-48.99,48.99,0.000000
-48.49,48.99,0.000000
-47.99,48.99,0.000000
-47.49,48.99,0.000000
-46.98,48.99,0.000000
-46.48,48.99,0.000000
-45.98,48.99,0.000000
-45.48,48.99,0.000000
-44.97,48.99,0.000000
-44.47,48.99,0.000000
-43.97,48.99,0.000000
-43.47,48.99,0.000000
-42.96,48.99,0.000000
-42.46,48.99,0.000000
-41.96,48.99,0.000000
-41.46,48.99,0.000000
-40.95,48.99,0.000000
-40.45,48.99,0.000000
-39.95,48.99,0.000000
-39.45,48.99,0.000000
-38.94,48.99,0.000000
-38.44,48.99,0.000000
-37.94,48.99,0.000000
-37.44,48.99,0.000000
-36.93,48.99,0.000000
-36.43,48.99,0.000000
-35.93,48.99,0.000000
-35.43,48.99,0.000000
-34.92,48.99,0.000000
-34.42,48.99,0.000000
-33.92,48.99,0.000000
-33.42,48.99,0.000000
-32.91,48.99,0.000000
-32.41,48.99,0.000000
-31.91,48.99,0.000000
-31.41,48.99,0.000000
-30.90,48.99,0.000000
-30.40,48.99,0.000000
-29.90,48.99,0.000000
-29.40,48.99,0.000000
-28.89,48.99,0.000000
-28.39,48.99,0.000000
-27.89,48.99,0.000000
-27.39,48.99,0.000000
-26.88,48.99,0.000000
-26.38,48.99,0.000000
-25.88,48.99,0.000000
-25.38,48.99,0.000000
-24.87,48.99,0.000000
-24.37,48.99,0.000000
-23.87,48.99,0.000000
-23.37,48.99,0.000000
-22.86,48.99,0.000000
-22.36,48.99,0.000000
-21.86,48.99,0.000000
-21.36,48.99,0.000000
-20.85,48.99,0.000000
-20.35,48.99,0.000000
-19.85,48.99,0.000000
-19.35,48.99,0.000000
-18.84,48.99,0.000000
-18.34,48.99,0.000000
-17.84,48.99,0.000000
-17.34,48.99,0.000000
-16.83,48.99,0.000000
-16.33,48.99,0.000000
-15.83,48.99,0.000000
-15.33,48.99,0.000000
-14.82,48.99,0.000000
-14.32,48.99,0.000000
-13.82,48.99,0.000000
-13.32,48.99,0.000000
-12.81,48.99,0.000000
-12.31,48.99,0.000000
-11.81,48.99,0.000000
-11.31,48.99,0.000000
-10.80,48.99,0.000000
-10.30,48.99,0.000000
-9.80,48.99,0.000000
-9.30,48.99,0.000000
-8.79,48.99,0.000000
-8.29,48.99,0.000000
-7.79,48.99,0.000000
-7.29,48.99,0.000000
-6.78,48.99,0.000000
-6.28,48.99,0.000000
-5.78,48.99,0.000000
-5.28,48.99,0.000000
-4.77,48.99,0.000000
-4.27,48.99,0.000000
-3.77,48.99,0.000000
-3.27,48.99,0.000000
-2.76,48.99,0.000000
-2.26,48.99,0.000000
-1.76,48.99,0.000000
-1.26,48.99,0.000000
-0.75,48.99,0.000000
-0.25,48.99,0.000000
0.25,48.99,0.001355
0.75,48.99,0.004065
1.26,48.99,0.006773
1.76,48.99,0.009479
2.26,48.99,0.012183
2.76,48.99,0.014882
3.27,48.99,0.017577
3.77,48.99,0.020266
4.27,48.99,0.022949
4.77,48.99,0.025625
5.28,48.99,0.028293
5.78,48.99,0.030952
6.28,48.99,0.033602
6.78,48.99,0.036241
7.29,48.99,0.038870
7.79,48.99,0.041486
8.29,48.99,0.044090
8.79,48.99,0.046682
9.30,48.99,0.049259
9.80,48.99,0.051822
10.30,48.99,0.054369
10.80,48.99,0.056901
11.31,48.99,0.059417
11.81,48.99,0.061915
12.31,48.99,0.064397
12.81,48.99,0.066860
13.32,48.99,0.069305
13.82,48.99,0.071730
14.32,48.99,0.074137
14.82,48.99,0.076523
15.33,48.99,0.078890
15.83,48.99,0.081235
16.33,48.99,0.083560
16.83,48.99,0.085863
17.34,48.99,0.088145
17.84,48.99,0.090404
18.34,48.99,0.092641
18.84,48.99,0.094856
19.35,48.99,0.097048
19.85,48.99,0.099218
20.35,48.99,0.101364
20.85,48.99,0.103487
21.36,48.99,0.105586
21.86,48.99,0.107662
22.36,48.99,0.109714
22.86,48.99,0.111743
23.37,48.99,0.113748
23.87,48.99,0.115729
24.37,48.99,0.117686
24.87,48.99,0.119619
25.38,48.99,0.121528
25.88,48.99,0.123414
26.38,48.99,0.125276
26.88,48.99,0.127114
27.39,48.99,0.128928
27.89,48.99,0.130719
28.39,48.99,0.132486
28.89,48.99,0.134230
29.40,48.99,0.135950
29.90,48.99,0.137647
30.40,48.99,0.139321
30.90,48.99,0.140972
31.41,48.99,0.142601
31.91,48.99,0.144207
32.41,48.99,0.145790
32.91,48.99,0.147351
33.42,48.99,0.148890
33.92,48.99,0.150408
34.42,48.99,0.151903
34.92,48.99,0.153377
35.43,48.99,0.154830
35.93,48.99,0.156261
36.43,48.99,0.157672
36.93,48.99,0.159062
37.44,48.99,0.160432
37.94,48.99,0.161782
38.44,48.99,0.163111
38.94,48.99,0.164421
39.45,48.99,0.165712
39.95,48.99,0.166983
40.45,48.99,0.168235
40.95,48.99,0.169468
41.46,48.99,0.170683
41.96,48.99,0.171880
42.46,48.99,0.173058
42.96,48.99,0.174219
43.47,48.99,0.175362
43.97,48.99,0.176488
44.47,48.99,0.177597
44.97,48.99,0.178688
45.48,48.99,0.179764
45.98,48.99,0.180823
46.48,48.99,0.181865
46.98,48.99,0.182892
47.49,48.99,0.183903
47.99,48.99,0.184899
48.49,48.99,0.185880
48.99,48.99,0.186845
49.50,48.99,0.187796
50.00,48.99,0.188732
-50.00,49.50,0.000000
-49.50,49.50,0.000000
-48.99,49.50,0.000000
-48.49,49.50,0.000000
-47.99,49.50,0.000000
-47.49,49.50,0.000000
-46.98,49.50,0.000000
-46.48,49.50,0.000000
-45.98,49.50,0.000000
-45.48,49.50,0.000000
-44.97,49.50,0.000000
-44.47,49.50,0.000000
-43.97,49.50,0.000000
-43.47,49.50,0.000000
-42.96,49.50,0.000000
-42.46,49.50,0.000000
-41.96,49.50,0.000000
-41.46,49.50,0.000000
-40.95,49.50,0.000000
-40.45,49.50,0.000000
-39.95,49.50,0.000000
-39.45,49.50,0.000000
-38.94,49.50,0.000000
-38.44,49.50,0.000000
-37.94,49.50,0.000000
-37.44,49.50,0.000000
-36.93,49.50,0.000000
-36.43,49.50,0.000000
-35.93,49.50,0.000000
-35.43,49.50,0.000000
-34.92,49.50,0.000000
-34.42,49.50,0.000000
-33.92,49.50,0.000000
-33.42,49.50,0.000000
-32.91,49.50,0.000000
-32.41,49.50,0.000000
-31.91,49.50,0.000000
-31.41,49.50,0.000000
-30.90,49.50,0.000000
-30.40,49.50,0.000000
-29.90,49.50,0.000000
-29.40,49.50,0.000000
-28.89,49.50,0.000000
-28.39,49.50,0.000000
-27.89,49.50,0.000000
-27.39,49.50,0.000000
-26.88,49.50,0.000000
-26.38,49.50,0.000000
-25.88,49.50,0.000000
-25.38,49.50,0.000000
-24.87,49.50,0.000000
-24.37,49.50,0.000000
-23.87,49.50,0.000000
-23.37,49.50,0.000000
-22.86,49.50,0.000000
-22.36,49.50,0.000000
-21.86,49.50,0.000000
-21.36,49.50,0.000000
-20.85,49.50,0.000000
-20.35,49.50,0.000000
-19.85,49.50,0.000000
-19.35,49.50,0.000000
-18.84,49.50,0.000000
-18.34,49.50,0.000000
-17.84,49.50,0.000000
-17.34,49.50,0.000000
-16.83,49.50,0.000000
-16.33,49.50,0.000000
-15.83,49.50,0.000000
-15.33,49.50,0.000000
-14.82,49.50,0.000000
-14.32,49.50,0.000000
-13.82,49.50,0.000000
-13.32,49.50,0.000000
-12.81,49.50,0.000000
-12.31,49.50,0.000000
-11.81,49.50,0.000000
-11.31,49.50,0.000000
-10.80,49.50,0.000000
-10.30,49.50,0.000000
-9.80,49.50,0.000000
-9.30,49.50,0.000000
-8.79,49.50,0.000000
-8.29,49.50,0.000000
-7.79,49.50,0.000000
-7.29,49.50,0.000000
-6.78,49.50,0.000000
-6.28,49.50,0.000000
-5.78,49.50,0.000000
-5.28,49.50,0.000000
-4.77,49.50,0.000000
-4.27,49.50,0.000000
-3.77,49.50,0.000000
-3.27,49.50,0.000000
-2.76,49.50,0.000000
-2.26,49.50,0.000000
-1.76,49.50,0.000000
-1.26,49.50,0.000000
-0.75,49.50,0.000000
-0.25,49.50,0.000000
0.25,49.50,0.001341
0.75,49.50,0.004023
1.26,49.50,0.006704
1.76,49.50,0.009383
2.26,49.50,0.012059
2.76,49.50,0.014732
3.27,49.50,0.017399
3.77,49.50,0.020062
4.27,49.50,0.022718
4.77,49.50,0.025367
5.28,49.50,0.028009
5.78,49.50,0.030642
6.28,49.50,0.033266
6.78,49.50,0.035880
7.29,49.50,0.038483
7.79,49.50,0.041075
8.29,49.50,0.043655
8.79,49.50,0.046222
9.30,49.50,0.048776
9.80,49.50,0.051315
10.30,49.50,0.053840
10.80,49.50,0.056350
11.31,49.50,0.058844
11.81,49.50,0.061321
12.31,49.50,0.063781
12.81,49.50,0.066224
13.32,49.50,0.068649
13.82,49.50,0.071055
14.32,49.50,0.073443
14.82,49.50,0.075811
15.33,49.50,0.078159
15.83,49.50,0.080487
16.33,49.50,0.082795
16.83,49.50,0.085082
17.34,49.50,0.087348
17.84,49.50,0.089592
18.34,49.50,0.091815
18.84,49.50,0.094016
19.35,49.50,0.096194
19.85,49.50,0.098351
20.35,49.50,0.100484
20.85,49.50,0.102595
21.36,49.50,0.104683
21.86,49.50,0.106748
22.36,49.50,0.108790
22.86,49.50,0.110809
23.37,49.50,0.112804
23.87,49.50,0.114776
24.37,49.50,0.116725
24.87,49.50,0.118650
25.38,49.50,0.120552
25.88,49.50,0.122431
26.38,49.50,0.124286
26.88,49.50,0.126118
27.39,49.50,0.127927
27.89,49.50,0.129713
28.39,49.50,0.131475
28.89,49.50,0.133214
29.40,49.50,0.134931
29.90,49.50,0.136625
30.40,49.50,0.138296
30.90,49.50,0.139944
31.41,49.50,0.141570
31.91,49.50,0.143174
32.41,49.50,0.144756
32.91,49.50,0.146316
33.42,49.50,0.147854
33.92,49.50,0.149370
34.42,49.50,0.150865
34.92,49.50,0.152339
35.43,49.50,0.153792
35.93,49.50,0.155224
36.43,49.50,0.156636
36.93,49.50,0.158027
37.44,49.50,0.159398
37.94,49.50,0.160749
38.44,49.50,0.162080
38.94,49.50,0.163392
39.45,49.50,0.164685
39.95,49.50,0.165958
40.45,49.50,0.167213
40.95,49.50,0.168449
41.46,49.50,0.169667
41.96,49.50,0.170867
42.46,49.50,0.172048
42.96,49.50,0.173212
43.47,49.50,0.174359
43.97,49.50,0.175489
44.47,49.50,0.176601
44.97,49.50,0.177697
45.48,49.50,0.178776
45.98,49.50,0.179839
46.48,49.50,0.180887
46.98,49.50,0.181918
47.49,49.50,0.182934
47.99,49.50,0.183934
48.49,49.50,0.184919
48.99,49.50,0.185890
49.50,49.50,0.186845
50.00,49.50,0.187787
-50.00,50.00,0.000000
-49.50,50.00,0.000000
-48.99,50.00,0.000000
-48.49,50.00,0.000000
-47.99,50.00,0.000000
-47.49,50.00,0.000000
-46.98,50.00,0.000000
-46.48,50.00,0.000000
-45.98,50.00,0.000000
-45.48,50.00,0.000000
-44.97,50.00,0.000000
-44.47,50.00,0.000000
-43.97,50.00,0.000000
-43.47,50.00,0.000000
-42.96,50.00,0.000000
-42.46,50.00,0.000000
-41.96,50.00,0.000000
-41.46,50.00,0.000000
-40.95,50.00,0.000000
-40.45,50.00,0.000000
-39.95,50.00,0.000000
-39.45,50.00,0.000000
-38.94,50.00,0.000000
-38.44,50.00,0.000000
-37.94,50.00,0.000000
-37.44,50.00,0.000000
-36.93,50.00,0.000000
-36.43,50.00,0.000000
-35.93,50.00,0.000000
-35.43,50.00,0.000000
-34.92,50.00,0.000000
-34.42,50.00,0.000000
-33.92,50.00,0.000000
-33.42,50.00,0.000000
-32.91,50.00,0.000000
-32.41,50.00,0.000000
-31.91,50.00,0.000000
-31.41,50.00,0.000000
-30.90,50.00,0.000000
-30.40,50.00,0.000000
-29.90,50.00,0.000000
-29.40,50.00,0.000000
-28.89,50.00,0.000000
-28.39,50.00,0.000000
-27.89,50.00,0.000000
-27.39,50.00,0.000000
-26.88,50.00,0.000000
-26.38,50.00,0.000000
-25.88,50.00,0.000000
-25.38,50.00,0.000000
-24.87,50.00,0.000000
-24.37,50.00,0.000000
-23.87,50.00,0.000000
-23.37,50.00,0.000000
-22.86,50.00,0.000000
-22.36,50.00,0.000000
-21.86,50.00,0.000000
-21.36,50.00,0.000000
-20.85,50.00,0.000000
-20.35,50.00,0.000000
-19.85,50.00,0.000000
-19.35,50.00,0.000000
-18.84,50.00,0.000000
-18.34,50.00,0.000000
-17.84,50.00,0.000000
-17.34,50.00,0.000000
-16.83,50.00,0.000000
-16.33,50.00,0.000000
-15.83,50.00,0.000000
-15.33,50.00,0.000000
-14.82,50.00,0.000000
-14.32,50.00,0.000000
-13.82,50.00,0.000000
-13.32,50.00,0.000000
-12.81,50.00,0.000000
-12.31,50.00,0.000000
-11.81,50.00,0.000000
-11.31,50.00,0.000000
-10.80,50.00,0.000000
-10.30,50.00,0.000000
-9.80,50.00,0.000000
-9.30,50.00,0.000000
-8.79,50.00,0.000000
-8.29,50.00,0.000000
-7.79,50.00,0.000000
-7.29,50.00,0.000000
-6.78,50.00,0.000000
-6.28,50.00,0.000000
-5.78,50.00,0.000000
-5.28,50.00,0.000000
-4.77,50.00,0.000000
-4.27,50.00,0.000000
-3.77,50.00,0.000000
-3.27,50.00,0.000000
-2.76,50.00,0.000000
-2.26,50.00,0.000000
-1.76,50.00,0.000000
-1.26,50.00,0.000000
-0.75,50.00,0.000000
-0.25,50.00,0.000000
0.25,50.00,0.001328
0.75,50.00,0.003983
1.26,50.00,0.006637
1.76,50.00,0.009289
2.26,50.00,0.011938
2.76,50.00,0.014584
3.27,50.00,0.017225
3.77,50.00,0.019861
4.27,50.00,0.022491
4.77,50.00,0.025115
5.28,50.00,0.027731
5.78,50.00,0.030338
6.28,50.00,0.032937
6.78,50.00,0.035526
7.29,50.00,0.038105
7.79,50.00,0.040672
8.29,50.00,0.043228
8.79,50.00,0.045772
9.30,50.00,0.048302
9.80,50.00,0.050819
10.30,50.00,0.053321
10.80,50.00,0.055809
11.31,50.00,0.058281
11.81,50.00,0.060737
12.31,50.00,0.063177
12.81,50.00,0.065600
13.32,50.00,0.068005
13.82,50.00,0.070392
14.32,50.00,0.072761
14.82,50.00,0.075111
15.33,50.00,0.077441
15.83,50.00,0.079752
16.33,50.00,0.082044
16.83,50.00,0.084314
17.34,50.00,0.086565
17.84,50.00,0.088794
18.34,50.00,0.091002
18.84,50.00,0.093189
19.35,50.00,0.095354
19.85,50.00,0.097497
20.35,50.00,0.099618
20.85,50.00,0.101717
21.36,50.00,0.103794
21.86,50.00,0.105848
22.36,50.00,0.107880
22.86,50.00,0.109889
23.37,50.00,0.111875
23.87,50.00,0.113838
24.37,50.00,0.115778
24.87,50.00,0.117696
25.38,50.00,0.119590
25.88,50.00,0.121462
26.38,50.00,0.123310
26.88,50.00,0.125136
27.39,50.00,0.126939
27.89,50.00,0.128720
28.39,50.00,0.130477
28.89,50.00,0.132212
29.40,50.00,0.133925
29.90,50.00,0.135615
30.40,50.00,0.137282
30.90,50.00,0.138928
31.41,50.00,0.140551
31.91,50.00,0.142153
32.41,50.00,0.143733
32.91,50.00,0.145291
33.42,50.00,0.146828
33.92,50.00,0.148344
34.42,50.00,0.149838
34.92,50.00,0.151312
35.43,50.00,0.152765
35.93,50.00,0.154197
36.43,50.00,0.155609
36.93,50.00,0.157001
37.44,50.00,0.158373
37.94,50.00,0.159726
38.44,50.00,0.161059
38.94,50.00,0.162372
39.45,50.00,0.163667
39.95,50.00,0.164942
40.45,50.00,0.166199
40.95,50.00,0.167438
41.46,50.00,0.168659
41.96,50.00,0.169861
42.46,50.00,0.171046
42.96,50.00,0.172213
43.47,50.00,0.173363
43.97,50.00,0.174496
44.47,50.00,0.175612
44.97,50.00,0.176712
45.48,50.00,0.177795
45.98,50.00,0.178862
46.48,50.00,0.179914
46.98,50.00,0.180949
47.49,50.00,0.181969
47.99,50.00,0.182974
48.49,50.00,0.183964
48.99,50.00,0.184939
49.50,50.00,0.185899
50.00,50.00,0.186845
